Timestamp,Server_ID,CPU_Utilization,Memory_Usage_GB,Network_Traffic_MB,Cost_Per_Hour,System_Crash_Incident
2026-01-01 00:00:00,Cluster-Gamma,53.274606017668276,39.1565557943961,547.4493510371972,0.15,0
2026-01-01 01:00:00,Cluster-Delta,49.56391461956498,33.8498870233489,834.5646589383572,1.2,0
2026-01-01 02:00:00,Cluster-Alpha,7.384712119998519,19.867440609490828,133.8380207380395,0.6,0
2026-01-01 03:00:00,Cluster-Gamma,36.736047969232544,2.400790182962054,138.48513606538518,0.3,0
2026-01-01 04:00:00,Cluster-Gamma,40.358192547084705,32.76683175785047,561.2501766755245,0.15,0
2026-01-01 05:00:00,Cluster-Delta,42.09051862341175,19.70881129085907,946.9148668247872,0.15,0
2026-01-01 06:00:00,Cluster-Alpha,58.9560303381419,47.54571464405318,420.8477807870467,0.6,0
2026-01-01 07:00:00,Cluster-Alpha,54.625036845599695,3.4846684467699767,333.672679252148,0.6,0
2026-01-01 08:00:00,Cluster-Gamma,61.53517362979035,38.25932430095904,610.6224299659069,1.2,0
2026-01-01 09:00:00,Cluster-Beta,76.13414332341793,60.37140272537606,931.1441145395808,0.15,0
2026-01-01 10:00:00,Cluster-Gamma,80.60767370059669,12.813374560912969,838.5585545161774,1.2,0
2026-01-01 11:00:00,Cluster-Gamma,71.78544608906398,31.242268426536913,995.5287746258876,0.15,0
2026-01-01 12:00:00,Cluster-Gamma,93.86370372380892,7.668163492662567,32.34289737035332,0.15,0
2026-01-01 13:00:00,Cluster-Gamma,6.695630188901632,40.79227856020386,121.72956326563461,0.3,0
2026-01-01 14:00:00,Cluster-Delta,23.207352668569786,36.132964196965986,613.3730857329558,0.6,0
2026-01-01 15:00:00,Cluster-Alpha,5.703347372967217,27.256662501195606,822.3706749405112,0.15,0
2026-01-01 16:00:00,Cluster-Delta,65.21514841637807,34.32537533137196,292.3918988836989,1.2,0
2026-01-01 17:00:00,Cluster-Delta,88.51684105234878,57.58762882507863,246.81897715387657,0.6,1
2026-01-01 18:00:00,Cluster-Delta,27.64385358159583,14.170246743286157,789.1060413873889,1.2,0
2026-01-01 19:00:00,Cluster-Gamma,91.21421266605651,3.3989997257315285,65.81803531469927,0.6,0
2026-01-01 20:00:00,Cluster-Beta,10.604867296929159,55.423222851344256,375.68882110675924,0.6,0
2026-01-01 21:00:00,Cluster-Alpha,91.90255049291282,37.7812591080502,510.75113036640647,0.15,0
2026-01-01 22:00:00,Cluster-Beta,37.700909913286,57.22082423863423,564.7451876068202,0.3,0
2026-01-01 23:00:00,Cluster-Delta,14.432137045777136,39.0106038516167,731.3290052248491,0.15,0
2026-01-02 00:00:00,Cluster-Delta,50.186073604328286,52.229987577501554,361.29726619635164,0.6,0
2026-01-02 01:00:00,Cluster-Beta,28.88022079800724,28.639748528019172,616.5575012278612,0.15,0
2026-01-02 02:00:00,Cluster-Beta,31.493179882458822,48.49131573987266,589.5216685630468,0.15,0
2026-01-02 03:00:00,Cluster-Beta,33.57796673814465,58.608570947171074,552.1399396472096,0.6,0
2026-01-02 04:00:00,Cluster-Delta,79.6814084984377,37.471623750776786,644.0784602107901,0.6,0
2026-01-02 05:00:00,Cluster-Delta,55.14199873079867,13.208679334867531,266.8546793573955,0.15,0
2026-01-02 06:00:00,Cluster-Alpha,33.95161602150834,18.665452131872286,93.80226604878268,0.15,0
2026-01-02 07:00:00,Cluster-Alpha,61.76104184791541,14.315963767639158,128.078955319346,0.15,0
2026-01-02 08:00:00,Cluster-Delta,71.60201270275701,17.30513571093544,232.33655882736207,1.2,0
2026-01-02 09:00:00,Cluster-Beta,30.35403206821864,20.997757859764256,505.19595616755737,0.15,0
2026-01-02 10:00:00,Cluster-Beta,43.46006644185769,36.418294778697685,842.0383230405599,1.2,0
2026-01-02 11:00:00,Cluster-Alpha,16.33540668033612,38.45548102675763,704.2804086675003,0.3,0
2026-01-02 12:00:00,Cluster-Delta,21.84688950672527,28.44298432899539,791.1501981600267,1.2,0
2026-01-02 13:00:00,Cluster-Alpha,68.34396041874339,40.1560883488918,357.46586768683045,0.15,0
2026-01-02 14:00:00,Cluster-Alpha,21.873766335693304,7.057645387904687,410.60720423206465,0.3,0
2026-01-02 15:00:00,Cluster-Gamma,53.84019468103659,7.442870697605918,399.7450671307067,1.2,0
2026-01-02 16:00:00,Cluster-Gamma,70.94130234018624,12.653426542174824,199.9544525604565,1.2,0
2026-01-02 17:00:00,Cluster-Gamma,14.939553847811176,34.120804878501374,70.6044915621363,0.6,0
2026-01-02 18:00:00,Cluster-Beta,57.76003642548803,15.267670079295442,595.0069318989546,0.3,0
2026-01-02 19:00:00,Cluster-Delta,28.86033888422683,19.563633016539793,989.3245165863802,0.6,0
2026-01-02 20:00:00,Cluster-Delta,94.55219939709492,26.819395842725633,175.1614079007602,0.3,0
2026-01-02 21:00:00,Cluster-Delta,49.969745144953,52.33569968864355,56.21797170028102,1.2,0
2026-01-02 22:00:00,Cluster-Delta,79.9573071290897,2.8594524265973273,781.7363650056936,0.6,0
2026-01-02 23:00:00,Cluster-Gamma,56.17106842053234,42.261486854670586,260.06014661787697,0.15,0
2026-01-03 00:00:00,Cluster-Beta,9.037365555498182,43.47034492452249,831.347367299399,1.2,0
2026-01-03 01:00:00,Cluster-Beta,63.88307793024408,51.516658382111466,706.8973003641703,0.3,0
2026-01-03 02:00:00,Cluster-Gamma,93.4805108252191,59.830682221739416,946.2168016802965,0.3,1
2026-01-03 03:00:00,Cluster-Beta,60.9498992736088,3.2485466348559693,414.83796339910526,0.6,0
2026-01-03 04:00:00,Cluster-Gamma,81.1845639266915,11.534589741819403,665.3501410561278,0.6,0
2026-01-03 05:00:00,Cluster-Delta,87.23120109140193,56.942620231471565,470.206233005138,0.3,1
2026-01-03 06:00:00,Cluster-Gamma,26.211418791250722,30.428150855594954,634.2828103354581,1.2,0
2026-01-03 07:00:00,Cluster-Delta,24.720170111465077,37.00461961387474,455.10291694765993,0.6,0
2026-01-03 08:00:00,Cluster-Delta,61.82123196314223,43.10768663083514,196.74592395983407,0.15,0
2026-01-03 09:00:00,Cluster-Alpha,43.225647692023536,44.102129478729516,512.818441843347,0.3,0
2026-01-03 10:00:00,Cluster-Gamma,83.10710116660499,59.76790500562351,533.298359423068,0.15,0
2026-01-03 11:00:00,Cluster-Alpha,88.70215047601503,63.81086387952352,812.4978097775595,0.3,1
2026-01-03 12:00:00,Cluster-Gamma,37.86818827515278,46.64976257771829,738.1654987356454,0.15,0
2026-01-03 13:00:00,Cluster-Gamma,27.028961984626832,19.80771497071935,667.1537077020297,1.2,0
2026-01-03 14:00:00,Cluster-Alpha,77.58887291767915,56.5446489422493,122.25322459704681,0.3,0
2026-01-03 15:00:00,Cluster-Alpha,30.556961305976657,5.05169670152722,723.4101277570778,1.2,0
2026-01-03 16:00:00,Cluster-Gamma,81.50313162177208,16.327012878218767,505.3021047909696,0.6,0
2026-01-03 17:00:00,Cluster-Beta,44.407657589334946,57.637914482750325,895.1585407450976,0.3,0
2026-01-03 18:00:00,Cluster-Delta,67.08214063410675,17.883873895240008,920.6722247892374,1.2,0
2026-01-03 19:00:00,Cluster-Alpha,13.88478418662414,15.680365696548405,64.60502469576761,0.15,0
2026-01-03 20:00:00,Cluster-Delta,63.01891719492129,10.56376817469533,822.435144750934,1.2,0
2026-01-03 21:00:00,Cluster-Beta,47.01439412256231,55.26492897410882,47.32041651844391,0.3,0
2026-01-03 22:00:00,Cluster-Beta,59.55458707531909,33.00361206984738,373.49792943807245,1.2,0
2026-01-03 23:00:00,Cluster-Beta,20.6253213202723,43.8433785893576,546.8769758648683,0.15,0
2026-01-04 00:00:00,Cluster-Alpha,73.52925827980894,16.822115812651838,156.61979064085617,0.15,0
2026-01-04 01:00:00,Cluster-Beta,85.24012821152026,48.99850610269542,748.8506744433861,0.15,0
2026-01-04 02:00:00,Cluster-Alpha,25.156801408442135,49.12034378765011,18.271157130417187,0.6,0
2026-01-04 03:00:00,Cluster-Beta,13.90145366337504,21.381077544314607,176.91305794969648,0.3,0
2026-01-04 04:00:00,Cluster-Delta,7.198388502309285,27.46232324663754,584.988861554941,0.15,0
2026-01-04 05:00:00,Cluster-Delta,64.70334954122373,15.000797200672453,717.2436864169194,0.6,0
2026-01-04 06:00:00,Cluster-Gamma,61.45974535625661,62.546783446020065,917.4766716669769,0.15,0
2026-01-04 07:00:00,Cluster-Delta,55.84285938240851,42.02735977762152,708.4416854152776,1.2,0
2026-01-04 08:00:00,Cluster-Gamma,26.571079938785715,59.94172060436196,675.0614775523173,0.3,0
2026-01-04 09:00:00,Cluster-Delta,41.354257619212866,20.809903705006256,400.39773488715764,1.2,0
2026-01-04 10:00:00,Cluster-Alpha,60.286299172314095,50.477236605807164,11.2715812715334,0.6,0
2026-01-04 11:00:00,Cluster-Delta,51.19931787390275,49.48323592085401,128.95766614826573,1.2,0
2026-01-04 12:00:00,Cluster-Gamma,96.86405337998453,44.88265041572558,539.2089993084787,1.2,0
2026-01-04 13:00:00,Cluster-Gamma,17.688896987776182,61.86961646654163,678.3785869859755,0.15,0
2026-01-04 14:00:00,Cluster-Beta,69.64844352642622,26.400430838591564,423.27380105749785,1.2,0
2026-01-04 15:00:00,Cluster-Alpha,42.60164543369917,10.104474062564952,733.3722214131063,0.15,0
2026-01-04 16:00:00,Cluster-Delta,44.822564188082175,43.64594927313177,526.643672378857,0.15,0
2026-01-04 17:00:00,Cluster-Beta,71.73659220621039,47.21720762958678,83.43443363836909,0.3,0
2026-01-04 18:00:00,Cluster-Delta,69.39656207316638,37.65375555444651,200.09608845826935,0.6,0
2026-01-04 19:00:00,Cluster-Delta,97.18680741430352,14.822709374270568,841.5982410115034,0.6,0
2026-01-04 20:00:00,Cluster-Beta,16.940668919233644,33.27626838350003,727.663619158195,0.6,0
2026-01-04 21:00:00,Cluster-Beta,14.682197392727469,21.355763667286023,895.8143671423701,0.15,0
2026-01-04 22:00:00,Cluster-Beta,72.36350999297292,28.50292474633472,126.38167662972721,0.6,0
2026-01-04 23:00:00,Cluster-Beta,58.789983281596044,42.003551702369165,990.3203092689232,0.15,0
2026-01-05 00:00:00,Cluster-Beta,30.496941990061945,48.20331404683174,217.31264681043427,0.3,0
2026-01-05 01:00:00,Cluster-Delta,12.386001315975754,16.397930835883272,21.66207752377559,0.6,0
2026-01-05 02:00:00,Cluster-Beta,12.96621721246804,27.130172360111107,997.4487096630186,0.15,0
2026-01-05 03:00:00,Cluster-Alpha,88.159751343763,18.68801740148101,288.263146590662,0.6,0
2026-01-05 04:00:00,Cluster-Gamma,22.84366119884309,14.315160059435886,671.3392579874343,0.6,0
2026-01-05 05:00:00,Cluster-Beta,35.073555276743434,50.57000763974198,184.91549103454216,0.3,0
2026-01-05 06:00:00,Cluster-Beta,26.079045407109884,58.37366705509353,584.4262468771503,1.2,0
2026-01-05 07:00:00,Cluster-Delta,38.01465644237017,24.954395512443757,904.9946365900137,0.6,0
2026-01-05 08:00:00,Cluster-Beta,11.456417375386684,48.579293311173544,326.9793557541542,0.3,0
2026-01-05 09:00:00,Cluster-Beta,53.272560554469145,57.613707940593486,673.5514362839156,0.6,0
2026-01-05 10:00:00,Cluster-Beta,11.287968414075987,54.45970105287436,196.02455291043233,0.6,0
2026-01-05 11:00:00,Cluster-Delta,79.43315522747963,13.334430089432006,628.547444731538,0.6,0
2026-01-05 12:00:00,Cluster-Beta,26.735223617670272,61.2900966538284,343.08584829933505,0.6,0
2026-01-05 13:00:00,Cluster-Gamma,55.221108058219485,25.35393930662667,219.09617600207216,1.2,0
2026-01-05 14:00:00,Cluster-Delta,86.84735514321562,23.032920992777854,320.05023019659876,1.2,0
2026-01-05 15:00:00,Cluster-Gamma,65.53159532138906,5.870742291222381,187.05265782272136,0.6,0
2026-01-05 16:00:00,Cluster-Delta,54.56507414927418,32.14276655450274,902.896946759504,0.6,0
2026-01-05 17:00:00,Cluster-Beta,35.16303903972993,8.75884416973758,403.21501745395756,0.3,0
2026-01-05 18:00:00,Cluster-Gamma,35.96917791441241,17.40946889750041,252.82651192462367,0.3,0
2026-01-05 19:00:00,Cluster-Delta,67.26228683343169,21.650442549571444,453.92376260577356,0.15,0
2026-01-05 20:00:00,Cluster-Alpha,97.45496059356859,52.14723205648441,327.3308051384306,1.2,1
2026-01-05 21:00:00,Cluster-Beta,66.55104465599221,56.28029632454558,746.9750612751927,0.6,0
2026-01-05 22:00:00,Cluster-Delta,56.873857815412315,20.75291168261112,971.5077127666394,1.2,0
2026-01-05 23:00:00,Cluster-Alpha,72.95049745224989,55.239283517163585,443.65332013067035,0.3,0
2026-01-06 00:00:00,Cluster-Delta,48.264121942385785,55.148318116927044,862.423065972518,1.2,0
2026-01-06 01:00:00,Cluster-Alpha,10.593237861873025,49.40835892386216,570.2044428240233,1.2,0
2026-01-06 02:00:00,Cluster-Beta,57.29360387664561,11.095097068941255,165.66330844329116,0.6,0
2026-01-06 03:00:00,Cluster-Gamma,94.05915145900036,44.8000165078452,693.7165146605281,0.6,0
2026-01-06 04:00:00,Cluster-Alpha,21.303173639262347,60.59149200399526,518.3001521545619,0.3,0
2026-01-06 05:00:00,Cluster-Delta,69.17045484632192,44.317509683563735,654.1004580195824,0.6,0
2026-01-06 06:00:00,Cluster-Beta,23.686833045292254,22.560244644685707,890.7905384459483,0.3,0
2026-01-06 07:00:00,Cluster-Alpha,54.83197465599656,33.035917680711535,446.0302249494856,0.3,0
2026-01-06 08:00:00,Cluster-Delta,13.990909817144924,42.034952687765326,902.165846985182,0.15,0
2026-01-06 09:00:00,Cluster-Delta,46.884497072011214,33.655365341167226,753.1623241388384,0.15,0
2026-01-06 10:00:00,Cluster-Delta,75.32318958725789,9.437082387320128,493.71887661920493,0.15,0
2026-01-06 11:00:00,Cluster-Alpha,37.32415175422533,21.34797076842528,607.1899143013841,1.2,0
2026-01-06 12:00:00,Cluster-Alpha,66.83679037731127,51.74855389432521,332.3253211938213,0.15,0
2026-01-06 13:00:00,Cluster-Alpha,78.97684635344481,55.40791885792208,983.7613267413865,0.6,0
2026-01-06 14:00:00,Cluster-Gamma,91.2275372115891,10.512602028365354,670.6776514198921,0.6,0
2026-01-06 15:00:00,Cluster-Alpha,26.82171361255718,61.04797864872093,53.408383971663596,0.15,0
2026-01-06 16:00:00,Cluster-Alpha,42.13638017026566,22.38700230661378,333.35568669052867,1.2,0
2026-01-06 17:00:00,Cluster-Alpha,19.17468923972882,43.06345180130464,627.0812894214669,0.3,0
2026-01-06 18:00:00,Cluster-Gamma,97.3009657007289,48.613159049314234,65.7699450212474,1.2,0
2026-01-06 19:00:00,Cluster-Alpha,91.21109001695946,52.34066654754877,33.645349405951336,1.2,1
2026-01-06 20:00:00,Cluster-Delta,55.21601311609204,60.636481538007665,455.5239971325245,0.3,0
2026-01-06 21:00:00,Cluster-Alpha,83.30909637700718,21.401011977787,339.3632778957433,0.3,0
2026-01-06 22:00:00,Cluster-Delta,53.449091886299925,55.22740018219638,443.9156219528342,0.3,0
2026-01-06 23:00:00,Cluster-Delta,62.99346898425665,10.164588013044837,270.0663767812051,0.6,0
2026-01-07 00:00:00,Cluster-Delta,13.288572186789546,45.71253619392275,173.0705694735511,0.3,0
2026-01-07 01:00:00,Cluster-Gamma,75.24014910620313,48.00261922986712,692.2519234105343,0.3,0
2026-01-07 02:00:00,Cluster-Gamma,16.87735397807684,44.01884095448187,519.4254051051225,1.2,0
2026-01-07 03:00:00,Cluster-Gamma,81.82428961348513,17.643513640379485,208.15266913687316,1.2,0
2026-01-07 04:00:00,Cluster-Alpha,77.72861215334589,56.12867511494261,326.3935319973983,0.15,0
2026-01-07 05:00:00,Cluster-Delta,70.9132568900968,12.469224728964491,595.8898285866926,1.2,0
2026-01-07 06:00:00,Cluster-Gamma,8.362915388802877,5.325357074291512,81.50705478975307,0.3,0
2026-01-07 07:00:00,Cluster-Gamma,33.19093710291556,46.482829417938554,155.97847917351774,0.6,0
2026-01-07 08:00:00,Cluster-Alpha,29.469469001708386,31.47949434442949,82.51314806631622,1.2,0
2026-01-07 09:00:00,Cluster-Gamma,38.49268589485128,54.64407723743792,814.1941593869777,1.2,0
2026-01-07 10:00:00,Cluster-Alpha,13.150775449036985,25.770622745612055,754.8851408798891,0.3,0
2026-01-07 11:00:00,Cluster-Beta,92.13707754188884,12.433272487478195,755.7798025604645,1.2,0
2026-01-07 12:00:00,Cluster-Gamma,56.503608386250995,53.85941593313192,719.1620900412678,1.2,0
2026-01-07 13:00:00,Cluster-Beta,33.41376089119619,36.03239716168444,672.6915694331705,0.3,0
2026-01-07 14:00:00,Cluster-Alpha,41.91928108790836,13.730139128202003,482.22199622439325,1.2,0
2026-01-07 15:00:00,Cluster-Delta,46.58983626694972,46.66380791235964,645.8553818720438,0.6,0
2026-01-07 16:00:00,Cluster-Gamma,60.85527300253741,33.68904558634903,47.977939240094905,0.15,0
2026-01-07 17:00:00,Cluster-Alpha,52.958186775774294,39.46740489889983,625.2497784302168,1.2,0
2026-01-07 18:00:00,Cluster-Delta,90.50345350894081,30.575696968808078,780.0989284815084,0.6,0
2026-01-07 19:00:00,Cluster-Delta,51.21760391024221,53.379956996716395,505.3547767805463,1.2,0
2026-01-07 20:00:00,Cluster-Beta,97.27069537856808,53.43288837234909,363.93819514296456,0.15,1
2026-01-07 21:00:00,Cluster-Alpha,84.1825210702939,45.982106953111945,284.65246745296935,0.3,0
2026-01-07 22:00:00,Cluster-Delta,24.39147783523223,8.534885398580661,646.3740296604617,0.15,0
2026-01-07 23:00:00,Cluster-Gamma,91.54535496188421,54.008939438052266,695.8731866436096,1.2,1
2026-01-08 00:00:00,Cluster-Gamma,15.822075003349276,43.602804793040406,872.2579238639172,0.15,0
2026-01-08 01:00:00,Cluster-Beta,81.02282288968081,45.21549829226657,348.9107416363808,0.15,0
2026-01-08 02:00:00,Cluster-Delta,40.39796629332195,24.50493610504004,772.0745843117297,0.3,0
2026-01-08 03:00:00,Cluster-Alpha,86.65161180139147,56.51533248173442,565.7422659474446,1.2,1
2026-01-08 04:00:00,Cluster-Gamma,85.72927217999288,46.97303921456116,884.0081257712983,0.15,0
2026-01-08 05:00:00,Cluster-Delta,79.95106221093877,8.980608924810056,532.5339872126646,0.15,0
2026-01-08 06:00:00,Cluster-Delta,78.4728305765567,27.282238133182087,522.4535301139875,0.3,0
2026-01-08 07:00:00,Cluster-Beta,33.33515993611779,56.95558244152878,582.0983106265,0.6,0
2026-01-08 08:00:00,Cluster-Gamma,12.525493323766453,4.926195505237498,751.8222015910101,1.2,0
2026-01-08 09:00:00,Cluster-Gamma,42.47715662516001,61.607830417807065,965.0435740401763,0.6,0
2026-01-08 10:00:00,Cluster-Alpha,21.137779893745307,44.108079235812895,82.827720673608,0.6,0
2026-01-08 11:00:00,Cluster-Gamma,69.63045126792893,41.14531061388935,62.90025636710699,0.3,0
2026-01-08 12:00:00,Cluster-Alpha,37.187274568014054,18.774673902255465,938.1748340332651,0.3,0
2026-01-08 13:00:00,Cluster-Gamma,95.73174867997209,17.42509090182898,534.576869263024,1.2,0
2026-01-08 14:00:00,Cluster-Beta,64.61040319311587,60.40760960829292,618.7539844212668,0.6,0
2026-01-08 15:00:00,Cluster-Gamma,81.49069241799558,20.49289216251561,487.59936557878154,0.15,0
2026-01-08 16:00:00,Cluster-Alpha,17.324794564991905,50.08132839657796,102.72087808139975,0.6,0
2026-01-08 17:00:00,Cluster-Alpha,85.1673468513539,26.373551488838906,770.4084846344799,0.3,0
2026-01-08 18:00:00,Cluster-Beta,90.81641871774568,10.633752388651647,749.752398637701,0.15,0
2026-01-08 19:00:00,Cluster-Gamma,50.296758450161036,2.664348457112255,318.58628827788385,0.15,0
2026-01-08 20:00:00,Cluster-Gamma,61.3815232108409,35.74395489494555,313.1768527761164,0.3,0
2026-01-08 21:00:00,Cluster-Beta,76.12731148397857,62.49828675003383,839.4629670964633,0.15,0
2026-01-08 22:00:00,Cluster-Gamma,21.259992335218367,24.886444016170678,81.63368516391336,0.6,0
2026-01-08 23:00:00,Cluster-Gamma,51.73864511110015,24.14592470756878,882.2940968730002,0.3,0
2026-01-09 00:00:00,Cluster-Alpha,42.07566158282512,23.33368030666541,264.0950729969553,1.2,0
2026-01-09 01:00:00,Cluster-Gamma,18.61278127108917,34.27371791290122,597.0549002779389,0.3,0
2026-01-09 02:00:00,Cluster-Gamma,39.180701273112426,29.3212227723062,936.6342372117599,1.2,0
2026-01-09 03:00:00,Cluster-Beta,11.340024772850903,56.5547068570749,681.34127652128,1.2,0
2026-01-09 04:00:00,Cluster-Beta,7.400507346302289,33.3422890868564,420.28551434236624,0.3,0
2026-01-09 05:00:00,Cluster-Delta,17.570464891398515,33.48098596769127,692.638866816361,0.3,0
2026-01-09 06:00:00,Cluster-Alpha,94.56970537779317,10.57903887267451,350.53983995320647,1.2,0
2026-01-09 07:00:00,Cluster-Gamma,56.10624683823658,62.92985153644393,284.4858321856943,1.2,0
2026-01-09 08:00:00,Cluster-Gamma,94.82146098724945,17.49831923386744,996.7164451553328,0.15,0
2026-01-09 09:00:00,Cluster-Delta,45.22230268470227,6.5485721824953655,753.2823288679898,0.3,0
2026-01-09 10:00:00,Cluster-Gamma,33.99890037692914,43.115067436462944,648.2727776079995,0.3,0
2026-01-09 11:00:00,Cluster-Alpha,52.0711932441427,38.9127149497261,361.7367467871256,0.15,0
2026-01-09 12:00:00,Cluster-Delta,45.87458704286064,27.739030547550236,58.66922086349768,0.3,0
2026-01-09 13:00:00,Cluster-Alpha,14.826815636342184,28.17591850060204,40.74630727480405,0.15,0
2026-01-09 14:00:00,Cluster-Delta,64.59684726618917,50.67396310487874,558.6394428943108,0.15,0
2026-01-09 15:00:00,Cluster-Delta,25.091550973392764,14.134183686178242,764.4123938286606,0.3,0
2026-01-09 16:00:00,Cluster-Beta,62.621679805498154,52.855705774583164,542.0053985394165,0.6,0
2026-01-09 17:00:00,Cluster-Alpha,65.46870159302827,42.22232106149112,842.3772212197234,1.2,0
2026-01-09 18:00:00,Cluster-Gamma,19.138311340964272,27.97612597433051,43.09226776228942,0.3,0
2026-01-09 19:00:00,Cluster-Gamma,10.70551532129214,30.397774228199854,373.0845556616807,0.6,0
2026-01-09 20:00:00,Cluster-Alpha,77.6108275043649,17.91212684553794,244.69968726243627,0.15,0
2026-01-09 21:00:00,Cluster-Gamma,47.76143941054678,48.631088627212435,452.8002384755508,0.6,0
2026-01-09 22:00:00,Cluster-Gamma,10.409232982009248,33.7982340229266,81.65262926218125,0.3,0
2026-01-09 23:00:00,Cluster-Alpha,97.52256749678834,21.892981650490302,954.5903251553618,0.3,0
2026-01-10 00:00:00,Cluster-Delta,10.373592172662097,38.95510717717892,231.0228470586673,0.6,0
2026-01-10 01:00:00,Cluster-Alpha,69.63827628384544,63.73553602718203,923.0846977287489,0.3,0
2026-01-10 02:00:00,Cluster-Delta,96.48214004949746,28.98626133870634,431.63422348631497,1.2,0
2026-01-10 03:00:00,Cluster-Gamma,27.24374969208108,59.08286684827441,985.6688919226658,0.6,0
2026-01-10 04:00:00,Cluster-Gamma,18.229191287909245,23.391044075323098,558.5177996256086,0.15,0
2026-01-10 05:00:00,Cluster-Gamma,16.288799366285886,5.393427829349125,931.5245355340494,0.6,0
2026-01-10 06:00:00,Cluster-Beta,33.20458872378639,14.663010594842591,15.295498807280616,0.6,0
2026-01-10 07:00:00,Cluster-Delta,14.397260423990142,27.959098886316422,750.7564181190911,0.6,0
2026-01-10 08:00:00,Cluster-Beta,69.37100477755426,15.617365572863278,904.0201465714903,0.6,0
2026-01-10 09:00:00,Cluster-Beta,10.79313722609583,2.0140763695318435,148.32336130916454,0.15,0
2026-01-10 10:00:00,Cluster-Alpha,52.376257917930445,58.730095340346686,105.16459321482998,0.15,0
2026-01-10 11:00:00,Cluster-Beta,97.69280740832684,54.3205234963176,430.326881114096,0.15,1
2026-01-10 12:00:00,Cluster-Alpha,80.69923506405975,48.022118352190724,934.3421170716058,0.6,0
2026-01-10 13:00:00,Cluster-Alpha,62.215407755484016,12.404504930053776,546.9626945885343,1.2,0
2026-01-10 14:00:00,Cluster-Beta,33.481586733154884,9.462541725019136,532.1818990845148,1.2,0
2026-01-10 15:00:00,Cluster-Delta,63.02231277512238,6.191494467287756,149.71485711632866,0.15,0
2026-01-10 16:00:00,Cluster-Delta,54.014856143783604,46.88980970392112,10.7816159822866,1.2,0
2026-01-10 17:00:00,Cluster-Delta,44.625754701804546,59.58609356264889,812.0386898380066,1.2,0
2026-01-10 18:00:00,Cluster-Delta,17.15606503683855,28.693220896608295,96.69881735637584,1.2,0
2026-01-10 19:00:00,Cluster-Delta,87.45419201736341,9.386721663754987,637.5113205479707,1.2,0
2026-01-10 20:00:00,Cluster-Beta,46.829972340382994,33.76835488539061,915.4702899700395,1.2,0
2026-01-10 21:00:00,Cluster-Beta,23.09989359933115,23.62757826243507,216.5653940268467,0.3,0
2026-01-10 22:00:00,Cluster-Gamma,39.20161963158793,25.239145309699857,668.6201078745416,0.15,0
2026-01-10 23:00:00,Cluster-Delta,43.51406698519021,40.52249869765385,87.91159094043437,0.6,0
2026-01-11 00:00:00,Cluster-Beta,81.96102428771931,46.56052302225655,607.7175923992369,1.2,0
2026-01-11 01:00:00,Cluster-Gamma,73.22613739221039,8.857423130135972,172.29240374367072,0.3,0
2026-01-11 02:00:00,Cluster-Delta,76.5453551086446,4.206594310001536,738.5940249100263,0.6,0
2026-01-11 03:00:00,Cluster-Alpha,6.025907591864191,63.64847876651432,308.2189818459691,0.3,0
2026-01-11 04:00:00,Cluster-Gamma,43.70232183071782,16.429157632764213,468.7570987165998,1.2,0
2026-01-11 05:00:00,Cluster-Beta,49.765006102085096,5.337492544324463,603.4362366073454,1.2,0
2026-01-11 06:00:00,Cluster-Alpha,6.784881744544272,13.772270403947038,179.5606765595772,1.2,0
2026-01-11 07:00:00,Cluster-Alpha,29.162628413288182,4.415386473604782,744.2214404314446,1.2,0
2026-01-11 08:00:00,Cluster-Alpha,75.70695355035855,26.292275466264645,309.6139372304464,0.6,0
2026-01-11 09:00:00,Cluster-Gamma,17.75120263279691,51.74891063598211,665.748141313626,0.6,0
2026-01-11 10:00:00,Cluster-Beta,54.78384222509102,23.15715588497868,166.7002201923799,0.3,0
2026-01-11 11:00:00,Cluster-Alpha,25.01377409760309,29.539371226458726,691.2364826142867,0.15,0
2026-01-11 12:00:00,Cluster-Delta,6.127232041882074,43.886379961181206,136.9061920823571,1.2,0
2026-01-11 13:00:00,Cluster-Alpha,27.431735556757356,33.55143234433257,431.10293130728377,0.3,0
2026-01-11 14:00:00,Cluster-Alpha,95.75625920663501,55.4096325333221,254.73401300148805,0.3,1
2026-01-11 15:00:00,Cluster-Gamma,79.54295140511803,55.6942118528369,750.8914969339007,0.3,0
2026-01-11 16:00:00,Cluster-Gamma,94.2406279218561,2.614463120451526,269.4146544618058,1.2,0
2026-01-11 17:00:00,Cluster-Beta,50.370426085151706,50.23887100195835,882.9001333314422,1.2,0
2026-01-11 18:00:00,Cluster-Delta,15.205466477007826,30.56548321498378,892.9020092925467,0.3,0
2026-01-11 19:00:00,Cluster-Gamma,55.96023247455344,63.30811356082711,204.476902070558,1.2,0
2026-01-11 20:00:00,Cluster-Alpha,47.257092114076364,31.96038870427698,617.707485557647,0.3,0
2026-01-11 21:00:00,Cluster-Beta,83.52520869478428,63.187548614074444,96.84046530276468,0.6,0
2026-01-11 22:00:00,Cluster-Alpha,14.121680012934746,48.78330039475567,397.6217286056129,1.2,0
2026-01-11 23:00:00,Cluster-Alpha,50.40642574302537,17.41350284602499,716.1885122062596,0.6,0
2026-01-12 00:00:00,Cluster-Gamma,18.954525816540535,35.38048871579137,662.8290143814171,0.15,0
2026-01-12 01:00:00,Cluster-Beta,35.19486120077558,63.51240964767213,628.4536627125419,1.2,0
2026-01-12 02:00:00,Cluster-Delta,73.57420819706537,55.16689768061927,289.71545502581915,0.15,0
2026-01-12 03:00:00,Cluster-Delta,49.26968603129529,8.036747415055707,384.244699940058,0.3,0
2026-01-12 04:00:00,Cluster-Gamma,39.95761051855655,45.79506380221976,111.91668325328332,1.2,0
2026-01-12 05:00:00,Cluster-Gamma,41.68629390701329,23.42593432399041,721.832592229265,1.2,0
2026-01-12 06:00:00,Cluster-Beta,47.72854946175676,2.4329002365815833,508.8499088233608,1.2,0
2026-01-12 07:00:00,Cluster-Delta,78.0065385768463,27.015820079673976,711.6779760221981,0.15,0
2026-01-12 08:00:00,Cluster-Delta,87.9638760714418,16.55477414694822,256.454089548904,0.15,0
2026-01-12 09:00:00,Cluster-Delta,93.84612584486533,52.76989477226923,331.19384634871557,0.3,1
2026-01-12 10:00:00,Cluster-Alpha,78.18201492174245,22.914497748437462,340.8731838875135,0.6,0
2026-01-12 11:00:00,Cluster-Delta,34.33284130456518,53.30646902513666,35.48498564974403,0.6,0
2026-01-12 12:00:00,Cluster-Alpha,68.99652766604842,2.0370722077573094,347.63739410231733,0.15,0
2026-01-12 13:00:00,Cluster-Beta,45.697090537151446,21.084787301619386,805.2715277828532,1.2,0
2026-01-12 14:00:00,Cluster-Alpha,28.684367850282758,16.952243287081238,898.3255107922412,0.6,0
2026-01-12 15:00:00,Cluster-Beta,83.2010568866108,16.48117638625388,523.0361324795682,0.6,0
2026-01-12 16:00:00,Cluster-Delta,8.573650453496224,6.227570425458687,460.94667826702806,0.15,0
2026-01-12 17:00:00,Cluster-Delta,88.86386526859438,13.601704765451107,40.51637251237655,0.3,0
2026-01-12 18:00:00,Cluster-Beta,47.91740421010028,36.44407333290843,880.4122942095288,0.15,0
2026-01-12 19:00:00,Cluster-Gamma,64.25973734317009,20.064386515940157,22.880111291613993,0.15,0
2026-01-12 20:00:00,Cluster-Beta,66.31991476513778,27.878476504407175,945.3025794081096,1.2,0
2026-01-12 21:00:00,Cluster-Gamma,88.24594988570789,25.365746581525688,494.32408620120975,0.15,0
2026-01-12 22:00:00,Cluster-Alpha,64.21028044155028,56.306105349993466,348.5151486389793,1.2,0
2026-01-12 23:00:00,Cluster-Alpha,62.095823382685744,58.12853793865196,924.9762504942335,0.3,0
2026-01-13 00:00:00,Cluster-Alpha,11.198639772144166,32.56333224266332,34.14708317899577,1.2,0
2026-01-13 01:00:00,Cluster-Delta,53.21194604090398,22.469668919567475,585.6106459203962,0.3,0
2026-01-13 02:00:00,Cluster-Alpha,18.965717075984873,8.621643648146545,553.4431992543442,0.3,0
2026-01-13 03:00:00,Cluster-Gamma,73.58134049109816,61.11097852168989,227.12719719926827,0.3,0
2026-01-13 04:00:00,Cluster-Alpha,52.63663863557873,5.734070583818442,434.5985570367085,0.15,0
2026-01-13 05:00:00,Cluster-Beta,68.26118346637685,20.454317209233388,655.7413658843325,1.2,0
2026-01-13 06:00:00,Cluster-Beta,8.875579756021736,20.48010447254026,729.8598849131082,0.6,0
2026-01-13 07:00:00,Cluster-Delta,12.8856574922597,21.864879740693326,10.709690119513983,0.15,0
2026-01-13 08:00:00,Cluster-Beta,71.61807508982945,12.185784282889376,937.4848957901052,0.3,0
2026-01-13 09:00:00,Cluster-Gamma,11.703843247876623,50.55600871726922,172.88011866888428,0.6,0
2026-01-13 10:00:00,Cluster-Alpha,11.62687568216905,9.594867441891331,241.2446298801356,0.15,0
2026-01-13 11:00:00,Cluster-Delta,6.126088196844533,41.36421286749609,270.8387112369098,0.6,0
2026-01-13 12:00:00,Cluster-Alpha,93.95463004185164,9.678453655760682,47.44193518651496,0.3,0
2026-01-13 13:00:00,Cluster-Alpha,73.58827742968765,6.373209530763306,131.82160235442166,0.6,0
2026-01-13 14:00:00,Cluster-Gamma,37.85238099069197,58.38462922852434,986.4864237147204,0.6,0
2026-01-13 15:00:00,Cluster-Beta,32.577809059751935,13.787983511759752,322.0645700035132,0.3,0
2026-01-13 16:00:00,Cluster-Beta,37.52240036636401,52.91750958270167,124.14807943565884,0.6,0
2026-01-13 17:00:00,Cluster-Alpha,77.04277839984991,35.76711400864242,115.92134856287709,0.15,0
2026-01-13 18:00:00,Cluster-Delta,66.50746682954855,6.827104215743716,722.2653679932722,0.6,0
2026-01-13 19:00:00,Cluster-Beta,22.223187811674517,61.23778786916019,856.0229773923145,1.2,0
2026-01-13 20:00:00,Cluster-Delta,21.192168186069843,17.311592353497335,264.3827765133852,0.15,0
2026-01-13 21:00:00,Cluster-Beta,14.15079542334595,55.2980114118616,30.70041721188262,0.6,0
2026-01-13 22:00:00,Cluster-Delta,66.40815293222445,12.466220358642978,230.85911826090225,1.2,0
2026-01-13 23:00:00,Cluster-Gamma,76.08665758662144,54.94445869279488,65.95053388878976,1.2,0
2026-01-14 00:00:00,Cluster-Delta,29.649317834225375,2.820186400128227,112.3609872637411,1.2,0
2026-01-14 01:00:00,Cluster-Gamma,6.947881375874891,33.730388307307805,437.19303864916594,0.6,0
2026-01-14 02:00:00,Cluster-Gamma,12.641965075307743,49.70543992413652,237.61918715301624,0.3,0
2026-01-14 03:00:00,Cluster-Delta,95.01098324058783,59.957322084552565,520.7864197401691,1.2,1
2026-01-14 04:00:00,Cluster-Gamma,32.47636430540008,58.370532444802194,260.9588157246185,0.3,0
2026-01-14 05:00:00,Cluster-Alpha,76.53775274894643,52.81674191195398,941.1319280919182,0.15,0
2026-01-14 06:00:00,Cluster-Gamma,63.09371190344653,57.06786367900085,906.8845282470019,0.3,0
2026-01-14 07:00:00,Cluster-Beta,40.52038648771932,14.351620521898743,571.1380439603614,0.3,0
2026-01-14 08:00:00,Cluster-Delta,24.128915384186627,19.619426334127184,360.8797520675123,0.3,0
2026-01-14 09:00:00,Cluster-Alpha,16.2889368888248,19.916048545105628,387.3354132143882,0.3,0
2026-01-14 10:00:00,Cluster-Delta,62.19620602761459,25.377343722105326,417.73376031305196,0.3,0
2026-01-14 11:00:00,Cluster-Beta,77.04094159931428,26.3858815638817,730.3035289135946,0.15,0
2026-01-14 12:00:00,Cluster-Beta,64.88309557932516,35.762430128589884,457.12260556364953,0.15,0
2026-01-14 13:00:00,Cluster-Beta,54.31809839217172,11.912545328719366,858.1626470408385,0.3,0
2026-01-14 14:00:00,Cluster-Gamma,8.901463779142173,44.85729315473134,944.6538380710609,0.3,0
2026-01-14 15:00:00,Cluster-Gamma,95.0694563162777,12.389125436879402,342.5866918451445,1.2,0
2026-01-14 16:00:00,Cluster-Delta,79.28041982387543,21.239125890481947,565.0875365619233,0.15,0
2026-01-14 17:00:00,Cluster-Delta,32.23244941318972,33.207398097581546,104.10597146423879,0.6,0
2026-01-14 18:00:00,Cluster-Alpha,96.13724063037311,51.37931481445559,208.4643572886954,0.15,1
2026-01-14 19:00:00,Cluster-Alpha,60.97498783617795,47.84709246080109,419.3311090430585,0.6,0
2026-01-14 20:00:00,Cluster-Delta,59.16530721327392,42.02313009745238,214.14068874276106,1.2,0
2026-01-14 21:00:00,Cluster-Gamma,74.57080568694649,11.65794215597055,877.7948858808304,0.3,0
2026-01-14 22:00:00,Cluster-Beta,80.4945902923828,35.916811428165815,166.7033934985071,1.2,0
2026-01-14 23:00:00,Cluster-Delta,66.05251048182976,7.421683111592897,461.104213337561,0.3,0
2026-01-15 00:00:00,Cluster-Alpha,16.9129044120566,25.396516961392347,609.6422480552769,0.15,0
2026-01-15 01:00:00,Cluster-Gamma,36.45887805748835,27.638024877977468,694.945269079236,0.3,0
2026-01-15 02:00:00,Cluster-Delta,91.31177855032263,4.468309245636737,389.2386760292417,0.6,0
2026-01-15 03:00:00,Cluster-Delta,25.88925190147823,18.987262167138255,870.4080780374812,0.6,0
2026-01-15 04:00:00,Cluster-Gamma,39.61153321688874,61.25026697052234,572.6359595671463,1.2,0
2026-01-15 05:00:00,Cluster-Delta,45.18315011381023,61.12522168544075,445.11270264307626,0.15,0
2026-01-15 06:00:00,Cluster-Gamma,45.86466404158406,23.844277363657437,76.56822771151626,0.6,0
2026-01-15 07:00:00,Cluster-Beta,62.003381171990874,4.6722067547960915,470.04257376071337,1.2,0
2026-01-15 08:00:00,Cluster-Gamma,92.70605291025781,13.103886238347256,822.5284824075729,0.15,0
2026-01-15 09:00:00,Cluster-Gamma,27.38442220042296,26.31750319287949,618.3956080391023,0.15,0
2026-01-15 10:00:00,Cluster-Gamma,16.299627995985382,60.76234127409224,833.8408291918272,1.2,0
2026-01-15 11:00:00,Cluster-Delta,23.36475555697417,10.754341939305466,499.07155389331257,0.6,0
2026-01-15 12:00:00,Cluster-Delta,87.48401571946206,49.33798230742916,127.27708804353702,0.6,0
2026-01-15 13:00:00,Cluster-Gamma,65.06040557693416,8.738317441230908,23.50344737752226,1.2,0
2026-01-15 14:00:00,Cluster-Delta,31.589331399241892,62.83796979825917,310.1873512514053,0.6,0
2026-01-15 15:00:00,Cluster-Alpha,80.8830653240814,25.660222944766367,701.0105667828145,1.2,0
2026-01-15 16:00:00,Cluster-Alpha,85.10740966179955,50.06454141174147,792.3573049022768,0.6,1
2026-01-15 17:00:00,Cluster-Delta,83.72583349819585,23.24064713429017,302.7953062741261,0.6,0
2026-01-15 18:00:00,Cluster-Delta,90.46016762847856,40.91547038384614,500.69738167441466,1.2,0
2026-01-15 19:00:00,Cluster-Gamma,28.458414876122628,13.904997253882277,426.9077153897408,1.2,0
2026-01-15 20:00:00,Cluster-Beta,75.21889937340389,11.053303196411678,416.41755650791356,0.6,0
2026-01-15 21:00:00,Cluster-Delta,47.83017324649502,60.15997665322414,239.03522606814897,1.2,0
2026-01-15 22:00:00,Cluster-Alpha,83.30586541877572,58.894131230074876,145.0073939791638,0.6,0
2026-01-15 23:00:00,Cluster-Gamma,72.74963297603003,57.023074293198704,204.72167264890098,0.3,0
2026-01-16 00:00:00,Cluster-Delta,77.2096125244744,40.776873910328796,64.77906329171265,0.15,0
2026-01-16 01:00:00,Cluster-Alpha,66.02305090433964,52.11262909540925,206.14943440534128,0.15,0
2026-01-16 02:00:00,Cluster-Alpha,21.50087556068274,6.280290088505245,19.10888864912566,0.6,0
2026-01-16 03:00:00,Cluster-Beta,55.68750345741527,22.756920597222106,630.9858166296185,0.15,0
2026-01-16 04:00:00,Cluster-Gamma,96.57428577577926,21.449593734943686,323.21165331380604,0.6,0
2026-01-16 05:00:00,Cluster-Gamma,92.17709018423206,41.41000996106202,973.4132643126395,1.2,0
2026-01-16 06:00:00,Cluster-Beta,9.015157429122086,24.06938195517971,201.7798802685349,0.3,0
2026-01-16 07:00:00,Cluster-Beta,20.327777862837653,11.20742046190821,352.370284606498,0.15,0
2026-01-16 08:00:00,Cluster-Gamma,17.250775931274255,38.98095867563971,364.26274705511787,0.15,0
2026-01-16 09:00:00,Cluster-Gamma,72.51613162863248,52.491803081483056,18.366981101835933,1.2,0
2026-01-16 10:00:00,Cluster-Delta,81.05403567669589,25.691656656518337,840.8158735090643,0.3,0
2026-01-16 11:00:00,Cluster-Delta,24.85655706689249,10.200660336105866,41.67451554288147,0.3,0
2026-01-16 12:00:00,Cluster-Beta,52.0443004445201,14.19466823339503,940.7780363819489,0.3,0
2026-01-16 13:00:00,Cluster-Delta,83.1853816050416,16.723964920501807,893.1536075826845,1.2,0
2026-01-16 14:00:00,Cluster-Alpha,73.1505436632613,20.593650765661245,540.1666969251039,0.15,0
2026-01-16 15:00:00,Cluster-Delta,55.42806011074189,41.853294371391165,548.1596191621792,0.15,0
2026-01-16 16:00:00,Cluster-Delta,59.90233521266588,39.25862004133858,657.2401437265947,0.3,0
2026-01-16 17:00:00,Cluster-Alpha,52.27753086321404,45.15695141715643,393.1795118155381,1.2,0
2026-01-16 18:00:00,Cluster-Beta,32.67200597265031,24.475123040953818,650.7500605638769,1.2,0
2026-01-16 19:00:00,Cluster-Alpha,57.5470453358885,53.087854416558656,54.320704801602005,1.2,0
2026-01-16 20:00:00,Cluster-Delta,69.06633309065843,14.653434991657136,63.507151076229306,0.3,0
2026-01-16 21:00:00,Cluster-Beta,86.21903117505511,31.080526346125545,462.65811542334893,1.2,0
2026-01-16 22:00:00,Cluster-Delta,64.17509592007008,51.65820073556868,554.1260780949746,0.3,0
2026-01-16 23:00:00,Cluster-Alpha,75.78430294501369,13.169836159422394,888.9394639324609,0.3,0
2026-01-17 00:00:00,Cluster-Alpha,19.88666205077529,8.811513051928543,113.61402756881729,0.3,0
2026-01-17 01:00:00,Cluster-Delta,47.92484512104046,56.788405996655364,824.4214479219504,0.6,0
2026-01-17 02:00:00,Cluster-Gamma,5.867840643919677,23.261639091070144,217.94686391914888,0.3,0
2026-01-17 03:00:00,Cluster-Gamma,27.94113440051094,44.399947744359984,400.1428120249315,1.2,0
2026-01-17 04:00:00,Cluster-Alpha,72.56093950550945,3.5716134643641855,323.4364104791388,0.6,0
2026-01-17 05:00:00,Cluster-Alpha,97.2383254754908,44.78290708138588,406.153720136745,0.15,0
2026-01-17 06:00:00,Cluster-Gamma,14.22356326161108,21.59828131591217,158.9905430918597,0.15,0
2026-01-17 07:00:00,Cluster-Gamma,42.33897137509981,5.455932922421388,508.5343736595194,1.2,0
2026-01-17 08:00:00,Cluster-Delta,79.40660008902184,39.80839121598326,803.6261639330536,1.2,0
2026-01-17 09:00:00,Cluster-Delta,23.97531402048759,16.92983659653674,447.118670275108,1.2,0
2026-01-17 10:00:00,Cluster-Gamma,56.62290028511262,25.98204900721656,495.7074401392171,1.2,0
2026-01-17 11:00:00,Cluster-Delta,73.17563053075976,6.996010361763843,850.2799094285011,0.6,0
2026-01-17 12:00:00,Cluster-Delta,62.28664687419665,11.12412156788661,708.9975334916505,1.2,0
2026-01-17 13:00:00,Cluster-Beta,22.4863003192337,20.47458860074231,495.5498644345869,0.3,0
2026-01-17 14:00:00,Cluster-Delta,38.05076488777377,7.565089034729742,265.1186917072879,0.15,0
2026-01-17 15:00:00,Cluster-Alpha,77.89263595714193,58.47122841055155,886.077479376517,1.2,0
2026-01-17 16:00:00,Cluster-Delta,56.54306581427755,2.374916677406662,581.2501976736528,0.3,0
2026-01-17 17:00:00,Cluster-Delta,5.486354059490885,31.999333569587307,228.93613400958645,1.2,0
2026-01-17 18:00:00,Cluster-Gamma,75.77214068261273,9.64134240421819,276.42855511163026,0.3,0
2026-01-17 19:00:00,Cluster-Alpha,8.283956009442234,21.07610354763281,805.1017580468834,0.6,0
2026-01-17 20:00:00,Cluster-Delta,74.35324179400459,59.41569270873246,53.7041064665809,0.15,0
2026-01-17 21:00:00,Cluster-Delta,23.83069209536708,12.025062302987184,992.1712651585319,0.15,0
2026-01-17 22:00:00,Cluster-Beta,94.10083365110236,61.88160382253662,139.04816291764385,0.6,1
2026-01-17 23:00:00,Cluster-Delta,39.21848987109386,14.759251373344146,798.107840142968,0.3,0
2026-01-18 00:00:00,Cluster-Delta,35.404640319441356,47.97709872494343,400.82756360396604,1.2,0
2026-01-18 01:00:00,Cluster-Beta,18.846588680917357,35.893990423633326,497.2940214545922,0.3,0
2026-01-18 02:00:00,Cluster-Gamma,33.421192040589986,56.83768111099907,881.8440716899321,0.15,0
2026-01-18 03:00:00,Cluster-Delta,86.52852085002266,36.34758184119412,418.7820776933211,0.6,0
2026-01-18 04:00:00,Cluster-Beta,97.659093399334,35.14267158769114,542.1188161365021,0.6,0
2026-01-18 05:00:00,Cluster-Alpha,39.2527863371369,14.118396022840793,58.806665785078245,0.3,0
2026-01-18 06:00:00,Cluster-Gamma,46.72078867877246,12.306220447202842,12.323999128778622,0.3,0
2026-01-18 07:00:00,Cluster-Alpha,72.15259725285455,58.82232736916188,252.35187427170865,0.6,0
2026-01-18 08:00:00,Cluster-Alpha,87.41620758325193,22.32596832870211,683.7772619895796,0.15,0
2026-01-18 09:00:00,Cluster-Beta,60.15312307937093,25.069099807699548,130.05224442554533,1.2,0
2026-01-18 10:00:00,Cluster-Delta,41.41188993053813,49.10906682256008,122.62433921650393,1.2,0
2026-01-18 11:00:00,Cluster-Beta,43.373831198922005,23.007055910214056,416.85100195554423,0.3,0
2026-01-18 12:00:00,Cluster-Beta,69.69248762420304,61.027871691618174,651.3586682221443,0.6,0
2026-01-18 13:00:00,Cluster-Beta,5.2992985151979175,47.751521677925616,714.9512723254512,0.6,0
2026-01-18 14:00:00,Cluster-Beta,62.621808383765185,39.04061303955204,186.66616735739103,0.6,0
2026-01-18 15:00:00,Cluster-Gamma,38.06084997104624,56.61549995377465,88.79226589832203,0.15,0
2026-01-18 16:00:00,Cluster-Delta,78.86035180876884,5.07556631766793,940.9930636060888,0.3,0
2026-01-18 17:00:00,Cluster-Alpha,13.64812950355129,17.937886915730942,268.0597187364807,0.3,0
2026-01-18 18:00:00,Cluster-Alpha,59.70281082620032,30.832252721696417,854.8130326326366,0.3,0
2026-01-18 19:00:00,Cluster-Delta,49.73047875940951,16.072669447234304,864.8565359581901,0.15,0
2026-01-18 20:00:00,Cluster-Alpha,64.73627390918614,48.12212161273342,774.797365844919,0.3,0
2026-01-18 21:00:00,Cluster-Delta,11.031384286916056,58.99089792533096,177.14527058604438,1.2,0
2026-01-18 22:00:00,Cluster-Alpha,58.93849223081621,28.27374743571725,823.5834446616583,0.3,0
2026-01-18 23:00:00,Cluster-Beta,57.21806668023571,23.212221206937485,771.5580536491708,0.3,0
2026-01-19 00:00:00,Cluster-Alpha,57.1413887807039,61.616145392529106,600.755760205155,0.3,0
2026-01-19 01:00:00,Cluster-Delta,61.124352993470296,29.580850835307533,343.83001481726325,0.15,0
2026-01-19 02:00:00,Cluster-Delta,67.91151816205169,32.321000827855556,269.88351822387864,1.2,0
2026-01-19 03:00:00,Cluster-Delta,79.86397697031158,23.802292085198133,130.67031995955537,1.2,0
2026-01-19 04:00:00,Cluster-Delta,30.093326971923933,58.39200532675258,514.6594962318627,0.6,0
2026-01-19 05:00:00,Cluster-Delta,81.72959514674577,37.275239963474746,589.4082667547481,0.6,0
2026-01-19 06:00:00,Cluster-Gamma,51.33777845050119,49.25482440526197,365.74560061062937,1.2,0
2026-01-19 07:00:00,Cluster-Gamma,12.1664199594928,52.33201653775495,480.6054770040599,0.3,0
2026-01-19 08:00:00,Cluster-Alpha,10.445236419690065,23.194640598870006,369.87931279557404,0.3,0
2026-01-19 09:00:00,Cluster-Delta,36.084163638733656,28.889048541863563,644.5959967474943,0.3,0
2026-01-19 10:00:00,Cluster-Alpha,77.99541887136648,54.60525001318841,902.2466157185977,0.15,0
2026-01-19 11:00:00,Cluster-Delta,70.81432693090517,24.521831803900234,172.28105942647542,0.3,0
2026-01-19 12:00:00,Cluster-Delta,78.34119171453379,51.22397827401478,387.5947218040922,0.15,0
2026-01-19 13:00:00,Cluster-Gamma,53.10602224906967,60.3415239996151,149.4599179113527,1.2,0
2026-01-19 14:00:00,Cluster-Gamma,45.93850680986062,40.639043130216436,628.6943327037537,0.3,0
2026-01-19 15:00:00,Cluster-Beta,18.713084983684407,47.980891822017114,731.5818043937098,0.3,0
2026-01-19 16:00:00,Cluster-Gamma,35.521926085665974,51.916033346550364,932.5936052714814,0.6,0
2026-01-19 17:00:00,Cluster-Beta,45.3638010541704,54.39245823159184,286.08320699835525,1.2,0
2026-01-19 18:00:00,Cluster-Beta,13.239839960204403,26.49330694712135,950.7090938067759,0.3,0
2026-01-19 19:00:00,Cluster-Beta,25.516911602142645,5.178334468911887,72.63004510246805,0.15,0
2026-01-19 20:00:00,Cluster-Beta,60.63495234792771,26.91632881667785,606.9837247309423,1.2,0
2026-01-19 21:00:00,Cluster-Beta,73.41666962424466,43.77288624661357,66.56139214989668,0.6,0
2026-01-19 22:00:00,Cluster-Alpha,97.84631855954432,29.921723918409153,894.8364458843254,1.2,0
2026-01-19 23:00:00,Cluster-Gamma,91.77953981495087,48.43571535334471,534.5109664993536,0.15,0
2026-01-20 00:00:00,Cluster-Beta,64.75856355677281,24.13291062705716,672.6548672551681,0.6,0
2026-01-20 01:00:00,Cluster-Delta,44.17606895634869,41.35413674844983,833.2581866513481,0.15,0
2026-01-20 02:00:00,Cluster-Gamma,64.16449491786565,13.558027900946424,158.80751625912907,1.2,0
2026-01-20 03:00:00,Cluster-Gamma,78.06560048146157,48.46090507198733,48.20564631875251,0.6,0
2026-01-20 04:00:00,Cluster-Beta,16.005265755875023,35.833150066407605,880.0923344537237,0.15,0
2026-01-20 05:00:00,Cluster-Alpha,43.12115474175481,14.651992089889236,321.7838951843432,1.2,0
2026-01-20 06:00:00,Cluster-Beta,83.1016125641124,20.09849275686405,137.6891188478936,0.15,0
2026-01-20 07:00:00,Cluster-Alpha,40.696464529773095,48.413739932073604,473.7766247162157,0.3,0
2026-01-20 08:00:00,Cluster-Delta,58.18412122412835,31.92127661101428,602.3230149390586,1.2,0
2026-01-20 09:00:00,Cluster-Gamma,59.662550560184435,15.393949304370476,40.66089738828502,0.6,0
2026-01-20 10:00:00,Cluster-Delta,22.15629154142846,61.97081380295845,282.14670167451686,0.6,0
2026-01-20 11:00:00,Cluster-Alpha,38.68789607366282,46.33775122864705,42.47187553412705,0.3,0
2026-01-20 12:00:00,Cluster-Alpha,36.10954985299969,61.34235961746736,426.13203530354394,0.15,0
2026-01-20 13:00:00,Cluster-Delta,7.436293893482025,28.480512812341278,896.1490287755819,0.15,0
2026-01-20 14:00:00,Cluster-Alpha,7.249834041896038,31.456221122886667,982.8258873786335,0.6,0
2026-01-20 15:00:00,Cluster-Delta,82.34782506184693,57.67322340347119,640.6770779685912,0.15,0
2026-01-20 16:00:00,Cluster-Gamma,30.395585327471554,34.55305909521385,170.0213168467459,1.2,0
2026-01-20 17:00:00,Cluster-Delta,53.18132526020984,45.85129253815136,906.7908960993127,1.2,0
2026-01-20 18:00:00,Cluster-Gamma,32.78147834375589,17.634718404722857,521.0853449680599,0.6,0
2026-01-20 19:00:00,Cluster-Delta,92.48316979572667,29.697041059563713,162.2118189818889,1.2,0
2026-01-20 20:00:00,Cluster-Alpha,29.114598574516958,9.653891680242017,922.5094027571448,0.6,0
2026-01-20 21:00:00,Cluster-Delta,44.95808358472096,14.770762224371623,759.894360215872,0.15,0
2026-01-20 22:00:00,Cluster-Alpha,86.16391329506797,2.0584917465931274,734.38821999592,0.15,0
2026-01-20 23:00:00,Cluster-Delta,83.2998217116382,4.434433202216934,712.0888967564606,0.15,0
2026-01-21 00:00:00,Cluster-Delta,22.30743185970379,62.59159703696962,208.3364228854779,0.3,0
2026-01-21 01:00:00,Cluster-Beta,79.64582781100107,17.025929098479264,218.8966247904508,0.6,0
2026-01-21 02:00:00,Cluster-Alpha,47.61138046662402,43.12526398924812,691.4100684429825,1.2,0
2026-01-21 03:00:00,Cluster-Beta,49.91610510393804,54.02418132557592,227.52552260929292,0.15,0
2026-01-21 04:00:00,Cluster-Alpha,17.41363743468277,36.140948472666985,444.28497983501836,0.3,0
2026-01-21 05:00:00,Cluster-Beta,12.495940779412592,11.494959005205285,784.1818073380019,1.2,0
2026-01-21 06:00:00,Cluster-Gamma,72.69835554856016,47.14321911484232,786.1129929168625,1.2,0
2026-01-21 07:00:00,Cluster-Delta,51.17088716904288,39.215587426174146,458.72915480060107,1.2,0
2026-01-21 08:00:00,Cluster-Alpha,45.6271153432117,47.337536539537254,794.2680388924927,0.15,0
2026-01-21 09:00:00,Cluster-Alpha,72.8442652646729,49.7242906171394,840.2355782360762,1.2,0
2026-01-21 10:00:00,Cluster-Delta,76.1926996061732,62.475442796454196,658.2279937714177,0.6,0
2026-01-21 11:00:00,Cluster-Alpha,19.77845959324988,37.560923361656016,236.14159378533597,0.3,0
2026-01-21 12:00:00,Cluster-Alpha,61.75093890142064,23.18174898681731,281.27166258169206,1.2,0
2026-01-21 13:00:00,Cluster-Beta,17.587929651824755,42.2048025278147,321.69274385464803,1.2,0
2026-01-21 14:00:00,Cluster-Alpha,74.87788300070125,6.24332397304282,125.63606665661248,0.6,0
2026-01-21 15:00:00,Cluster-Gamma,66.09682953284397,57.63863373593835,280.4280241662457,1.2,0
2026-01-21 16:00:00,Cluster-Gamma,93.9651597607616,9.4016227029682,217.4240320694068,0.15,0
2026-01-21 17:00:00,Cluster-Delta,11.41309552114717,22.326255948920732,460.77546231051616,0.15,0
2026-01-21 18:00:00,Cluster-Alpha,10.306089067066651,52.57621359881949,909.3531723935423,0.15,0
2026-01-21 19:00:00,Cluster-Delta,31.243397946467613,39.03336745650413,113.4355135864185,1.2,0
2026-01-21 20:00:00,Cluster-Gamma,29.338628587439256,26.40540225720141,723.0652447079216,0.3,0
2026-01-21 21:00:00,Cluster-Alpha,27.969028313695983,31.35301088125133,690.4101743689964,0.3,0
2026-01-21 22:00:00,Cluster-Alpha,89.28167598845641,54.981938378535176,104.79665667672408,1.2,1
2026-01-21 23:00:00,Cluster-Delta,28.20779658600407,23.080271935713313,923.3466808567421,0.3,0
2026-01-22 00:00:00,Cluster-Gamma,30.291324529962683,55.91828045835462,572.7874801352514,0.3,0
2026-01-22 01:00:00,Cluster-Alpha,75.62403840487063,7.464334720554873,370.0882659243274,1.2,0
2026-01-22 02:00:00,Cluster-Delta,46.82580534790022,50.16150310693511,758.9731976603535,0.15,0
2026-01-22 03:00:00,Cluster-Gamma,77.23408179683186,54.54795324939365,264.79180381761773,1.2,0
2026-01-22 04:00:00,Cluster-Delta,11.079052653487828,13.272694475915003,696.5747386758572,0.15,0
2026-01-22 05:00:00,Cluster-Beta,50.34412101162474,28.68148500707643,49.31409549652475,0.15,0
2026-01-22 06:00:00,Cluster-Alpha,8.126064817045284,12.260986029146649,841.0139572331792,0.3,0
2026-01-22 07:00:00,Cluster-Beta,10.82674792134797,45.8094559976415,453.6891385511053,0.3,0
2026-01-22 08:00:00,Cluster-Gamma,89.29868316103021,35.19156161982272,640.3259852143623,0.15,0
2026-01-22 09:00:00,Cluster-Beta,17.94981951393635,41.3900474959159,229.02544160861683,0.15,0
2026-01-22 10:00:00,Cluster-Beta,54.515123451595194,14.182191951285091,680.3029755318635,0.3,0
2026-01-22 11:00:00,Cluster-Gamma,43.23189104186571,15.12824344725001,774.5178731343439,0.6,0
2026-01-22 12:00:00,Cluster-Delta,37.30292934207237,4.572834181614195,478.4810550155547,0.15,0
2026-01-22 13:00:00,Cluster-Beta,88.68450114891634,21.968187182135242,621.5496548211763,0.15,0
2026-01-22 14:00:00,Cluster-Delta,7.029575900120523,36.70416900268785,461.76266458417456,0.15,0
2026-01-22 15:00:00,Cluster-Beta,66.73244081432978,55.191964667834384,895.1504555652671,0.3,0
2026-01-22 16:00:00,Cluster-Delta,94.59568238186019,43.34950174243821,502.890488709176,1.2,0
2026-01-22 17:00:00,Cluster-Gamma,57.0956410619513,28.994572050784587,843.3906219385307,0.15,0
2026-01-22 18:00:00,Cluster-Beta,92.12448896907755,61.09344709243654,803.3385376875461,0.15,1
2026-01-22 19:00:00,Cluster-Gamma,9.85998277360021,46.59320243570158,416.399773134873,0.15,0
2026-01-22 20:00:00,Cluster-Beta,43.94777867389701,59.6702425774781,237.7836469389003,1.2,0
2026-01-22 21:00:00,Cluster-Gamma,29.19467455947076,34.71045434287427,412.02131123417325,1.2,0
2026-01-22 22:00:00,Cluster-Gamma,72.96634974320787,18.052065037174657,827.955202017468,0.15,0
2026-01-22 23:00:00,Cluster-Beta,96.26062941624394,5.275254554612763,235.35621046119843,0.15,0
2026-01-23 00:00:00,Cluster-Beta,28.857295807315047,47.01726079199873,529.1919823991718,0.6,0
2026-01-23 01:00:00,Cluster-Beta,65.83823793708893,9.520785876343115,808.03578048114,1.2,0
2026-01-23 02:00:00,Cluster-Alpha,23.42307984665583,20.772057952861964,359.942700377095,0.6,0
2026-01-23 03:00:00,Cluster-Delta,57.57571367515972,35.01319628880164,645.7875406326705,0.15,0
2026-01-23 04:00:00,Cluster-Alpha,48.145721262015265,36.99382844234436,253.1752583083264,0.15,0
2026-01-23 05:00:00,Cluster-Alpha,95.39649565573295,39.23615821320244,118.18665091447832,0.15,0
2026-01-23 06:00:00,Cluster-Gamma,61.59303636077139,12.307830481681439,796.4403828419278,0.15,0
2026-01-23 07:00:00,Cluster-Beta,37.504092604074145,25.543719098942223,107.97893717461976,0.3,0
2026-01-23 08:00:00,Cluster-Delta,15.610907994577804,40.26604208125193,278.66758112878875,0.3,0
2026-01-23 09:00:00,Cluster-Gamma,19.065955072348913,62.12876960729466,856.5583277774657,0.3,0
2026-01-23 10:00:00,Cluster-Alpha,25.954474485464864,47.1131305373807,353.00459420788053,0.6,0
2026-01-23 11:00:00,Cluster-Beta,28.339899504647715,59.20143293982538,973.3148960190194,1.2,0
2026-01-23 12:00:00,Cluster-Gamma,84.10729337922582,49.25714761547898,979.9369914261212,0.15,0
2026-01-23 13:00:00,Cluster-Beta,57.193719310274815,38.68645207132883,275.5932602490211,1.2,0
2026-01-23 14:00:00,Cluster-Gamma,53.67535475781608,13.905448886453362,50.568440027391546,0.3,0
2026-01-23 15:00:00,Cluster-Beta,15.673505083837224,43.33451041733581,708.0126513633253,0.15,0
2026-01-23 16:00:00,Cluster-Alpha,84.99299148149746,40.649533089514236,456.4766376218603,0.15,0
2026-01-23 17:00:00,Cluster-Delta,72.22173019838898,39.35308856835052,109.74531551998052,0.6,0
2026-01-23 18:00:00,Cluster-Alpha,11.293157656700147,32.36672381527093,710.4475907882623,1.2,0
2026-01-23 19:00:00,Cluster-Delta,70.82866404236849,34.77670944733509,40.86316002080201,0.6,0
2026-01-23 20:00:00,Cluster-Beta,55.54905421286608,22.73543668132245,871.4947235873198,0.3,0
2026-01-23 21:00:00,Cluster-Gamma,12.600457154450378,34.1973869438228,147.2660038221707,1.2,0
2026-01-23 22:00:00,Cluster-Alpha,47.621959662165054,14.248466152065651,136.03875995925776,0.3,0
2026-01-23 23:00:00,Cluster-Delta,50.076754703094366,51.920812636343356,183.91557498889867,0.6,0
2026-01-24 00:00:00,Cluster-Alpha,20.417032235184646,13.518171191319883,960.6636949071459,0.6,0
2026-01-24 01:00:00,Cluster-Delta,92.94992767102626,7.267909973146918,696.2376666513076,0.15,0
2026-01-24 02:00:00,Cluster-Alpha,84.04770954770156,29.047253634143757,803.3578201090004,1.2,0
2026-01-24 03:00:00,Cluster-Delta,67.21907737160707,42.81506124937584,403.6586358754255,1.2,0
2026-01-24 04:00:00,Cluster-Delta,47.99348717305647,29.138443145879563,342.949600229906,0.15,0
2026-01-24 05:00:00,Cluster-Beta,43.29419536735929,19.158756180981133,242.13916671533823,1.2,0
2026-01-24 06:00:00,Cluster-Delta,65.54053244503874,36.606613401207326,485.84154802928487,0.3,0
2026-01-24 07:00:00,Cluster-Beta,55.72516385484221,23.514144795556398,556.3104461988269,0.3,0
2026-01-24 08:00:00,Cluster-Delta,10.791398847015362,59.83779678785125,635.4570952162278,0.6,0
2026-01-24 09:00:00,Cluster-Gamma,52.66274633564085,59.20399865542147,264.5473189587076,0.3,0
2026-01-24 10:00:00,Cluster-Gamma,79.99553640265407,33.147052838269914,949.1675400939607,1.2,0
2026-01-24 11:00:00,Cluster-Gamma,47.7093086165171,22.32880762913203,178.0609132250645,0.15,0
2026-01-24 12:00:00,Cluster-Delta,9.831961712546963,47.70220966531162,965.9966430187482,0.6,0
2026-01-24 13:00:00,Cluster-Beta,78.12387254271508,4.276202495950132,24.70756128242875,0.15,0
2026-01-24 14:00:00,Cluster-Beta,23.72683173864562,31.435678374706377,486.3144348986772,0.6,0
2026-01-24 15:00:00,Cluster-Delta,29.051737644587607,22.85205044476068,340.03415973539717,0.6,0
2026-01-24 16:00:00,Cluster-Gamma,20.317690869203517,59.07322487635839,454.63217979094827,0.15,0
2026-01-24 17:00:00,Cluster-Gamma,35.71000103304927,2.7441876909063176,574.9579331909812,0.3,0
2026-01-24 18:00:00,Cluster-Beta,75.37789002904306,36.27452229453765,441.23326643258196,0.3,0
2026-01-24 19:00:00,Cluster-Gamma,53.302884933866174,47.92114202613081,420.698381798579,0.3,0
2026-01-24 20:00:00,Cluster-Alpha,24.053958496016268,32.071115226490555,735.3961812591734,0.3,0
2026-01-24 21:00:00,Cluster-Beta,86.63819726813979,7.294987870088743,689.0175123356,0.15,0
2026-01-24 22:00:00,Cluster-Gamma,86.80111251049222,62.29260618172994,834.9385692154895,1.2,1
2026-01-24 23:00:00,Cluster-Beta,85.96379352927865,34.11664674531807,257.4593914271006,0.6,0
2026-01-25 00:00:00,Cluster-Alpha,27.208047658483153,40.079547147778705,613.433224656523,0.15,0
2026-01-25 01:00:00,Cluster-Beta,46.96525900883189,16.669806527865454,589.3428375389253,0.3,0
2026-01-25 02:00:00,Cluster-Beta,96.60403802110139,31.976881276621835,376.04043276396186,0.3,0
2026-01-25 03:00:00,Cluster-Beta,76.7971602968291,28.607268501415955,491.1969664836541,0.15,0
2026-01-25 04:00:00,Cluster-Beta,7.526570173977063,6.6435422041229915,320.64432187267147,0.6,0
2026-01-25 05:00:00,Cluster-Alpha,11.06402698722576,8.581941919942967,150.42595364081535,0.15,0
2026-01-25 06:00:00,Cluster-Delta,48.145618043546946,53.92329621636402,221.6631985561055,0.15,0
2026-01-25 07:00:00,Cluster-Beta,89.5574791451251,16.868837036808596,114.45850993718908,1.2,0
2026-01-25 08:00:00,Cluster-Beta,55.099267209602424,14.087412832915094,686.2388794382229,0.15,0
2026-01-25 09:00:00,Cluster-Gamma,51.29656324718899,33.30450997750863,664.12011917806,1.2,0
2026-01-25 10:00:00,Cluster-Beta,14.809054095966644,49.6623221444758,951.1003078640741,0.6,0
2026-01-25 11:00:00,Cluster-Gamma,66.08054973935936,5.840684151897251,732.3816295107689,0.15,0
2026-01-25 12:00:00,Cluster-Delta,81.45559393582097,37.76209101757186,61.52538036857013,0.15,0
2026-01-25 13:00:00,Cluster-Alpha,40.3790606982033,9.391047456115547,885.4027221896647,0.3,0
2026-01-25 14:00:00,Cluster-Alpha,77.13190213605546,4.260585151188344,864.0484113162685,0.15,0
2026-01-25 15:00:00,Cluster-Delta,94.69632881277548,5.270125034057478,448.8871175649717,0.3,0
2026-01-25 16:00:00,Cluster-Alpha,23.950280698875087,53.718174708923364,590.0044200226423,0.3,0
2026-01-25 17:00:00,Cluster-Delta,53.66965570111094,9.314293984939816,976.3175491477937,0.3,0
2026-01-25 18:00:00,Cluster-Delta,31.703830101865524,4.799384593562101,536.9813202096846,0.6,0
2026-01-25 19:00:00,Cluster-Delta,78.73546097014706,29.149793002860562,906.2686100923289,1.2,0
2026-01-25 20:00:00,Cluster-Alpha,58.71618302694765,54.32759526040554,92.20837023208458,0.3,0
2026-01-25 21:00:00,Cluster-Gamma,64.01616483217825,18.26931934233672,199.14135002159603,0.15,0
2026-01-25 22:00:00,Cluster-Delta,79.20601684427815,28.146182286606816,446.34739400690466,0.15,0
2026-01-25 23:00:00,Cluster-Beta,41.825253957608304,4.475197018952576,588.9092402539317,0.3,0
2026-01-26 00:00:00,Cluster-Alpha,90.10337636185501,29.842867876362305,818.0655733441722,0.3,0
2026-01-26 01:00:00,Cluster-Delta,54.57168465389102,37.81201099950229,988.379493991755,0.15,0
2026-01-26 02:00:00,Cluster-Delta,19.689798523687365,37.39623733263298,394.96298150937525,0.3,0
2026-01-26 03:00:00,Cluster-Beta,69.71861798969863,22.61045491481064,56.94147977868408,1.2,0
2026-01-26 04:00:00,Cluster-Gamma,78.77330559075766,21.5630572011144,803.1597882623715,1.2,0
2026-01-26 05:00:00,Cluster-Gamma,34.45883596727998,8.610664374069069,608.33691189198,0.6,0
2026-01-26 06:00:00,Cluster-Gamma,84.71767090088403,24.74149588006864,206.55743027951965,0.3,0
2026-01-26 07:00:00,Cluster-Delta,89.27132269321628,8.16866947012381,499.88017205520595,0.6,0
2026-01-26 08:00:00,Cluster-Delta,30.75211732613623,49.5289485721472,744.8871430783871,0.6,0
2026-01-26 09:00:00,Cluster-Delta,96.46749696251565,61.90900646038752,772.7076691979573,0.6,1
2026-01-26 10:00:00,Cluster-Alpha,18.086172108534534,62.144616313335824,504.62222787877437,0.3,0
2026-01-26 11:00:00,Cluster-Beta,23.78745716143157,55.634408161274415,312.1623848275705,0.6,0
2026-01-26 12:00:00,Cluster-Delta,22.13291004913643,39.24911325905639,974.0051562181086,1.2,0
2026-01-26 13:00:00,Cluster-Beta,88.14104303073195,45.453673229120554,666.7289848469279,0.6,0
2026-01-26 14:00:00,Cluster-Beta,65.84920736622146,19.682759766185672,414.1551441528357,1.2,0
2026-01-26 15:00:00,Cluster-Gamma,19.145698339671377,41.10776605070248,287.6585919626059,1.2,0
2026-01-26 16:00:00,Cluster-Alpha,45.95007790825645,30.2502720652724,733.7919531735265,0.3,0
2026-01-26 17:00:00,Cluster-Delta,62.22271633149159,31.885075066169815,249.76161113783002,0.6,0
2026-01-26 18:00:00,Cluster-Gamma,12.762159904012647,48.98214674325979,179.9928890839513,0.3,0
2026-01-26 19:00:00,Cluster-Gamma,87.06472226188251,19.4789380470296,534.5355500724496,1.2,0
2026-01-26 20:00:00,Cluster-Delta,79.73512879606277,21.718455925060233,297.08751871770045,0.15,0
2026-01-26 21:00:00,Cluster-Beta,51.98422994262736,59.327791049975474,632.6160934743789,0.6,0
2026-01-26 22:00:00,Cluster-Gamma,94.94277521910286,5.485906280760279,126.75928812549115,0.3,0
2026-01-26 23:00:00,Cluster-Beta,43.85177107258427,32.1093265016271,658.3916935216483,0.15,0
2026-01-27 00:00:00,Cluster-Alpha,96.52225967039429,58.593649625287426,290.4635627177252,0.6,1
2026-01-27 01:00:00,Cluster-Beta,67.11655988873733,39.84250648472573,10.240505090167604,0.6,0
2026-01-27 02:00:00,Cluster-Alpha,64.02442841261656,35.877238601152186,135.66669709743462,0.3,0
2026-01-27 03:00:00,Cluster-Beta,20.433805262508002,17.48413911222002,934.2792240567431,0.15,0
2026-01-27 04:00:00,Cluster-Gamma,87.0192815223319,23.283080321995794,868.6810927242043,0.3,0
2026-01-27 05:00:00,Cluster-Gamma,44.75654097661721,54.82700177989096,241.27294171587448,0.6,0
2026-01-27 06:00:00,Cluster-Alpha,20.08770673777058,36.67152416964441,780.5881855000363,0.6,0
2026-01-27 07:00:00,Cluster-Delta,6.172499357745591,33.91401601292036,612.4858772422346,1.2,0
2026-01-27 08:00:00,Cluster-Alpha,57.057278578369576,8.173942239481793,971.1956643353708,0.6,0
2026-01-27 09:00:00,Cluster-Alpha,54.0481648574089,2.9937457002176338,379.8696029387185,0.6,0
2026-01-27 10:00:00,Cluster-Beta,71.89988688033175,61.74848169859705,684.6460063919995,0.15,0
2026-01-27 11:00:00,Cluster-Beta,87.7939989306556,25.373142371784184,72.9003651996794,0.15,0
2026-01-27 12:00:00,Cluster-Alpha,12.384812371801745,39.39920985016927,402.2848733482419,1.2,0
2026-01-27 13:00:00,Cluster-Gamma,73.0291736016537,6.94233453761167,964.1794845762987,1.2,0
2026-01-27 14:00:00,Cluster-Beta,22.429310801075147,44.353085714828886,543.5910657056194,1.2,0
2026-01-27 15:00:00,Cluster-Delta,84.81046594361625,59.81913593976958,295.0007083014961,0.3,0
2026-01-27 16:00:00,Cluster-Beta,81.17290678913402,37.691245685840016,129.06825349732077,0.3,0
2026-01-27 17:00:00,Cluster-Beta,55.29381921365563,9.819149987275456,706.4930567797152,1.2,0
2026-01-27 18:00:00,Cluster-Delta,71.05258027196797,38.06673470335556,648.4074829954295,0.3,0
2026-01-27 19:00:00,Cluster-Alpha,34.2345605260886,49.51352721248845,380.19932646773685,0.6,0
2026-01-27 20:00:00,Cluster-Delta,48.81861460075176,27.197825267589156,951.4319383471759,1.2,0
2026-01-27 21:00:00,Cluster-Alpha,81.41223148707387,56.549940372371005,31.980784857971816,1.2,0
2026-01-27 22:00:00,Cluster-Alpha,47.711663337108895,42.218343108156596,310.68661311550755,0.3,0
2026-01-27 23:00:00,Cluster-Alpha,38.27523867526609,57.753432933930554,921.8587914365856,0.15,0
2026-01-28 00:00:00,Cluster-Delta,50.96175759427789,40.657329297334904,327.72608393624597,1.2,0
2026-01-28 01:00:00,Cluster-Alpha,82.02718047666131,10.139854264299101,259.73030551661867,0.3,0
2026-01-28 02:00:00,Cluster-Gamma,36.17434840549116,21.200886088521724,538.8782058319348,0.3,0
2026-01-28 03:00:00,Cluster-Delta,21.159828161624173,14.51128679165233,825.5637324213325,0.15,0
2026-01-28 04:00:00,Cluster-Gamma,71.21730389076261,58.34724285844546,112.11529326957745,1.2,0
2026-01-28 05:00:00,Cluster-Alpha,81.81597378185161,49.14480417182393,943.5905025492788,0.15,0
2026-01-28 06:00:00,Cluster-Beta,14.3592855026886,43.93669887242037,797.1221523693524,0.6,0
2026-01-28 07:00:00,Cluster-Alpha,27.30829248630286,20.659911817160545,189.4377529960364,0.15,0
2026-01-28 08:00:00,Cluster-Gamma,18.203395047772432,13.410775867113239,714.887881586181,0.15,0
2026-01-28 09:00:00,Cluster-Gamma,37.358551277141494,48.899967455312535,391.10913541118157,0.3,0
2026-01-28 10:00:00,Cluster-Delta,46.882641038203374,31.39779264450294,408.2717312955555,0.15,0
2026-01-28 11:00:00,Cluster-Beta,74.6408493375875,15.998952233339006,785.4571915144777,0.6,0
2026-01-28 12:00:00,Cluster-Delta,65.55672539399569,40.23056264624706,963.1569599009249,0.3,0
2026-01-28 13:00:00,Cluster-Gamma,62.7463567754941,4.500698832584023,135.38931411872198,0.6,0
2026-01-28 14:00:00,Cluster-Alpha,37.77087003469786,22.222555755951717,426.4239345100312,0.15,0
2026-01-28 15:00:00,Cluster-Beta,83.25462243688267,31.05053366465035,486.1321920034605,0.6,0
2026-01-28 16:00:00,Cluster-Alpha,48.8297065680293,11.173416714783162,382.54869878544764,0.6,0
2026-01-28 17:00:00,Cluster-Alpha,96.05675923540937,63.04857761063205,369.5572324790628,0.15,1
2026-01-28 18:00:00,Cluster-Beta,63.97521886150353,14.964036604556084,61.74598088598057,0.15,0
2026-01-28 19:00:00,Cluster-Delta,16.742620965498755,10.081894062682464,688.683234356997,0.3,0
2026-01-28 20:00:00,Cluster-Alpha,67.88451327301536,14.619162180987576,441.8522729488449,0.3,0
2026-01-28 21:00:00,Cluster-Gamma,35.234673435148004,49.681790255902904,202.8458646174875,1.2,0
2026-01-28 22:00:00,Cluster-Alpha,68.82842929180705,28.381350874854252,817.8731672790477,0.3,0
2026-01-28 23:00:00,Cluster-Beta,11.476626779103734,37.05578826465736,804.5351406701117,0.15,0
2026-01-29 00:00:00,Cluster-Beta,21.26397365736422,3.3025677331543664,491.5277118080049,0.6,0
2026-01-29 01:00:00,Cluster-Beta,84.58356507823812,4.1347411315455025,305.46615453628294,0.6,0
2026-01-29 02:00:00,Cluster-Delta,26.127698803186885,29.641184089275,641.7117985384879,0.3,0
2026-01-29 03:00:00,Cluster-Alpha,82.84482464759343,52.63262507850066,295.27061441962906,0.3,0
2026-01-29 04:00:00,Cluster-Delta,30.97267622626017,56.884810479869046,243.64785102047492,0.15,0
2026-01-29 05:00:00,Cluster-Delta,64.78801763545981,7.375807190929693,733.2095074860633,0.6,0
2026-01-29 06:00:00,Cluster-Beta,69.55600333641428,35.37851233026341,49.92198732374119,1.2,0
2026-01-29 07:00:00,Cluster-Beta,52.676892042489925,58.62024054931477,103.82078632424802,1.2,0
2026-01-29 08:00:00,Cluster-Delta,33.39389293279601,26.054310772668956,16.720292283353878,0.3,0
2026-01-29 09:00:00,Cluster-Alpha,24.77592700251194,53.43308154855885,161.4137546106719,1.2,0
2026-01-29 10:00:00,Cluster-Gamma,8.086609974305638,10.289130572765044,78.30010862335486,0.15,0
2026-01-29 11:00:00,Cluster-Delta,33.26701531538731,59.99445835940352,995.8443441021194,1.2,0
2026-01-29 12:00:00,Cluster-Alpha,65.74413951940932,48.588245686940766,295.9218702545487,0.3,0
2026-01-29 13:00:00,Cluster-Beta,92.26234811570889,60.3627323527879,157.7753325425548,0.15,1
2026-01-29 14:00:00,Cluster-Beta,86.02201685046384,43.9502684802554,248.58629541595877,0.6,0
2026-01-29 15:00:00,Cluster-Alpha,76.24402421778314,24.531043783964474,936.7643158247333,0.15,0
2026-01-29 16:00:00,Cluster-Gamma,78.32560292255678,60.16723269653279,524.9586207941518,0.3,0
2026-01-29 17:00:00,Cluster-Beta,66.84359602326757,19.085140131169066,371.1699153447783,0.3,0
2026-01-29 18:00:00,Cluster-Beta,29.206677753638278,22.594696367827417,874.6575433301272,1.2,0
2026-01-29 19:00:00,Cluster-Beta,89.36913785564218,45.450121916107896,401.0403678435421,1.2,0
2026-01-29 20:00:00,Cluster-Alpha,67.37810500724257,49.449610570573945,341.65848425811885,0.6,0
2026-01-29 21:00:00,Cluster-Delta,57.120978681180915,59.62301599864754,215.2096973242382,0.6,0
2026-01-29 22:00:00,Cluster-Beta,15.32202063685374,14.69774936148499,384.0188556703174,0.3,0
2026-01-29 23:00:00,Cluster-Delta,46.576165573997564,51.47587818359189,323.5175124567568,0.3,0
2026-01-30 00:00:00,Cluster-Gamma,47.813319221779146,47.789855310611735,680.5309197051596,0.3,0
2026-01-30 01:00:00,Cluster-Beta,85.40441568560831,5.9552624877230675,296.6868776240198,0.6,0
2026-01-30 02:00:00,Cluster-Beta,55.83828447746433,26.00783475503283,581.4277489583359,0.3,0
2026-01-30 03:00:00,Cluster-Gamma,40.3772510542481,19.531458337726114,75.23324338165298,0.6,0
2026-01-30 04:00:00,Cluster-Beta,95.84243055149132,20.878406309949884,199.3762651295492,0.3,0
2026-01-30 05:00:00,Cluster-Delta,15.297015179347358,62.942706532391455,413.3312188952353,0.15,0
2026-01-30 06:00:00,Cluster-Alpha,44.29700383301085,41.85219963575553,937.5797613696085,0.15,0
2026-01-30 07:00:00,Cluster-Delta,8.908294790940692,46.49592178319698,383.47946585853845,0.3,0
2026-01-30 08:00:00,Cluster-Alpha,73.81108323132452,62.55029351353057,667.4333799878358,0.15,0
2026-01-30 09:00:00,Cluster-Alpha,90.381119354521,25.386510512373597,262.53635019718416,0.6,0
2026-01-30 10:00:00,Cluster-Delta,31.043471648195517,51.71409044407397,135.76324021349942,1.2,0
2026-01-30 11:00:00,Cluster-Delta,84.82577594231824,28.94091972487871,67.95123407924962,0.15,0
2026-01-30 12:00:00,Cluster-Delta,32.17629543295649,55.91108765252874,312.35936355732383,1.2,0
2026-01-30 13:00:00,Cluster-Delta,89.70162503288411,13.200767561300797,166.08441652893887,0.15,0
2026-01-30 14:00:00,Cluster-Gamma,75.1184570345009,60.75654297798533,182.27034353596295,0.6,0
2026-01-30 15:00:00,Cluster-Beta,79.85633024625379,15.56384592147454,763.1517153030806,0.15,0
2026-01-30 16:00:00,Cluster-Alpha,6.674609670842268,22.225671432817755,25.679690235425475,0.15,0
2026-01-30 17:00:00,Cluster-Delta,94.54136320788442,48.88391851462039,562.2320244780801,0.3,0
2026-01-30 18:00:00,Cluster-Delta,72.58040226254006,26.412818777055215,385.66676678753015,1.2,0
2026-01-30 19:00:00,Cluster-Delta,33.3418518709104,39.70910535951969,511.48449990946176,1.2,0
2026-01-30 20:00:00,Cluster-Gamma,82.13370383187277,29.56355706630457,567.2019348424569,0.6,0
2026-01-30 21:00:00,Cluster-Delta,31.181471452588486,48.02693609956647,320.2340175127054,0.6,0
2026-01-30 22:00:00,Cluster-Delta,86.1661070796499,16.15653764685387,302.1577715824424,1.2,0
2026-01-30 23:00:00,Cluster-Delta,15.469976308310143,5.624395208686375,736.0678308415567,0.3,0
2026-01-31 00:00:00,Cluster-Beta,70.442795903854,20.595622643330106,872.5642182399456,0.3,0
2026-01-31 01:00:00,Cluster-Gamma,55.28495832797666,31.407137221842675,200.6558161339426,1.2,0
2026-01-31 02:00:00,Cluster-Delta,13.977705728175996,12.41724323594607,106.64257292979747,0.15,0
2026-01-31 03:00:00,Cluster-Alpha,27.496126028072027,23.997431958696097,898.8178483281057,1.2,0
2026-01-31 04:00:00,Cluster-Alpha,6.153575373790275,26.79894713420125,356.39650901092466,0.15,0
2026-01-31 05:00:00,Cluster-Alpha,48.59542078819904,5.55829430867296,555.8042167561861,1.2,0
2026-01-31 06:00:00,Cluster-Gamma,33.017669250680036,38.16504938742068,365.94771307480346,0.15,0
2026-01-31 07:00:00,Cluster-Gamma,60.64724603969157,56.829292534219825,134.54431298259078,0.3,0
2026-01-31 08:00:00,Cluster-Alpha,32.643116116901396,11.40806060308925,593.4383284982508,1.2,0
2026-01-31 09:00:00,Cluster-Delta,32.89247737014958,39.06409683089387,529.8894432519334,0.6,0
2026-01-31 10:00:00,Cluster-Gamma,74.11696748203912,43.21383070447247,210.96362359928526,0.15,0
2026-01-31 11:00:00,Cluster-Alpha,9.47728374598687,27.998750185995878,457.3503542057551,0.3,0
2026-01-31 12:00:00,Cluster-Alpha,88.96923455285481,45.46805041658474,798.9780289754893,0.6,0
2026-01-31 13:00:00,Cluster-Delta,84.26054031837988,27.465355696442746,594.5218420768124,0.3,0
2026-01-31 14:00:00,Cluster-Beta,67.1058355400558,33.287511854600965,105.9481537963249,0.15,0
2026-01-31 15:00:00,Cluster-Gamma,60.16960601998674,2.4558887623744727,552.5412822568437,1.2,0
2026-01-31 16:00:00,Cluster-Delta,87.98413232698766,44.886647076350705,705.710916296691,0.3,0
2026-01-31 17:00:00,Cluster-Alpha,22.235706696170443,43.003246094572916,794.7763717229438,1.2,0
2026-01-31 18:00:00,Cluster-Alpha,12.344132083747061,4.380854394233363,632.8264028479241,1.2,0
2026-01-31 19:00:00,Cluster-Delta,27.274445801587042,24.831506658498252,161.13158289537589,0.3,0
2026-01-31 20:00:00,Cluster-Gamma,78.8957799191177,62.69997412908338,713.071533924259,0.3,0
2026-01-31 21:00:00,Cluster-Beta,8.224334805562949,28.08566687925424,680.5684276207012,0.3,0
2026-01-31 22:00:00,Cluster-Beta,59.20103566276453,33.120615118174186,34.18261411122689,1.2,0
2026-01-31 23:00:00,Cluster-Alpha,97.57568900579183,58.41566980590255,417.63019091434074,0.6,1
2026-02-01 00:00:00,Cluster-Gamma,84.57973672689117,46.4702363036769,339.62074449274957,0.15,0
2026-02-01 01:00:00,Cluster-Beta,53.49444908105382,38.08834812970186,672.717943611107,0.6,0
2026-02-01 02:00:00,Cluster-Gamma,10.918604563657738,51.463890243146494,223.97445418781152,1.2,0
2026-02-01 03:00:00,Cluster-Gamma,82.31773683787101,55.59070852027034,594.9632037445159,0.3,0
2026-02-01 04:00:00,Cluster-Alpha,60.70500126048058,30.327060447710547,914.0739021960306,0.3,0
2026-02-01 05:00:00,Cluster-Beta,15.688768726539715,31.456718625773796,799.8243484865217,0.15,0
2026-02-01 06:00:00,Cluster-Delta,13.728727488572126,25.93515801041382,922.2431588543651,0.15,0
2026-02-01 07:00:00,Cluster-Alpha,89.59529420760309,61.93578068114456,978.7209072633631,0.6,1
2026-02-01 08:00:00,Cluster-Beta,67.23562445324129,45.22430776600172,20.563425736101138,0.6,0
2026-02-01 09:00:00,Cluster-Beta,82.12367233645827,7.159830104900482,626.5138636137028,0.15,0
2026-02-01 10:00:00,Cluster-Beta,86.74503772625086,55.50349664540715,418.71100378131734,1.2,1
2026-02-01 11:00:00,Cluster-Beta,58.174828740493965,31.79471633184862,861.2559454317706,0.6,0
2026-02-01 12:00:00,Cluster-Beta,53.12251071321884,6.262742198194223,259.2965549890404,0.3,0
2026-02-01 13:00:00,Cluster-Gamma,45.02974915985209,36.08246982012528,981.2191942239253,0.3,0
2026-02-01 14:00:00,Cluster-Alpha,34.47603266457409,27.864185296493527,617.5708898483098,1.2,0
2026-02-01 15:00:00,Cluster-Gamma,45.41742435986019,56.42046310148274,795.6020282065426,0.15,0
2026-02-01 16:00:00,Cluster-Delta,76.97080798290455,14.647665423782017,94.74355729454064,0.6,0
2026-02-01 17:00:00,Cluster-Beta,60.97887908440724,53.24080578851534,191.6233059112764,0.3,0
2026-02-01 18:00:00,Cluster-Alpha,88.00466596580068,36.576698853498065,760.8196363038612,0.15,0
2026-02-01 19:00:00,Cluster-Beta,46.23434133726446,5.385838799235081,31.76665681893037,0.6,0
2026-02-01 20:00:00,Cluster-Alpha,61.45933082084412,62.25440868218005,818.709206034845,1.2,0
2026-02-01 21:00:00,Cluster-Gamma,63.71160243755495,33.78214513439839,23.809528504992336,0.3,0
2026-02-01 22:00:00,Cluster-Alpha,60.02783609448827,20.034364962358115,660.5476506706606,1.2,0
2026-02-01 23:00:00,Cluster-Delta,70.34494089695302,31.103224203334,371.4429810294878,1.2,0
2026-02-02 00:00:00,Cluster-Delta,27.081312558856983,55.18718257808432,615.3799041920071,1.2,0
2026-02-02 01:00:00,Cluster-Alpha,52.64983131175853,20.903993711873937,699.0710929192226,0.6,0
2026-02-02 02:00:00,Cluster-Alpha,14.692906661176334,13.94593658217542,349.05046699444114,1.2,0
2026-02-02 03:00:00,Cluster-Alpha,40.75955347096757,10.00241730971465,116.8828236297272,0.6,0
2026-02-02 04:00:00,Cluster-Alpha,50.35303738177759,20.4672827001931,78.94940907078299,0.6,0
2026-02-02 05:00:00,Cluster-Delta,65.65685613772894,50.362981396482695,593.0466623369224,1.2,0
2026-02-02 06:00:00,Cluster-Beta,93.39938789051693,31.240834642106226,525.4488001967704,1.2,0
2026-02-02 07:00:00,Cluster-Alpha,60.8605491889971,16.103859428999478,744.7789990299212,0.15,0
2026-02-02 08:00:00,Cluster-Alpha,74.15423420442006,12.30346997580445,514.6381549038978,0.3,0
2026-02-02 09:00:00,Cluster-Delta,52.08274353305386,22.629227543643506,428.2213321305703,0.15,0
2026-02-02 10:00:00,Cluster-Delta,63.97167491799881,60.27531111891395,404.10630645386857,0.3,0
2026-02-02 11:00:00,Cluster-Gamma,11.59669610044093,23.26765618058151,36.182433571690794,0.3,0
2026-02-02 12:00:00,Cluster-Alpha,28.658417018291768,63.263692709187396,342.2016296796906,0.15,0
2026-02-02 13:00:00,Cluster-Gamma,38.6523376680779,32.08428825745209,976.2599559492493,0.15,0
2026-02-02 14:00:00,Cluster-Delta,48.94188201560576,13.108162933989355,874.820020464818,0.3,0
2026-02-02 15:00:00,Cluster-Delta,9.245333331721687,57.25068569119758,336.0842863638755,0.3,0
2026-02-02 16:00:00,Cluster-Beta,18.022241072458545,30.542033134359265,591.9174510157085,0.3,0
2026-02-02 17:00:00,Cluster-Alpha,30.74373062459144,45.999623297280515,848.823778080139,0.6,0
2026-02-02 18:00:00,Cluster-Gamma,95.35254025379771,62.990118158967405,446.861593382568,0.3,1
2026-02-02 19:00:00,Cluster-Delta,35.81527166058372,5.1108717198383875,27.77828511264945,1.2,0
2026-02-02 20:00:00,Cluster-Delta,49.829818404423676,7.995062706829162,83.76535720045368,1.2,0
2026-02-02 21:00:00,Cluster-Gamma,23.237087284670544,46.668317970690886,515.2887941352195,1.2,0
2026-02-02 22:00:00,Cluster-Beta,61.80254661004645,19.473150204319264,969.7449819191196,0.15,0
2026-02-02 23:00:00,Cluster-Delta,31.10353904298561,13.426686610906142,696.2774467966791,0.15,0
2026-02-03 00:00:00,Cluster-Alpha,24.250309794773692,4.440436548823229,80.20702952418384,0.15,0
2026-02-03 01:00:00,Cluster-Delta,53.041254445476056,3.354496143144512,197.46726703394415,0.3,0
2026-02-03 02:00:00,Cluster-Alpha,5.512039321919136,50.01810739342703,773.6099117846816,1.2,0
2026-02-03 03:00:00,Cluster-Gamma,5.712755036377955,10.3348724969121,843.0253623566823,0.3,0
2026-02-03 04:00:00,Cluster-Alpha,25.373399246472772,30.998678190211354,621.517640326705,0.6,0
2026-02-03 05:00:00,Cluster-Gamma,8.415086712576366,39.565602541127944,647.9789379335184,0.6,0
2026-02-03 06:00:00,Cluster-Alpha,15.046395134154299,28.557811635268468,38.054075879550794,0.15,0
2026-02-03 07:00:00,Cluster-Gamma,36.5140403885039,3.6806124448464526,830.2449569856934,0.6,0
2026-02-03 08:00:00,Cluster-Alpha,79.6404682009226,50.577093160450346,790.3924560891213,1.2,0
2026-02-03 09:00:00,Cluster-Beta,58.20052383334498,2.6518199215825162,266.44479266231366,0.6,0
2026-02-03 10:00:00,Cluster-Alpha,52.67809851394673,49.23717345140401,711.5899527658519,0.15,0
2026-02-03 11:00:00,Cluster-Alpha,32.29446055835531,57.38487861486361,222.70606036074813,0.3,0
2026-02-03 12:00:00,Cluster-Beta,91.65309590725192,28.83607510554468,49.92685944099786,0.6,0
2026-02-03 13:00:00,Cluster-Delta,41.92239883505883,35.20363333206349,209.1251771644735,1.2,0
2026-02-03 14:00:00,Cluster-Delta,13.09962731200675,31.572970342294532,186.8425879867565,1.2,0
2026-02-03 15:00:00,Cluster-Alpha,62.387185998955516,26.130934354653206,344.37051676749877,1.2,0
2026-02-03 16:00:00,Cluster-Beta,15.586970593323931,57.020321192962335,424.2650022037035,0.3,0
2026-02-03 17:00:00,Cluster-Alpha,37.10575228055736,57.42387766153941,513.4535025827308,1.2,0
2026-02-03 18:00:00,Cluster-Gamma,52.189310300756226,22.82061460777514,481.98633675324487,0.15,0
2026-02-03 19:00:00,Cluster-Gamma,86.30269479572135,40.134324748911276,277.9678599056365,0.15,0
2026-02-03 20:00:00,Cluster-Alpha,50.89983197163104,59.468268853043575,38.87896188833372,1.2,0
2026-02-03 21:00:00,Cluster-Delta,70.31006524094478,61.64762693436379,609.0506060147792,0.6,0
2026-02-03 22:00:00,Cluster-Delta,97.33196602691355,33.55546050616695,401.78738154888083,1.2,0
2026-02-03 23:00:00,Cluster-Alpha,17.22848815051229,30.075137927628262,305.6854358136742,0.15,0
2026-02-04 00:00:00,Cluster-Alpha,30.550031873315316,19.2790475875686,868.2716324022072,0.15,0
2026-02-04 01:00:00,Cluster-Gamma,41.69557503058112,61.45005613780542,749.2758747201782,0.15,0
2026-02-04 02:00:00,Cluster-Delta,44.23002060411132,10.854486877317775,859.1878928887178,0.6,0
2026-02-04 03:00:00,Cluster-Alpha,43.224959999695756,37.94943371495895,500.03296676533637,0.6,0
2026-02-04 04:00:00,Cluster-Gamma,89.4078232377596,19.51811658615561,139.6219396055097,0.6,0
2026-02-04 05:00:00,Cluster-Delta,71.40503593541764,19.29851400156339,699.2592217600596,0.15,0
2026-02-04 06:00:00,Cluster-Beta,61.53518491043545,27.108052417323684,214.0130421378035,0.3,0
2026-02-04 07:00:00,Cluster-Gamma,33.77166276123873,63.92516202057058,446.8173724007996,1.2,0
2026-02-04 08:00:00,Cluster-Delta,81.6125057325804,5.407911024068968,74.35078105939961,1.2,0
2026-02-04 09:00:00,Cluster-Delta,93.82062756810397,37.86959272861895,827.0553183987525,0.15,0
2026-02-04 10:00:00,Cluster-Gamma,81.37144027717106,7.119473798187185,134.68123463702557,0.6,0
2026-02-04 11:00:00,Cluster-Beta,5.14555478280698,11.580291459412177,904.0665319788166,0.3,0
2026-02-04 12:00:00,Cluster-Gamma,64.18532742705685,29.25290238991972,865.5882962389416,0.3,0
2026-02-04 13:00:00,Cluster-Delta,9.755590474115367,33.64852814347936,469.9369367948536,0.6,0
2026-02-04 14:00:00,Cluster-Alpha,28.95747149103613,18.045129318600488,746.9245222609508,1.2,0
2026-02-04 15:00:00,Cluster-Alpha,10.535797132342767,21.620342114213802,623.2506230799718,1.2,0
2026-02-04 16:00:00,Cluster-Gamma,61.15297712429306,7.39195525586785,805.0448859143675,0.3,0
2026-02-04 17:00:00,Cluster-Delta,68.85286195481243,20.799626598343533,437.48704977805295,0.3,0
2026-02-04 18:00:00,Cluster-Alpha,15.647350340129176,61.92662324159373,787.9503994019066,0.6,0
2026-02-04 19:00:00,Cluster-Delta,40.69701612318309,60.57185766369386,467.8322488944965,1.2,0
2026-02-04 20:00:00,Cluster-Gamma,47.42999533286541,22.76245398849307,941.5561299643659,0.3,0
2026-02-04 21:00:00,Cluster-Alpha,39.321931023765245,37.392944049283216,491.50837981689614,1.2,0
2026-02-04 22:00:00,Cluster-Delta,16.25532504512295,58.39491424887855,467.99307921439225,0.3,0
2026-02-04 23:00:00,Cluster-Alpha,43.96214448743521,2.3833970037355936,787.2211429478776,0.6,0
2026-02-05 00:00:00,Cluster-Gamma,74.85955844618289,52.262381360930696,823.3619148432296,1.2,0
2026-02-05 01:00:00,Cluster-Delta,11.603712801592758,60.79891227291298,558.9442231779591,0.3,0
2026-02-05 02:00:00,Cluster-Alpha,12.456741309617021,7.662195528680538,187.99983536012465,0.3,0
2026-02-05 03:00:00,Cluster-Gamma,37.993730140746536,12.009756534041104,473.0806486480037,0.3,0
2026-02-05 04:00:00,Cluster-Alpha,92.58049118056003,61.56627077182404,968.3917778805816,0.3,1
2026-02-05 05:00:00,Cluster-Alpha,67.17725614523101,35.32748890570147,755.4563311087933,0.6,0
2026-02-05 06:00:00,Cluster-Beta,68.11630597054852,2.8801913372468695,813.0509778403409,1.2,0
2026-02-05 07:00:00,Cluster-Beta,38.658559147921444,17.97318392333881,42.497243831047726,1.2,0
2026-02-05 08:00:00,Cluster-Gamma,60.210453582394074,29.896507804669298,473.1808680078183,0.15,0
2026-02-05 09:00:00,Cluster-Beta,5.942200114580134,44.9603524835356,650.1549223209798,1.2,0
2026-02-05 10:00:00,Cluster-Gamma,64.15693231608742,47.455943444481576,831.7323567917939,0.15,0
2026-02-05 11:00:00,Cluster-Beta,89.93568612459002,63.71613380137828,58.780917046943756,0.3,1
2026-02-05 12:00:00,Cluster-Alpha,61.96933255606818,19.825694361793058,853.9144967854544,0.6,0
2026-02-05 13:00:00,Cluster-Gamma,86.25396919237009,35.369646315845465,552.9169273744926,0.6,0
2026-02-05 14:00:00,Cluster-Gamma,72.32949415834672,35.06605996729551,205.34083087029933,0.3,0
2026-02-05 15:00:00,Cluster-Alpha,16.211932725543193,27.150006085728727,324.082664285203,0.15,0
2026-02-05 16:00:00,Cluster-Gamma,88.92815757758328,12.488037418230052,289.11025623404515,0.3,0
2026-02-05 17:00:00,Cluster-Gamma,11.179277525087064,62.60230691739824,535.550443945591,0.6,0
2026-02-05 18:00:00,Cluster-Beta,54.65897494694203,54.905665573328335,61.168823112020505,0.6,0
2026-02-05 19:00:00,Cluster-Gamma,18.21875251279156,32.89664775424271,166.9507969149243,1.2,0
2026-02-05 20:00:00,Cluster-Delta,6.088714797974078,39.40121620640985,814.5661129420246,0.15,0
2026-02-05 21:00:00,Cluster-Alpha,44.24918619187043,16.090185320699064,141.27795083934296,1.2,0
2026-02-05 22:00:00,Cluster-Beta,32.43878581183653,35.714798364288306,241.0623067635457,0.6,0
2026-02-05 23:00:00,Cluster-Beta,50.198045923177084,45.0881482535315,458.83689954811575,0.6,0
2026-02-06 00:00:00,Cluster-Delta,58.679589466313224,33.940355759968504,521.9496792321971,1.2,0
2026-02-06 01:00:00,Cluster-Alpha,9.067733724732104,63.39768057626636,765.974374818017,1.2,0
2026-02-06 02:00:00,Cluster-Alpha,16.439306446508343,39.90318268735902,452.8591023995259,0.6,0
2026-02-06 03:00:00,Cluster-Beta,56.95374286988956,25.00037018071448,791.9659748251834,1.2,0
2026-02-06 04:00:00,Cluster-Gamma,36.914563845057216,49.87342571218196,622.1628439750028,1.2,0
2026-02-06 05:00:00,Cluster-Beta,72.81313434209866,12.568675718061808,121.96874202958423,0.15,0
2026-02-06 06:00:00,Cluster-Alpha,65.66312331905038,25.839980449788523,164.7681240089102,0.6,0
2026-02-06 07:00:00,Cluster-Delta,83.64120575806133,23.511454923410323,442.6633881952731,0.3,0
2026-02-06 08:00:00,Cluster-Beta,69.40183288023795,28.77203989668219,402.9204991581492,0.15,0
2026-02-06 09:00:00,Cluster-Alpha,44.983590197283775,50.47034920758103,746.1088269409216,0.3,0
2026-02-06 10:00:00,Cluster-Beta,67.58589588268221,32.01872799413126,584.9297683993783,1.2,0
2026-02-06 11:00:00,Cluster-Gamma,30.610449205753923,51.22889591648969,394.25175019222684,1.2,0
2026-02-06 12:00:00,Cluster-Beta,33.48715538637378,37.74231199467169,179.05268061588177,0.3,0
2026-02-06 13:00:00,Cluster-Beta,78.37561987263378,23.208304948768433,234.5687313022402,1.2,0
2026-02-06 14:00:00,Cluster-Alpha,46.51701502534714,52.21868210837529,579.7460082843684,1.2,0
2026-02-06 15:00:00,Cluster-Alpha,79.24937166820678,16.77395957429168,429.20441685079453,0.15,0
2026-02-06 16:00:00,Cluster-Alpha,81.48528075114989,15.91174474758732,519.7782337720653,0.3,0
2026-02-06 17:00:00,Cluster-Beta,84.75329740249938,33.279181291399816,178.97066094921132,0.15,0
2026-02-06 18:00:00,Cluster-Gamma,90.24707693323228,18.172653249649514,666.2771898211201,0.3,0
2026-02-06 19:00:00,Cluster-Delta,45.08162550773655,2.563396166975412,854.0133534474073,0.15,0
2026-02-06 20:00:00,Cluster-Delta,34.65461410386591,42.194446692525695,265.3601117190316,0.6,0
2026-02-06 21:00:00,Cluster-Alpha,59.14448343325259,33.68781693128868,496.5990835735083,0.6,0
2026-02-06 22:00:00,Cluster-Alpha,39.51903537969937,29.622104498575993,975.7720557306927,0.3,0
2026-02-06 23:00:00,Cluster-Beta,60.89989751242167,61.95204790633555,339.90932314522036,0.6,0
2026-02-07 00:00:00,Cluster-Delta,70.61948522587569,37.41434940570065,599.0958814745236,0.15,0
2026-02-07 01:00:00,Cluster-Alpha,69.02166671976873,55.53275782294184,99.29374319824193,0.3,0
2026-02-07 02:00:00,Cluster-Gamma,39.83341849287129,10.64591464471993,609.9548524546487,0.6,0
2026-02-07 03:00:00,Cluster-Gamma,20.51799875798401,37.29080071402451,98.73545557157173,0.6,0
2026-02-07 04:00:00,Cluster-Alpha,45.0392284769853,55.81473685731598,959.6430809705838,0.3,0
2026-02-07 05:00:00,Cluster-Alpha,18.26125539961751,38.152556951353674,718.5060255515883,0.6,0
2026-02-07 06:00:00,Cluster-Delta,87.77902427209418,46.51687904387409,790.2781902543494,0.6,0
2026-02-07 07:00:00,Cluster-Delta,37.16660384862074,25.066701204356857,707.0633171639205,0.3,0
2026-02-07 08:00:00,Cluster-Beta,19.364756491769114,7.7318700562981295,593.8317457157011,0.6,0
2026-02-07 09:00:00,Cluster-Delta,7.366641671234832,30.389818297878428,455.4136532746503,0.6,0
2026-02-07 10:00:00,Cluster-Gamma,65.06148192464303,26.457722232009168,859.7896459634518,0.6,0
2026-02-07 11:00:00,Cluster-Gamma,64.23191552329112,55.75773130749474,957.2673108676324,0.6,0
2026-02-07 12:00:00,Cluster-Alpha,36.67618749206012,17.12770874585328,504.0458111750405,1.2,0
2026-02-07 13:00:00,Cluster-Delta,11.669205662831544,61.9375221071767,932.2196986637093,0.3,0
2026-02-07 14:00:00,Cluster-Beta,43.095487225256576,61.40456342787876,587.4995808886323,1.2,0
2026-02-07 15:00:00,Cluster-Gamma,33.94322704089561,17.353161870429197,543.0003450274688,1.2,0
2026-02-07 16:00:00,Cluster-Gamma,67.97221949535587,23.57922123959387,459.9379056258031,0.15,0
2026-02-07 17:00:00,Cluster-Beta,61.3374701991002,57.52445593418087,217.19488391481866,1.2,0
2026-02-07 18:00:00,Cluster-Beta,38.90721672237122,61.93057769555867,13.682464209878598,1.2,0
2026-02-07 19:00:00,Cluster-Gamma,25.26400754571408,29.493224375834732,249.09116458750066,0.15,0
2026-02-07 20:00:00,Cluster-Gamma,96.88734485247004,21.901816829735665,514.6259398875295,0.6,0
2026-02-07 21:00:00,Cluster-Beta,47.22215077123868,34.61782882159561,386.160352737155,0.6,0
2026-02-07 22:00:00,Cluster-Gamma,69.00950392756205,44.641690794675554,454.00037572260743,1.2,0
2026-02-07 23:00:00,Cluster-Alpha,18.071425984787552,18.955419953248747,980.8417373684091,0.15,0
2026-02-08 00:00:00,Cluster-Alpha,50.159842068324,47.66133682638252,356.76964696263434,0.6,0
2026-02-08 01:00:00,Cluster-Beta,7.56091494786029,5.202756141107744,457.66110996650684,0.15,0
2026-02-08 02:00:00,Cluster-Delta,52.007325965671846,5.056258551393819,142.18039583929138,0.3,0
2026-02-08 03:00:00,Cluster-Beta,94.65361886194631,25.949837719023805,57.47815511261777,0.3,0
2026-02-08 04:00:00,Cluster-Beta,40.73122430767942,23.915337907764677,777.6554194465697,0.3,0
2026-02-08 05:00:00,Cluster-Delta,8.626629169466778,21.569259352763442,574.9763433212588,0.3,0
2026-02-08 06:00:00,Cluster-Delta,7.878888555498948,32.44322528547242,763.0977579834561,1.2,0
2026-02-08 07:00:00,Cluster-Delta,41.082768675058865,21.885482103317415,158.3641708976861,0.3,0
2026-02-08 08:00:00,Cluster-Alpha,19.882319091077047,13.919990945021699,576.110483470864,0.3,0
2026-02-08 09:00:00,Cluster-Gamma,7.171744958521289,21.187112043493258,261.1060495979618,0.15,0
2026-02-08 10:00:00,Cluster-Alpha,75.32786609736644,62.444064914234566,235.7811987310197,0.6,0
2026-02-08 11:00:00,Cluster-Gamma,47.64263982601583,27.489031853680615,21.410753912455405,0.15,0
2026-02-08 12:00:00,Cluster-Alpha,31.89976379345687,29.57219216521682,139.03731633338117,1.2,0
2026-02-08 13:00:00,Cluster-Gamma,88.7077360205327,37.74578937697068,316.1754303846984,0.3,0
2026-02-08 14:00:00,Cluster-Alpha,15.800923298648883,62.96712764168205,125.70997298502965,0.6,0
2026-02-08 15:00:00,Cluster-Delta,93.90045109284469,16.979279139017308,985.9998560068282,0.6,0
2026-02-08 16:00:00,Cluster-Beta,34.198904716093814,44.2394908530109,315.54632203871114,0.3,0
2026-02-08 17:00:00,Cluster-Alpha,87.62154152470735,46.391050999586895,139.02070723530488,0.3,0
2026-02-08 18:00:00,Cluster-Gamma,61.07368751258992,39.65411384117009,207.09148969967816,1.2,0
2026-02-08 19:00:00,Cluster-Delta,81.88378445595833,7.4918570574719325,591.8261960580617,1.2,0
2026-02-08 20:00:00,Cluster-Alpha,96.51322417857318,43.96608110130974,73.40308862614063,0.3,0
2026-02-08 21:00:00,Cluster-Alpha,31.821705717143352,5.973872084242879,863.8097888397454,0.3,0
2026-02-08 22:00:00,Cluster-Delta,94.38560014290614,38.96084427209361,961.8846824447759,0.3,0
2026-02-08 23:00:00,Cluster-Alpha,41.221816225925096,47.85403298774804,254.27994646070707,0.3,0
2026-02-09 00:00:00,Cluster-Beta,40.85260714053378,15.080133218436925,455.59431590495075,0.6,0
2026-02-09 01:00:00,Cluster-Alpha,36.65600069566903,54.18056446765199,31.9131065192021,1.2,0
2026-02-09 02:00:00,Cluster-Beta,55.35090748332542,3.8819359430462645,644.3031224799493,0.3,0
2026-02-09 03:00:00,Cluster-Beta,19.3354890155993,54.316397546814976,419.786797472063,0.3,0
2026-02-09 04:00:00,Cluster-Delta,56.49516813829504,30.540401139851436,277.35788144054015,0.6,0
2026-02-09 05:00:00,Cluster-Alpha,55.37854755413037,15.490452275761958,214.7687395104424,0.15,0
2026-02-09 06:00:00,Cluster-Delta,75.8568685722529,10.294244989626016,657.4828468821728,0.3,0
2026-02-09 07:00:00,Cluster-Alpha,82.52944646019546,61.105044390107096,422.0548607219913,0.6,0
2026-02-09 08:00:00,Cluster-Alpha,45.96104557905544,6.505266430031716,187.8626961396129,0.6,0
2026-02-09 09:00:00,Cluster-Gamma,33.116992189688915,14.343792036027391,692.2179906719558,0.15,0
2026-02-09 10:00:00,Cluster-Alpha,29.118145450489784,23.56498554084885,569.4215602063267,1.2,0
2026-02-09 11:00:00,Cluster-Delta,23.10001681355309,40.454560635589466,860.0853343802012,1.2,0
2026-02-09 12:00:00,Cluster-Beta,10.361225144509314,35.7776672871181,126.30113988772797,1.2,0
2026-02-09 13:00:00,Cluster-Alpha,36.847662031628346,9.789896529563467,787.8099359250116,0.3,0
2026-02-09 14:00:00,Cluster-Gamma,30.133035368162844,19.963134991769305,676.7816189490865,1.2,0
2026-02-09 15:00:00,Cluster-Delta,94.87681688557588,16.802609807333493,123.86082745981685,0.3,0
2026-02-09 16:00:00,Cluster-Alpha,56.866920841254085,15.239656978401166,697.8725225730035,0.3,0
2026-02-09 17:00:00,Cluster-Delta,37.2967646298372,27.490948861759197,447.1318159910321,0.6,0
2026-02-09 18:00:00,Cluster-Gamma,58.98348689241373,45.64995006068273,945.5349377002847,1.2,0
2026-02-09 19:00:00,Cluster-Gamma,17.945293225149683,15.482081797468629,150.19523711172033,1.2,0
2026-02-09 20:00:00,Cluster-Delta,46.29606867580487,24.734090541584848,646.4050569075806,1.2,0
2026-02-09 21:00:00,Cluster-Alpha,63.239791892158934,26.236880464152062,388.1602450083165,0.3,0
2026-02-09 22:00:00,Cluster-Beta,50.46749835669798,62.54030482499543,957.246523884969,0.3,0
2026-02-09 23:00:00,Cluster-Gamma,42.36542846085216,61.18931412650227,336.6751463373737,1.2,0
2026-02-10 00:00:00,Cluster-Alpha,97.42790016767194,51.60853013062871,962.5640503968822,0.3,1
2026-02-10 01:00:00,Cluster-Alpha,86.86927287985021,16.98285309078948,902.4709925897416,0.3,0
2026-02-10 02:00:00,Cluster-Beta,62.97675410882793,6.218313473683521,277.67940295754977,0.15,0
2026-02-10 03:00:00,Cluster-Gamma,57.952094589952296,21.648056538678734,805.5063590581634,0.15,0
2026-02-10 04:00:00,Cluster-Gamma,62.72142462368632,18.541262064897513,995.6481597854709,1.2,0
2026-02-10 05:00:00,Cluster-Alpha,23.722026027486294,33.36739960907642,260.1363721495695,1.2,0
2026-02-10 06:00:00,Cluster-Alpha,41.74781012358163,50.21913042420317,442.40939763008646,0.15,0
2026-02-10 07:00:00,Cluster-Beta,8.669736558853636,55.2160222104892,524.9789292010921,0.3,0
2026-02-10 08:00:00,Cluster-Beta,49.22578148627488,54.381573295451524,301.9818244458257,0.3,0
2026-02-10 09:00:00,Cluster-Gamma,55.501286308062674,24.299884795830202,25.112191249569463,0.6,0
2026-02-10 10:00:00,Cluster-Delta,26.18072545759849,44.60852929456234,227.9279517555514,1.2,0
2026-02-10 11:00:00,Cluster-Gamma,94.65468278639278,21.395720246501643,289.1175154983409,1.2,0
2026-02-10 12:00:00,Cluster-Alpha,89.57927881716351,5.776143680581328,449.1637043050053,1.2,0
2026-02-10 13:00:00,Cluster-Gamma,72.15932089739924,45.497046467382425,179.39145362926786,0.6,0
2026-02-10 14:00:00,Cluster-Delta,54.60495647517872,2.6093082593268466,874.5218131247559,0.6,0
2026-02-10 15:00:00,Cluster-Beta,85.9071318472347,27.36932042242629,707.8620214040227,0.3,0
2026-02-10 16:00:00,Cluster-Delta,17.150667975582053,22.421514696728696,94.34847278406536,0.15,0
2026-02-10 17:00:00,Cluster-Delta,78.51741086756431,44.98940738816885,653.591526628532,0.15,0
2026-02-10 18:00:00,Cluster-Delta,16.608335698916893,49.507219311143494,657.1199116415642,0.15,0
2026-02-10 19:00:00,Cluster-Beta,78.8615916170947,20.853867430219598,956.6589619071914,0.3,0
2026-02-10 20:00:00,Cluster-Delta,30.646383847376196,52.32087489558092,12.990662642599634,0.15,0
2026-02-10 21:00:00,Cluster-Delta,86.56942403469156,20.222839151305894,255.45312530774913,0.6,0
2026-02-10 22:00:00,Cluster-Delta,92.795914725762,29.672234319166797,928.5135645815624,0.6,0
2026-02-10 23:00:00,Cluster-Alpha,18.838025154675755,47.0751486748763,932.8125762443002,1.2,0
2026-02-11 00:00:00,Cluster-Delta,48.0288312710816,44.96105421193689,723.380555176931,0.15,0
2026-02-11 01:00:00,Cluster-Beta,96.23182616912972,63.216845283356406,768.1056878370646,0.6,1
2026-02-11 02:00:00,Cluster-Delta,49.956891545502636,15.959983501387775,100.56812835035065,1.2,0
2026-02-11 03:00:00,Cluster-Delta,85.3099195938527,43.06371063945411,518.7370764304512,0.15,0
2026-02-11 04:00:00,Cluster-Beta,59.75203155821275,39.8002783130982,239.2671613761094,0.15,0
2026-02-11 05:00:00,Cluster-Delta,39.905681436522976,58.73610417838186,189.40586317748108,0.6,0
2026-02-11 06:00:00,Cluster-Beta,31.57787066390593,11.694452781982253,812.2002661320993,1.2,0
2026-02-11 07:00:00,Cluster-Delta,23.899747471006116,48.61148614238984,143.68775531374195,1.2,0
2026-02-11 08:00:00,Cluster-Beta,75.84723179812585,37.23265420866364,473.96512062642137,0.6,0
2026-02-11 09:00:00,Cluster-Delta,40.948267134541595,19.029283926850134,939.1924571901727,0.6,0
2026-02-11 10:00:00,Cluster-Delta,52.54861798466986,31.414964677124793,193.9737350096891,0.6,0
2026-02-11 11:00:00,Cluster-Alpha,50.78626964010992,22.69414901832746,978.2134895008522,0.15,0
2026-02-11 12:00:00,Cluster-Alpha,58.686949718681205,37.917430972884574,994.3451059034485,0.6,0
2026-02-11 13:00:00,Cluster-Delta,85.49867454308335,57.11803787050928,560.0609831355789,0.6,1
2026-02-11 14:00:00,Cluster-Delta,96.20875895325894,37.296909033556524,178.44131277538634,0.3,0
2026-02-11 15:00:00,Cluster-Gamma,42.905331397364975,41.16678993624821,322.9438390614867,0.6,0
2026-02-11 16:00:00,Cluster-Beta,81.95925975588618,34.162366521111984,430.2479043497698,0.6,0
2026-02-11 17:00:00,Cluster-Gamma,76.10108490288874,5.172261399619506,316.2309821146407,0.15,0
2026-02-11 18:00:00,Cluster-Alpha,58.33819248536831,16.437230526317844,287.8292240777506,1.2,0
2026-02-11 19:00:00,Cluster-Alpha,93.91238435590978,32.50410722478913,972.5074121241939,0.15,0
2026-02-11 20:00:00,Cluster-Alpha,23.644129944141458,21.234587592171696,161.8311791415882,0.3,0
2026-02-11 21:00:00,Cluster-Alpha,15.161571558794792,13.269343061194041,735.9946296296937,0.6,0
2026-02-11 22:00:00,Cluster-Delta,84.41846292685426,33.25623619894318,10.406186544783122,0.6,0
2026-02-11 23:00:00,Cluster-Alpha,45.840932946938594,22.01420719376672,600.2208427083531,0.6,0
2026-02-12 00:00:00,Cluster-Delta,83.76810344125663,18.002673876751714,916.7835739145119,0.6,0
2026-02-12 01:00:00,Cluster-Delta,88.05738908317359,30.76709588130361,295.0547531522868,0.6,0
2026-02-12 02:00:00,Cluster-Alpha,10.808556206573645,10.263624001094735,193.670715505142,0.6,0
2026-02-12 03:00:00,Cluster-Alpha,87.16222295770365,59.52023545067525,655.1629969296428,0.3,1
2026-02-12 04:00:00,Cluster-Beta,46.69367214935626,55.79753007099282,715.4753932254092,0.6,0
2026-02-12 05:00:00,Cluster-Gamma,52.47022147739359,45.87247631591319,691.1502137624615,0.6,0
2026-02-12 06:00:00,Cluster-Alpha,63.27310353166855,8.585257310484284,326.1237112211603,0.6,0
2026-02-12 07:00:00,Cluster-Beta,91.15358242589807,50.104389777120964,259.68037813773753,0.3,1
2026-02-12 08:00:00,Cluster-Beta,6.777796781968055,52.09335434275918,956.3596119624237,0.6,0
2026-02-12 09:00:00,Cluster-Gamma,49.34644255355699,49.601406298288936,924.0665131872302,0.3,0
2026-02-12 10:00:00,Cluster-Delta,68.95814994604214,9.065885001392953,462.7434437938921,0.15,0
2026-02-12 11:00:00,Cluster-Alpha,72.21174706593524,41.92229333820141,847.7319274928296,0.6,0
2026-02-12 12:00:00,Cluster-Gamma,69.40551613295104,53.72813733646271,457.8002428579531,1.2,0
2026-02-12 13:00:00,Cluster-Alpha,17.50246703495533,37.7959108756194,430.1451278917853,0.3,0
2026-02-12 14:00:00,Cluster-Beta,32.843789718566356,42.077257264141515,165.19531812330172,0.15,0
2026-02-12 15:00:00,Cluster-Beta,38.360543863782254,30.41853572443098,432.1419959270531,0.3,0
2026-02-12 16:00:00,Cluster-Delta,79.81266031419396,34.77985383281126,542.0427692138089,0.3,0
2026-02-12 17:00:00,Cluster-Beta,30.924668134553432,4.131365217806963,32.279284154399605,0.15,0
2026-02-12 18:00:00,Cluster-Beta,24.595561639649894,41.61570736234364,449.67187512365234,0.6,0
2026-02-12 19:00:00,Cluster-Gamma,94.04266577054294,7.04972719925187,783.5426562112483,0.6,0
2026-02-12 20:00:00,Cluster-Alpha,5.824285515552607,28.97090484909385,683.2455958105271,0.3,0
2026-02-12 21:00:00,Cluster-Alpha,97.79733957842397,20.144616055379284,638.8054189752957,0.15,0
2026-02-12 22:00:00,Cluster-Gamma,67.94438079373779,35.81653291312621,910.4598741528305,0.6,0
2026-02-12 23:00:00,Cluster-Delta,82.04764484876789,10.27181280243884,27.85168972697771,0.3,0
2026-02-13 00:00:00,Cluster-Alpha,32.39960386019597,44.881890922345725,561.4771103303118,1.2,0
2026-02-13 01:00:00,Cluster-Beta,6.331320823036577,51.29071528956516,789.4753599256101,0.15,0
2026-02-13 02:00:00,Cluster-Alpha,73.6218652262223,12.127975884075703,545.9220288742546,1.2,0
2026-02-13 03:00:00,Cluster-Beta,82.57544752106284,8.467411415816695,330.6565970545754,1.2,0
2026-02-13 04:00:00,Cluster-Delta,73.86428027167727,11.021959932816268,144.8880594410581,0.3,0
2026-02-13 05:00:00,Cluster-Gamma,18.28507671897799,56.38190883770711,888.6874410980294,0.15,0
2026-02-13 06:00:00,Cluster-Alpha,75.06879676989813,34.74773422889408,476.05476846372693,0.6,0
2026-02-13 07:00:00,Cluster-Gamma,76.50981873601062,30.970181752465162,879.3340450158444,0.6,0
2026-02-13 08:00:00,Cluster-Alpha,66.2442679573151,8.616132784345965,589.9936012088366,0.3,0
2026-02-13 09:00:00,Cluster-Beta,76.24878174998952,42.27247241893163,677.4501954488508,0.6,0
2026-02-13 10:00:00,Cluster-Gamma,83.67069389002909,55.81597469749558,806.2185428346655,0.6,0
2026-02-13 11:00:00,Cluster-Alpha,62.06518262408363,53.347523898054085,662.563989154133,1.2,0
2026-02-13 12:00:00,Cluster-Beta,13.240238399180154,40.81539195680968,404.07429227214834,1.2,0
2026-02-13 13:00:00,Cluster-Gamma,50.34938629905061,6.667280432403765,518.4970500893645,0.15,0
2026-02-13 14:00:00,Cluster-Gamma,12.22138812445927,8.968615684912804,805.015069429121,1.2,0
2026-02-13 15:00:00,Cluster-Alpha,42.90150188601607,5.0571572008091294,379.91379340925437,0.6,0
2026-02-13 16:00:00,Cluster-Alpha,42.86090348868337,17.963711422533095,394.2402422008121,0.15,0
2026-02-13 17:00:00,Cluster-Alpha,11.138915505042467,10.41101096394342,104.73321489742113,0.15,0
2026-02-13 18:00:00,Cluster-Beta,37.44030965916158,18.1229784956509,915.4385908695302,0.3,0
2026-02-13 19:00:00,Cluster-Alpha,15.32282318759228,25.873599454575626,100.12595179598732,1.2,0
2026-02-13 20:00:00,Cluster-Gamma,80.16587453085766,60.464932612410415,651.7270856740703,0.15,0
2026-02-13 21:00:00,Cluster-Gamma,93.13498641469579,39.84331570646491,419.0625340147697,0.6,0
2026-02-13 22:00:00,Cluster-Alpha,11.72543219898829,53.768374712343665,411.5631963528879,0.15,0
2026-02-13 23:00:00,Cluster-Alpha,93.82571427812823,46.0417930441646,682.7563182069571,0.15,0
2026-02-14 00:00:00,Cluster-Delta,53.5996237383173,8.975194092651169,76.42279530357993,0.3,0
2026-02-14 01:00:00,Cluster-Gamma,32.859608049710275,47.62706519518483,597.7687251219203,0.6,0
2026-02-14 02:00:00,Cluster-Beta,12.148173000683206,19.056130656665715,774.3114681126312,0.6,0
2026-02-14 03:00:00,Cluster-Delta,51.55805693054886,41.6246865136718,829.9306303077283,1.2,0
2026-02-14 04:00:00,Cluster-Alpha,78.88994563763963,23.13964236586529,178.82508549983754,0.6,0
2026-02-14 05:00:00,Cluster-Alpha,70.75904238580293,63.85568032240887,898.444859577392,0.15,0
2026-02-14 06:00:00,Cluster-Gamma,9.67101906614956,18.340191728800225,659.5846309289678,0.6,0
2026-02-14 07:00:00,Cluster-Alpha,11.779870689215027,19.30608918800472,883.0362528124759,0.6,0
2026-02-14 08:00:00,Cluster-Beta,42.46721528483525,59.70167984486869,490.4279099390963,0.15,0
2026-02-14 09:00:00,Cluster-Gamma,32.46201594645872,3.5279530874520058,546.61301164623,0.3,0
2026-02-14 10:00:00,Cluster-Alpha,26.61174204421245,45.194717248138204,919.8478942583844,1.2,0
2026-02-14 11:00:00,Cluster-Gamma,31.133418398510365,46.97023622562445,900.9104479211251,1.2,0
2026-02-14 12:00:00,Cluster-Alpha,79.72389512661027,53.85547179944476,453.679264635312,0.3,0
2026-02-14 13:00:00,Cluster-Alpha,91.41820898776241,62.41523725958547,281.66850531932494,0.15,1
2026-02-14 14:00:00,Cluster-Alpha,42.67455059106368,62.48731898771245,399.2387302186215,1.2,0
2026-02-14 15:00:00,Cluster-Beta,89.26832319832222,6.047158969120762,393.8866852444522,0.3,0
2026-02-14 16:00:00,Cluster-Beta,34.89910021605302,52.95403801067995,293.998206232966,0.3,0
2026-02-14 17:00:00,Cluster-Gamma,49.30863972997262,42.07121588675764,275.8938082896369,0.3,0
2026-02-14 18:00:00,Cluster-Alpha,26.020696796887975,42.135212331131655,862.4523071149223,1.2,0
2026-02-14 19:00:00,Cluster-Alpha,64.5642719223535,9.957695450111078,79.16330147781507,1.2,0
2026-02-14 20:00:00,Cluster-Beta,96.04524371125723,42.311604319630504,680.8350702785982,1.2,0
2026-02-14 21:00:00,Cluster-Alpha,61.12485793203421,62.91391999727737,181.09185094188777,1.2,0
2026-02-14 22:00:00,Cluster-Beta,38.27670982256004,58.53275131144571,351.0608344601226,0.6,0
2026-02-14 23:00:00,Cluster-Alpha,65.24702247711915,29.22610096990073,70.92760379348849,0.3,0
2026-02-15 00:00:00,Cluster-Gamma,16.431623097281044,4.4767743437378495,277.27390048690745,0.6,0
2026-02-15 01:00:00,Cluster-Alpha,87.64529446468207,24.4621963800127,770.7368604060697,0.3,0
2026-02-15 02:00:00,Cluster-Alpha,51.78680742252478,53.23619931923442,886.165171301786,1.2,0
2026-02-15 03:00:00,Cluster-Delta,46.78952600968671,45.49294429084029,229.31188038334338,1.2,0
2026-02-15 04:00:00,Cluster-Beta,59.485425326177285,30.479306646825297,468.9123608663326,0.6,0
2026-02-15 05:00:00,Cluster-Alpha,63.10489923941443,5.416295179847528,475.6208074578343,0.15,0
2026-02-15 06:00:00,Cluster-Alpha,11.675149979065711,28.467473125044762,874.8395527021369,1.2,0
2026-02-15 07:00:00,Cluster-Delta,68.48340157377643,31.079546262508778,765.1710623470474,0.15,0
2026-02-15 08:00:00,Cluster-Delta,27.49964626934425,59.57044303943643,517.9464461843694,0.3,0
2026-02-15 09:00:00,Cluster-Beta,71.39759482311285,41.74733842209388,674.0397284670556,0.6,0
2026-02-15 10:00:00,Cluster-Delta,81.4957358777303,21.32248083258823,848.8815033702732,0.15,0
2026-02-15 11:00:00,Cluster-Gamma,79.76814120238438,34.569732395944726,19.443564485289492,0.15,0
2026-02-15 12:00:00,Cluster-Delta,56.38258996893369,6.095429084973924,408.8611307395481,1.2,0
2026-02-15 13:00:00,Cluster-Gamma,53.37579998489986,62.299230610283686,908.1707356043079,0.15,0
2026-02-15 14:00:00,Cluster-Beta,18.28746440456529,24.323713919705014,742.9099005355118,0.15,0
2026-02-15 15:00:00,Cluster-Beta,77.1071919874916,31.62777600461442,547.4129605907339,0.3,0
2026-02-15 16:00:00,Cluster-Beta,30.241072381544434,24.0276064026892,534.3480817647821,0.6,0
2026-02-15 17:00:00,Cluster-Beta,51.19267432206903,44.31572726720441,354.2923966283934,1.2,0
2026-02-15 18:00:00,Cluster-Beta,31.437490642259053,43.058393816434766,525.3153283050993,1.2,0
2026-02-15 19:00:00,Cluster-Gamma,17.446037758971464,46.34998325280641,658.8293674688188,0.15,0
2026-02-15 20:00:00,Cluster-Gamma,63.5488658109315,18.62488023593909,424.1794080445051,0.3,0
2026-02-15 21:00:00,Cluster-Beta,10.052879238530057,21.571445832172092,717.0116149282522,0.15,0
2026-02-15 22:00:00,Cluster-Delta,74.6240067737366,9.765576327964894,862.619904987782,0.15,0
2026-02-15 23:00:00,Cluster-Alpha,34.53557195928385,42.64161825445898,163.13799970301255,1.2,0
2026-02-16 00:00:00,Cluster-Beta,5.012526449417135,4.4674218948104585,457.03155258925017,0.15,0
2026-02-16 01:00:00,Cluster-Delta,52.53500994906237,39.05630480245446,413.9398903722303,0.15,0
2026-02-16 02:00:00,Cluster-Alpha,9.357227493067091,55.9211448608013,690.5901560092308,0.3,0
2026-02-16 03:00:00,Cluster-Beta,30.68376887734365,57.23159319395728,257.36879060535006,1.2,0
2026-02-16 04:00:00,Cluster-Beta,70.7488133333816,29.840341142937625,643.8484058027535,0.6,0
2026-02-16 05:00:00,Cluster-Gamma,10.830134810833526,30.476828669210573,878.7143493141731,0.3,0
2026-02-16 06:00:00,Cluster-Alpha,83.05847978910822,6.772089346497077,423.95028379568646,0.3,0
2026-02-16 07:00:00,Cluster-Alpha,5.355252807248229,43.587431577468216,911.9055429794279,0.3,0
2026-02-16 08:00:00,Cluster-Delta,27.95461983577691,52.91808406311642,993.2321015441437,1.2,0
2026-02-16 09:00:00,Cluster-Gamma,73.90407722214265,17.168613385492208,115.03112944847256,0.15,0
2026-02-16 10:00:00,Cluster-Gamma,34.41312392482553,28.12065466126861,240.72265610501006,0.6,0
2026-02-16 11:00:00,Cluster-Gamma,14.475992090139258,54.00803887944676,950.8759539672723,1.2,0
2026-02-16 12:00:00,Cluster-Gamma,38.50175444843979,56.38146899506186,958.7444096165729,0.15,0
2026-02-16 13:00:00,Cluster-Alpha,30.146575633760875,17.077158776382007,106.73020263289091,0.3,0
2026-02-16 14:00:00,Cluster-Alpha,83.3722069009316,36.13537934156458,24.848515373365316,1.2,0
2026-02-16 15:00:00,Cluster-Beta,34.14135633541831,13.934575339421277,169.48902302385804,0.15,0
2026-02-16 16:00:00,Cluster-Beta,78.37071987516867,8.316483376652506,996.0526555484258,0.6,0
2026-02-16 17:00:00,Cluster-Gamma,87.94410946739833,58.48947108630137,188.19962044458,0.6,1
2026-02-16 18:00:00,Cluster-Gamma,45.34502002061725,52.87146526239077,507.52213065480294,0.15,0
2026-02-16 19:00:00,Cluster-Gamma,89.62471237845845,49.12216391179678,849.9335491662059,1.2,0
2026-02-16 20:00:00,Cluster-Beta,40.09057901857693,5.023511766414706,30.197594581324275,0.3,0
2026-02-16 21:00:00,Cluster-Delta,94.65929273358006,54.31118514803596,608.4440924358748,0.15,1
2026-02-16 22:00:00,Cluster-Delta,13.303925780878282,29.158732706133794,284.25519438092806,0.3,0
2026-02-16 23:00:00,Cluster-Beta,68.89279178480157,23.228497644343296,863.7115672753342,0.6,0
2026-02-17 00:00:00,Cluster-Beta,50.92470576249437,35.88153438357334,290.6265377714384,0.15,0
2026-02-17 01:00:00,Cluster-Beta,41.051338907375175,7.6639010488604615,689.8881630790898,0.6,0
2026-02-17 02:00:00,Cluster-Beta,63.842204723619886,48.912086059848725,677.477436122923,0.3,0
2026-02-17 03:00:00,Cluster-Beta,70.4587095219928,38.110974767074346,229.2786133710436,0.3,0
2026-02-17 04:00:00,Cluster-Beta,5.405784077478745,13.568586006136385,44.45120786966662,0.15,0
2026-02-17 05:00:00,Cluster-Gamma,20.526637253489483,13.670396385680826,415.1570780475433,0.15,0
2026-02-17 06:00:00,Cluster-Gamma,71.31328270899164,13.423416397505802,296.301220446211,0.15,0
2026-02-17 07:00:00,Cluster-Gamma,66.9738434627732,5.534148028219907,810.8879721175715,0.6,0
2026-02-17 08:00:00,Cluster-Gamma,94.84241797696698,38.443503861044455,802.3605465707918,0.3,0
2026-02-17 09:00:00,Cluster-Beta,75.77651449332282,54.1015870104875,462.45371267069925,0.3,0
2026-02-17 10:00:00,Cluster-Delta,93.42186181901444,3.0848892672180934,610.4471030699867,0.6,0
2026-02-17 11:00:00,Cluster-Alpha,70.33626664273704,5.0382879882189595,608.2169208270559,0.15,0
2026-02-17 12:00:00,Cluster-Beta,32.71885540346821,37.51175715459064,828.8865669433471,1.2,0
2026-02-17 13:00:00,Cluster-Alpha,14.798937769329653,52.808732493935246,430.7523899819655,0.15,0
2026-02-17 14:00:00,Cluster-Delta,77.70961929107901,22.257811215255284,282.69221299260397,1.2,0
2026-02-17 15:00:00,Cluster-Gamma,64.90587759726017,23.676092726078775,272.384568959142,1.2,0
2026-02-17 16:00:00,Cluster-Delta,9.48129915257655,38.97348284480011,540.8303564893821,0.6,0
2026-02-17 17:00:00,Cluster-Beta,38.48469332879098,19.001199125697113,454.65672070489046,0.3,0
2026-02-17 18:00:00,Cluster-Gamma,93.98238284003861,3.649718696816416,445.71956327508684,0.3,0
2026-02-17 19:00:00,Cluster-Beta,51.537306551048715,47.584168122298955,100.22596569881016,0.3,0
2026-02-17 20:00:00,Cluster-Gamma,45.243809649832535,40.790294602370096,721.4177032832937,0.3,0
2026-02-17 21:00:00,Cluster-Alpha,47.56606327981434,38.00687194145087,221.59932110209158,0.6,0
2026-02-17 22:00:00,Cluster-Alpha,24.426093332480225,47.98441599749303,204.98409390663414,1.2,0
2026-02-17 23:00:00,Cluster-Alpha,39.28976689042595,43.86431192884633,418.6307370746195,0.3,0
2026-02-18 00:00:00,Cluster-Delta,39.39263280680743,14.764683267055911,235.5005582016234,1.2,0
2026-02-18 01:00:00,Cluster-Beta,9.869016877434934,23.85382491048777,588.0196846349352,0.6,0
2026-02-18 02:00:00,Cluster-Delta,76.3837894521664,9.81882878407475,377.7487059411268,0.15,0
2026-02-18 03:00:00,Cluster-Alpha,43.73491216706074,10.051134831908623,454.42260536686223,0.6,0
2026-02-18 04:00:00,Cluster-Beta,81.46272947392737,43.92413627410543,541.7976283879885,0.3,0
2026-02-18 05:00:00,Cluster-Alpha,84.08236410415027,55.23320663291489,211.5001672569868,0.15,0
2026-02-18 06:00:00,Cluster-Delta,24.7154470869752,61.68942019939062,164.1941066368745,0.6,0
2026-02-18 07:00:00,Cluster-Delta,66.13387384182195,40.95752128806555,881.6176838448687,0.6,0
2026-02-18 08:00:00,Cluster-Delta,48.9222077871573,13.414282048379333,439.38646580310683,1.2,0
2026-02-18 09:00:00,Cluster-Alpha,86.85457662669812,8.550321417833704,417.9726735362138,0.6,0
2026-02-18 10:00:00,Cluster-Beta,25.06388316341023,52.39676023527898,45.25602877011307,0.15,0
2026-02-18 11:00:00,Cluster-Beta,68.03662762883411,37.882901534319956,502.9965395615193,0.6,0
2026-02-18 12:00:00,Cluster-Alpha,61.5209473695032,40.33367130285063,558.6280243948901,0.3,0
2026-02-18 13:00:00,Cluster-Beta,32.46303741418045,50.450649502791975,563.2524622451199,1.2,0
2026-02-18 14:00:00,Cluster-Alpha,17.703884039559053,45.603188119411996,709.9608576296555,0.15,0
2026-02-18 15:00:00,Cluster-Beta,65.60249772438672,53.736411677077996,185.70701664110166,0.15,0
2026-02-18 16:00:00,Cluster-Gamma,73.68956360630675,5.485262138512466,259.7009028883126,0.6,0
2026-02-18 17:00:00,Cluster-Gamma,34.35334296999155,48.3462794782833,812.6231605781086,0.3,0
2026-02-18 18:00:00,Cluster-Delta,64.96943217407518,54.75287095396992,947.6989106749601,1.2,0
2026-02-18 19:00:00,Cluster-Gamma,41.74717440786981,19.74037263241549,144.57341989364744,0.15,0
2026-02-18 20:00:00,Cluster-Gamma,71.32824014528344,41.70773098758168,502.67305896016603,1.2,0
2026-02-18 21:00:00,Cluster-Gamma,23.527020565146938,21.47804795789227,222.03449021219097,0.6,0
2026-02-18 22:00:00,Cluster-Alpha,87.78999524516422,61.39420612191215,69.47243667143262,0.3,1
2026-02-18 23:00:00,Cluster-Gamma,31.729092471298916,4.072261491001233,332.2483047448741,0.6,0
2026-02-19 00:00:00,Cluster-Gamma,39.20409686132222,37.94715631764321,152.2507489323706,1.2,0
2026-02-19 01:00:00,Cluster-Delta,10.40255154347253,12.323219917069935,712.8337426999038,0.6,0
2026-02-19 02:00:00,Cluster-Gamma,15.370635745878705,46.15765272098384,538.38815953473,1.2,0
2026-02-19 03:00:00,Cluster-Gamma,52.975156952246515,12.90519757195705,152.39612628040777,0.15,0
2026-02-19 04:00:00,Cluster-Beta,29.886118935701347,16.59376223769817,19.149172521459224,0.15,0
2026-02-19 05:00:00,Cluster-Delta,82.69966099402407,32.650990284837,810.0754785339706,0.6,0
2026-02-19 06:00:00,Cluster-Delta,6.366485144910707,58.719766899806444,184.43246210260506,0.15,0
2026-02-19 07:00:00,Cluster-Delta,40.255746526490064,15.126291073174192,610.1544757985583,1.2,0
2026-02-19 08:00:00,Cluster-Delta,36.37313584952562,10.942881309322418,343.5526939459781,0.15,0
2026-02-19 09:00:00,Cluster-Delta,6.797469675336896,49.0565635749499,589.6310789318852,0.3,0
2026-02-19 10:00:00,Cluster-Delta,16.566261107047453,33.03841100470372,322.4970907125008,0.3,0
2026-02-19 11:00:00,Cluster-Alpha,43.46876876743308,58.53067696766983,96.07016508533162,0.6,0
2026-02-19 12:00:00,Cluster-Gamma,50.83640635361254,11.090102543910222,230.72050847217605,0.6,0
2026-02-19 13:00:00,Cluster-Delta,42.59894649470283,42.04752936742844,196.17798081428484,0.6,0
2026-02-19 14:00:00,Cluster-Gamma,54.377204092324725,16.438507061412533,433.7391589152474,0.6,0
2026-02-19 15:00:00,Cluster-Gamma,60.34724576622838,11.719146576401638,661.7009455918958,1.2,0
2026-02-19 16:00:00,Cluster-Alpha,5.922915364888714,44.37262373975077,271.168014196894,1.2,0
2026-02-19 17:00:00,Cluster-Delta,48.16084982917586,38.80844643434146,21.949235947611772,0.3,0
2026-02-19 18:00:00,Cluster-Beta,94.60542940254571,48.799302418464535,523.7479906221093,1.2,0
2026-02-19 19:00:00,Cluster-Alpha,53.27000205204803,21.186679739663305,609.7018944653823,0.15,0
2026-02-19 20:00:00,Cluster-Beta,68.01143087368266,29.774242695695776,963.2417890617916,0.3,0
2026-02-19 21:00:00,Cluster-Gamma,34.003338786270135,27.139243932485947,593.5760950623144,0.6,0
2026-02-19 22:00:00,Cluster-Gamma,76.98119816820692,63.01354676592388,476.46083378436043,0.6,0
2026-02-19 23:00:00,Cluster-Alpha,76.8816978144787,20.11943531784205,577.6676096387268,1.2,0
2026-02-20 00:00:00,Cluster-Alpha,53.480532431834924,20.278668777499547,928.6216235634067,0.3,0
2026-02-20 01:00:00,Cluster-Beta,95.76928556496686,23.981988947373658,830.0943641456298,1.2,0
2026-02-20 02:00:00,Cluster-Delta,16.676169972926765,37.00483303999994,329.7489460301699,1.2,0
2026-02-20 03:00:00,Cluster-Beta,6.576132834731032,17.644010144352205,244.8818200205659,1.2,0
2026-02-20 04:00:00,Cluster-Alpha,76.62471369340993,58.74797630351498,270.0072762424129,0.3,0
2026-02-20 05:00:00,Cluster-Beta,80.06546497493407,18.472505021708336,509.3768293180609,0.6,0
2026-02-20 06:00:00,Cluster-Alpha,16.17927230821359,57.54057535673207,746.608956716292,0.15,0
2026-02-20 07:00:00,Cluster-Beta,29.699203465150365,8.415453946088249,508.1870151111325,0.6,0
2026-02-20 08:00:00,Cluster-Alpha,6.632369793096489,42.70688754877844,77.11843186983147,0.3,0
2026-02-20 09:00:00,Cluster-Alpha,32.27770080259252,58.23310214317111,726.3448934355811,0.6,0
2026-02-20 10:00:00,Cluster-Alpha,76.90219427443645,12.46246518069023,807.9104273842444,0.6,0
2026-02-20 11:00:00,Cluster-Delta,53.17032907726984,62.03627152615381,296.60288646852246,0.15,0
2026-02-20 12:00:00,Cluster-Beta,37.37289016465079,30.078768345761723,667.4844818905169,0.6,0
2026-02-20 13:00:00,Cluster-Beta,39.57175442628872,60.634336723343516,432.3259820438494,0.6,0
2026-02-20 14:00:00,Cluster-Beta,5.1258871915385384,43.96284270506291,890.2281621701684,0.6,0
2026-02-20 15:00:00,Cluster-Alpha,32.88144906356694,20.698385932160196,846.7733025791324,1.2,0
2026-02-20 16:00:00,Cluster-Beta,65.12066297232754,13.674756544860598,530.1776783265459,0.3,0
2026-02-20 17:00:00,Cluster-Beta,95.60008327492122,20.83157286595616,694.5904903554585,0.3,0
2026-02-20 18:00:00,Cluster-Alpha,83.77665690950265,7.767079374285849,884.5162040118829,0.15,0
2026-02-20 19:00:00,Cluster-Gamma,7.1943317120342085,10.919813913286445,500.75983997749273,1.2,0
2026-02-20 20:00:00,Cluster-Alpha,88.56613623476005,8.488947301481831,320.1182330839337,1.2,0
2026-02-20 21:00:00,Cluster-Beta,77.83745243677221,28.222499711976578,756.1294765304855,0.6,0
2026-02-20 22:00:00,Cluster-Alpha,77.57497949210118,51.325859327970356,227.86559223684486,0.3,0
2026-02-20 23:00:00,Cluster-Gamma,47.59360558733215,10.765780361413093,394.6458365259816,0.15,0
2026-02-21 00:00:00,Cluster-Alpha,42.01449224476876,10.079866856684825,867.0699647357258,1.2,0
2026-02-21 01:00:00,Cluster-Beta,33.17116278148691,41.892594870074504,727.178116866622,0.6,0
2026-02-21 02:00:00,Cluster-Gamma,11.109621882756016,14.225344882020108,409.77289519502426,0.15,0
2026-02-21 03:00:00,Cluster-Delta,26.225888804914018,8.05182236275748,222.59705738427382,1.2,0
2026-02-21 04:00:00,Cluster-Beta,27.93413805295629,12.344611848745814,362.40870692391417,0.15,0
2026-02-21 05:00:00,Cluster-Gamma,50.01916748304875,59.27134654436012,291.26310773515866,1.2,0
2026-02-21 06:00:00,Cluster-Gamma,74.51232981349254,52.93121767212383,184.3283950644154,0.15,0
2026-02-21 07:00:00,Cluster-Delta,49.064314041009034,23.952002866015835,745.8995844300001,1.2,0
2026-02-21 08:00:00,Cluster-Alpha,10.379533798585936,42.66088757429836,259.5491879816698,1.2,0
2026-02-21 09:00:00,Cluster-Alpha,94.07445149190296,35.31109176741836,459.6257954660862,0.15,0
2026-02-21 10:00:00,Cluster-Beta,92.67336167575245,43.98170433591896,392.000852367748,1.2,0
2026-02-21 11:00:00,Cluster-Delta,78.02262751280198,44.32561145269108,982.2566048492745,1.2,0
2026-02-21 12:00:00,Cluster-Alpha,97.19349484547251,40.98150893371956,397.18132170673834,1.2,0
2026-02-21 13:00:00,Cluster-Delta,55.63685695042445,18.498284849313134,89.18265796878725,0.15,0
2026-02-21 14:00:00,Cluster-Alpha,94.53745657354817,4.418398087294724,98.92749504636319,0.15,0
2026-02-21 15:00:00,Cluster-Gamma,12.031268777357822,30.245140483386745,594.8461841395342,1.2,0
2026-02-21 16:00:00,Cluster-Alpha,39.00830958830753,57.240380850823634,603.3699162208829,1.2,0
2026-02-21 17:00:00,Cluster-Delta,25.96045792462922,37.308830028151704,424.5714005778284,0.15,0
2026-02-21 18:00:00,Cluster-Gamma,23.212476824487112,53.60824458551829,437.5252553889094,0.6,0
2026-02-21 19:00:00,Cluster-Gamma,18.094674247018876,63.48070926359615,63.3932570124625,1.2,0
2026-02-21 20:00:00,Cluster-Gamma,62.88446866563769,12.144204656573129,521.3810452853696,0.6,0
2026-02-21 21:00:00,Cluster-Delta,77.66293258449937,44.890213626802904,509.69208062654815,0.15,0
2026-02-21 22:00:00,Cluster-Beta,58.78175114609354,43.80620156940153,158.0538253713751,1.2,0
2026-02-21 23:00:00,Cluster-Beta,18.6675319917035,62.75723773621326,112.80099224981831,0.6,0
2026-02-22 00:00:00,Cluster-Beta,80.4345106038128,63.10724550507362,132.33676569349558,0.15,0
2026-02-22 01:00:00,Cluster-Delta,64.14378776622675,44.57407392689603,110.01796402634594,0.6,0
2026-02-22 02:00:00,Cluster-Gamma,41.09941066981058,17.104117102896044,613.6111135813923,0.3,0
2026-02-22 03:00:00,Cluster-Beta,67.69411748485385,51.51046196409714,204.51782587888943,0.15,0
2026-02-22 04:00:00,Cluster-Delta,29.171163069583454,8.635806321084363,258.9158506655888,0.3,0
2026-02-22 05:00:00,Cluster-Beta,37.102875389961575,50.403356858640976,181.83642270992533,0.15,0
2026-02-22 06:00:00,Cluster-Alpha,90.3261834112751,58.432159696971176,958.2569514040181,0.15,1
2026-02-22 07:00:00,Cluster-Beta,32.0169190274421,25.735670475642987,856.071288520317,1.2,0
2026-02-22 08:00:00,Cluster-Beta,48.708908938688104,41.09938828895099,238.18988897800565,0.3,0
2026-02-22 09:00:00,Cluster-Gamma,87.78312577782935,28.66884939000323,334.29063098290476,0.3,0
2026-02-22 10:00:00,Cluster-Delta,70.81808557488006,29.141433409263964,217.7939138819472,0.3,0
2026-02-22 11:00:00,Cluster-Gamma,10.784900033317356,21.242995124703445,496.9571998662155,0.15,0
2026-02-22 12:00:00,Cluster-Gamma,18.699183117944244,49.25203646792013,29.41442714951106,0.3,0
2026-02-22 13:00:00,Cluster-Gamma,5.729267941788264,60.04294697832332,674.6543288078277,0.3,0
2026-02-22 14:00:00,Cluster-Gamma,63.6757264913122,60.326553272536586,527.9265683194652,1.2,0
2026-02-22 15:00:00,Cluster-Gamma,46.633628563168905,12.836439662245898,899.6525390180922,0.6,0
2026-02-22 16:00:00,Cluster-Beta,17.487561133911626,56.234106278707095,172.74875748513,0.6,0
2026-02-22 17:00:00,Cluster-Gamma,94.08787325827966,47.72074936848157,806.0681536005203,0.3,0
2026-02-22 18:00:00,Cluster-Gamma,54.25835432694265,17.675918842797934,794.0414043220486,0.3,0
2026-02-22 19:00:00,Cluster-Delta,27.496076352498694,6.171646001133903,135.90937732471804,0.3,0
2026-02-22 20:00:00,Cluster-Alpha,51.556132117387804,18.615830546831432,404.5736319026863,0.3,0
2026-02-22 21:00:00,Cluster-Beta,68.20469094436503,58.55691068045459,178.45111473307173,0.6,0
2026-02-22 22:00:00,Cluster-Beta,12.090247271541497,41.25707784353788,262.17329545297343,1.2,0
2026-02-22 23:00:00,Cluster-Beta,30.547454799453956,46.70538897566806,270.6137130822389,0.15,0
2026-02-23 00:00:00,Cluster-Gamma,80.0477906522114,17.943445768763944,560.674030085515,0.3,0
2026-02-23 01:00:00,Cluster-Gamma,47.7488329474475,46.60206564563886,417.29682244286084,0.3,0
2026-02-23 02:00:00,Cluster-Gamma,55.831674209003424,3.743533389231273,948.2554759662423,0.6,0
2026-02-23 03:00:00,Cluster-Delta,45.25188820548064,25.269923437926856,135.10644052753509,0.3,0
2026-02-23 04:00:00,Cluster-Alpha,9.082694665799476,40.85870760962454,973.9552135016968,1.2,0
2026-02-23 05:00:00,Cluster-Gamma,20.414729523274502,11.057987063561853,238.3322538121213,1.2,0
2026-02-23 06:00:00,Cluster-Alpha,46.43537240299585,53.02622161570995,775.1451970180345,0.3,0
2026-02-23 07:00:00,Cluster-Delta,24.454248282937286,16.571940526338956,345.5802269110932,0.6,0
2026-02-23 08:00:00,Cluster-Beta,9.648049665350122,42.44142899474367,151.65058146314075,0.3,0
2026-02-23 09:00:00,Cluster-Gamma,83.4594187568196,27.12222283967044,859.3102933937776,0.3,0
2026-02-23 10:00:00,Cluster-Alpha,96.25090521226277,38.95470291961413,315.7722902440986,0.6,0
2026-02-23 11:00:00,Cluster-Alpha,78.76228728169677,8.661934262992304,662.2668501845737,1.2,0
2026-02-23 12:00:00,Cluster-Gamma,84.40199771853403,3.0485935951396543,570.7792482357603,0.15,0
2026-02-23 13:00:00,Cluster-Beta,27.50387311948522,58.39299449757868,477.0387462969656,0.3,0
2026-02-23 14:00:00,Cluster-Beta,94.33830872272758,18.71706054356533,500.8612779220537,1.2,0
2026-02-23 15:00:00,Cluster-Beta,23.31409051416884,52.81997417238846,734.9155349513646,0.3,0
2026-02-23 16:00:00,Cluster-Delta,93.4829723636504,63.95971862927641,96.89518498220616,0.15,1
2026-02-23 17:00:00,Cluster-Alpha,97.51819433883345,15.108737995932492,671.498855338326,0.6,0
2026-02-23 18:00:00,Cluster-Alpha,71.19022093438254,18.440585953368046,896.8539803845929,1.2,0
2026-02-23 19:00:00,Cluster-Alpha,96.24636705663944,43.09730683334927,67.21031504966551,0.15,0
2026-02-23 20:00:00,Cluster-Delta,57.967199499740644,61.85781534523852,149.2468058413301,0.3,0
2026-02-23 21:00:00,Cluster-Alpha,29.137385835376403,58.780489587826125,719.4656173350111,0.15,0
2026-02-23 22:00:00,Cluster-Delta,45.64061736690274,33.17828224406627,442.9088317621714,1.2,0
2026-02-23 23:00:00,Cluster-Beta,60.201166990227094,51.29683751665693,409.5131346055515,0.6,0
2026-02-24 00:00:00,Cluster-Gamma,11.796585268512395,10.416242892193866,145.5969681987935,0.3,0
2026-02-24 01:00:00,Cluster-Alpha,62.87792360940389,62.601167420648764,511.7023403106102,0.6,0
2026-02-24 02:00:00,Cluster-Alpha,96.24953881889338,61.78990051023116,135.27985808441346,0.6,1
2026-02-24 03:00:00,Cluster-Beta,22.68001142988667,12.1511953885086,481.854251747435,0.15,0
2026-02-24 04:00:00,Cluster-Gamma,78.71134581481965,20.56423373779261,765.9791459720401,0.15,0
2026-02-24 05:00:00,Cluster-Delta,89.43458782150459,8.20960984541955,265.6817143082919,1.2,0
2026-02-24 06:00:00,Cluster-Gamma,92.76424813228054,18.84649113168714,485.97830649793,1.2,0
2026-02-24 07:00:00,Cluster-Beta,94.29261120970659,52.58925894374281,992.0958097028673,0.6,1
2026-02-24 08:00:00,Cluster-Beta,53.49574640109689,25.455567644246088,689.7839191204969,1.2,0
2026-02-24 09:00:00,Cluster-Gamma,95.88963544320984,7.480611963099019,842.9432035921466,0.6,0
2026-02-24 10:00:00,Cluster-Delta,75.42984926350282,23.217982536292084,420.6991304949403,0.3,0
2026-02-24 11:00:00,Cluster-Delta,20.035443570037458,62.84576672295937,770.1823138945967,0.6,0
2026-02-24 12:00:00,Cluster-Alpha,49.35170990152121,41.04038290607058,50.10408121190862,1.2,0
2026-02-24 13:00:00,Cluster-Delta,71.80479930959638,27.80197867718178,131.68207071682252,1.2,0
2026-02-24 14:00:00,Cluster-Gamma,28.00264937117475,12.32538783683074,211.0398869908615,0.6,0
2026-02-24 15:00:00,Cluster-Beta,64.57721207004653,63.14296143158908,407.93240536906734,0.15,0
2026-02-24 16:00:00,Cluster-Alpha,66.9938445513356,52.892638574313985,847.2874295425055,0.6,0
2026-02-24 17:00:00,Cluster-Alpha,20.13107617419663,19.451592751957,352.8033902800512,0.6,0
2026-02-24 18:00:00,Cluster-Beta,57.55293405810633,6.344259134713746,658.0749815803083,0.15,0
2026-02-24 19:00:00,Cluster-Delta,76.76130272101051,5.5107845574085985,712.2211518554486,0.3,0
2026-02-24 20:00:00,Cluster-Beta,51.3972968018426,9.463445269343097,590.320530547458,0.15,0
2026-02-24 21:00:00,Cluster-Delta,6.125589860177991,38.00765218409414,363.6695484884348,1.2,0
2026-02-24 22:00:00,Cluster-Beta,5.8405776243741725,59.58333211474053,581.2828082964088,0.15,0
2026-02-24 23:00:00,Cluster-Gamma,38.203728989211136,32.79809253637104,348.8429368618488,1.2,0
2026-02-25 00:00:00,Cluster-Delta,91.13604836415573,54.26261991228422,93.03500116649195,1.2,1
2026-02-25 01:00:00,Cluster-Gamma,26.266940503135615,29.644970431308085,992.8759384041542,0.6,0
2026-02-25 02:00:00,Cluster-Alpha,63.99582306506691,45.93217983760516,135.9106290961858,0.6,0
2026-02-25 03:00:00,Cluster-Beta,25.653055974478814,47.37610971176305,81.62489999769677,0.3,0
2026-02-25 04:00:00,Cluster-Alpha,34.91530903833802,12.785749766006996,879.7454417150843,1.2,0
2026-02-25 05:00:00,Cluster-Alpha,83.86791433293801,24.39539565650033,308.81631428396616,0.6,0
2026-02-25 06:00:00,Cluster-Alpha,72.78411413110506,41.51273370535748,653.7940043327725,1.2,0
2026-02-25 07:00:00,Cluster-Alpha,13.872132790128589,6.383189707430703,335.71567236561054,0.3,0
2026-02-25 08:00:00,Cluster-Beta,44.86928795173833,24.41549164130331,397.53972808652645,1.2,0
2026-02-25 09:00:00,Cluster-Alpha,7.712788019009595,35.15756690943393,269.49184229662853,0.3,0
2026-02-25 10:00:00,Cluster-Beta,49.72278363407984,63.765918568767596,349.6135657350801,0.3,0
2026-02-25 11:00:00,Cluster-Beta,66.60636308819933,31.421080882591326,416.5933965806777,0.3,0
2026-02-25 12:00:00,Cluster-Gamma,16.020743994628095,52.59551894108806,723.2119084014195,0.6,0
2026-02-25 13:00:00,Cluster-Delta,31.866299318552407,28.7881716741303,516.420832292444,0.15,0
2026-02-25 14:00:00,Cluster-Delta,41.99880617170059,51.37622480242195,944.1295649854072,0.15,0
2026-02-25 15:00:00,Cluster-Beta,90.51638529301263,38.91571770044672,51.46158990038776,0.6,0
2026-02-25 16:00:00,Cluster-Gamma,97.37271643433566,56.9689173731487,508.03763940570786,1.2,1
2026-02-25 17:00:00,Cluster-Beta,9.176750806592274,27.478438245706815,588.382540943401,0.6,0
2026-02-25 18:00:00,Cluster-Beta,75.77373688507146,39.46687402893169,920.9950162135311,1.2,0
2026-02-25 19:00:00,Cluster-Beta,39.57033817541792,41.061158198367295,58.66693838521331,0.3,0
2026-02-25 20:00:00,Cluster-Gamma,41.49861131934164,27.877742391629344,577.7645890858639,0.6,0
2026-02-25 21:00:00,Cluster-Delta,75.14664252127311,10.947346708623854,855.0936292426775,0.15,0
2026-02-25 22:00:00,Cluster-Gamma,90.413658189523,7.800683228564804,249.5084508380442,1.2,0
2026-02-25 23:00:00,Cluster-Alpha,93.43635928873701,3.0336361371772522,877.529425038698,0.6,0
2026-02-26 00:00:00,Cluster-Gamma,58.672400501563835,56.159124383203306,28.852975181548903,0.6,0
2026-02-26 01:00:00,Cluster-Gamma,38.21226781494676,16.66144455879906,735.1300828423924,1.2,0
2026-02-26 02:00:00,Cluster-Gamma,78.24206498486647,15.113418455469619,933.7820889569665,0.3,0
2026-02-26 03:00:00,Cluster-Gamma,28.343128643393925,47.63419482641606,660.6256850236616,0.3,0
2026-02-26 04:00:00,Cluster-Delta,57.458884681517155,21.84099901141829,444.63895154064346,0.3,0
2026-02-26 05:00:00,Cluster-Alpha,38.347796921813206,33.37477092953387,54.432206307990846,0.3,0
2026-02-26 06:00:00,Cluster-Delta,66.06668985483248,12.07568604844229,920.9126751894024,1.2,0
2026-02-26 07:00:00,Cluster-Delta,27.35709889909614,61.50423473064209,475.593260464659,0.15,0
2026-02-26 08:00:00,Cluster-Gamma,22.818143953338797,54.798046801068715,38.70677689258853,0.6,0
2026-02-26 09:00:00,Cluster-Beta,90.39623506081564,55.5549566238302,692.9228606154743,0.6,1
2026-02-26 10:00:00,Cluster-Beta,14.467742514306932,27.219972411464322,487.0188810404956,0.3,0
2026-02-26 11:00:00,Cluster-Delta,52.054085419348645,49.26639524984471,133.10186426798663,1.2,0
2026-02-26 12:00:00,Cluster-Delta,25.539308815559828,10.92032163416637,222.12909121715697,0.15,0
2026-02-26 13:00:00,Cluster-Gamma,8.620486589287072,2.5343781606903772,73.8457736512878,0.15,0
2026-02-26 14:00:00,Cluster-Delta,8.349750101102654,3.2383218198377435,578.5506043114879,0.6,0
2026-02-26 15:00:00,Cluster-Gamma,21.295624805841943,38.36930771908275,625.8091844594892,0.3,0
2026-02-26 16:00:00,Cluster-Beta,85.60964296905803,30.23448412537233,510.6848753718899,0.6,0
2026-02-26 17:00:00,Cluster-Beta,31.27052318986348,34.116951632328224,818.9311116725887,0.6,0
2026-02-26 18:00:00,Cluster-Alpha,93.3927028635025,2.462714705867603,862.3987330949335,0.15,0
2026-02-26 19:00:00,Cluster-Beta,59.090873247995,28.206570418760393,619.4681527162953,1.2,0
2026-02-26 20:00:00,Cluster-Delta,45.60511964849525,46.52022599445337,22.62891491035624,0.15,0
2026-02-26 21:00:00,Cluster-Beta,58.94826162425928,29.447009521981023,698.2773591902583,0.6,0
2026-02-26 22:00:00,Cluster-Gamma,53.052949826042905,47.39759079135778,423.81922475114806,0.3,0
2026-02-26 23:00:00,Cluster-Beta,75.56619159943124,16.44717579260376,569.9019083941231,0.3,0
2026-02-27 00:00:00,Cluster-Alpha,31.27213413547526,52.41480427786698,652.5897959986955,1.2,0
2026-02-27 01:00:00,Cluster-Beta,37.83368641882812,38.48273690811404,356.734248183806,1.2,0
2026-02-27 02:00:00,Cluster-Gamma,88.15077013559232,15.067312164654187,917.9275201200763,1.2,0
2026-02-27 03:00:00,Cluster-Gamma,93.0204557229877,16.676669502937642,142.63511808228338,0.6,0
2026-02-27 04:00:00,Cluster-Delta,88.00791515624213,40.937888803311296,674.796689208227,0.6,0
2026-02-27 05:00:00,Cluster-Beta,44.00866343803016,53.45625477917149,14.315984157014624,1.2,0
2026-02-27 06:00:00,Cluster-Gamma,77.57399177964,27.76892248580762,925.404594351129,0.3,0
2026-02-27 07:00:00,Cluster-Alpha,49.299223197002185,18.014626605910717,121.37909190571058,0.3,0
2026-02-27 08:00:00,Cluster-Delta,51.2712062495875,55.754719628457224,103.93538784609889,0.3,0
2026-02-27 09:00:00,Cluster-Alpha,24.035250142327406,43.49463408855176,339.67755672172177,0.6,0
2026-02-27 10:00:00,Cluster-Beta,59.97511820304203,29.781300211550743,379.8306231786898,0.15,0
2026-02-27 11:00:00,Cluster-Beta,22.310638491061358,32.249812107316714,222.15707159964984,0.3,0
2026-02-27 12:00:00,Cluster-Beta,35.83551701324902,14.663901012056577,589.2704443178535,0.3,0
2026-02-27 13:00:00,Cluster-Delta,84.51780875065397,40.86176306402032,448.4849570615439,0.3,0
2026-02-27 14:00:00,Cluster-Gamma,24.258050256609536,24.242035653659094,43.83383315067654,1.2,0
2026-02-27 15:00:00,Cluster-Delta,11.61772052112925,63.73000095380966,326.4555416327476,0.6,0
2026-02-27 16:00:00,Cluster-Alpha,11.417706112991915,31.771377946237045,812.3285844374387,1.2,0
2026-02-27 17:00:00,Cluster-Delta,92.49296040678904,32.12490758375601,692.8045195132499,1.2,0
2026-02-27 18:00:00,Cluster-Alpha,52.14360073045062,37.082810819461656,727.6221450440817,0.15,0
2026-02-27 19:00:00,Cluster-Delta,43.07532267898271,58.8388721933623,701.1357548426884,1.2,0
2026-02-27 20:00:00,Cluster-Gamma,80.41170803373642,51.65072219130452,317.86329116920297,0.15,0
2026-02-27 21:00:00,Cluster-Alpha,82.73181129567799,29.97006432746617,108.66728285600811,1.2,0
2026-02-27 22:00:00,Cluster-Beta,35.89376607975123,46.55935449031335,279.74251219276505,0.3,0
2026-02-27 23:00:00,Cluster-Beta,69.50647934506296,38.34660092440722,833.4674471833077,0.6,0
2026-02-28 00:00:00,Cluster-Delta,76.71442187422545,32.52675701947743,980.6660898052404,1.2,0
2026-02-28 01:00:00,Cluster-Beta,65.88251387853377,13.923577912629732,498.9085445941457,0.15,0
2026-02-28 02:00:00,Cluster-Alpha,19.098341956409243,30.76404833420324,19.603351373811797,0.6,0
2026-02-28 03:00:00,Cluster-Beta,86.45712676708631,17.24075239539963,148.64436401288674,0.15,0
2026-02-28 04:00:00,Cluster-Gamma,55.13579340444881,58.72021329080259,328.8597695631031,0.3,0
2026-02-28 05:00:00,Cluster-Gamma,31.269935652410343,22.79522243677351,582.7994951070202,1.2,0
2026-02-28 06:00:00,Cluster-Delta,44.54622124570553,61.04036890106908,84.34270934726084,0.6,0
2026-02-28 07:00:00,Cluster-Alpha,8.494111407098387,35.04942798587209,943.9237257227828,0.3,0
2026-02-28 08:00:00,Cluster-Gamma,16.891612513684834,41.15575147792194,371.4328365515567,1.2,0
2026-02-28 09:00:00,Cluster-Gamma,76.19584779797506,35.66230755833832,913.4583757455748,1.2,0
2026-02-28 10:00:00,Cluster-Alpha,5.001082032249051,10.021598251935455,782.7165847294516,0.15,0
2026-02-28 11:00:00,Cluster-Beta,43.740622048853176,25.30091557849234,757.8828997904253,0.15,0
2026-02-28 12:00:00,Cluster-Beta,53.59344684095973,8.147058961212684,610.6523839844097,0.3,0
2026-02-28 13:00:00,Cluster-Delta,10.081001060090424,40.62315073936967,630.5159788813262,0.15,0
2026-02-28 14:00:00,Cluster-Beta,95.49626915642696,29.706200102427214,641.6232028640857,0.3,0
2026-02-28 15:00:00,Cluster-Alpha,26.02965580621949,50.23506823739808,632.4341731553263,0.3,0
2026-02-28 16:00:00,Cluster-Gamma,33.29048092617412,15.66916982196093,558.1909490843776,0.3,0
2026-02-28 17:00:00,Cluster-Beta,33.266653639717546,12.203095622618765,986.54987829806,0.15,0
2026-02-28 18:00:00,Cluster-Delta,26.428749576913543,27.192598319753603,734.9676617514391,0.6,0
2026-02-28 19:00:00,Cluster-Beta,5.137065454026962,59.44829375953963,779.1769245085959,0.3,0
2026-02-28 20:00:00,Cluster-Alpha,72.82906585018367,46.046152530769525,873.7381869328375,0.6,0
2026-02-28 21:00:00,Cluster-Delta,94.91663148133354,27.973264737160957,223.48336509859067,1.2,0
2026-02-28 22:00:00,Cluster-Beta,25.85929394550919,34.070874524767255,92.96611750411017,0.15,0
2026-02-28 23:00:00,Cluster-Delta,66.66338883771829,7.221206692980097,488.06549223261266,0.15,0
2026-03-01 00:00:00,Cluster-Alpha,73.9963584071605,63.04370557531901,518.9398886630804,0.6,0
2026-03-01 01:00:00,Cluster-Gamma,83.9035602554188,43.317252891084976,830.8899621504186,1.2,0
2026-03-01 02:00:00,Cluster-Alpha,44.30451532226565,19.695052244732192,449.34574348951236,1.2,0
2026-03-01 03:00:00,Cluster-Alpha,33.17257422455992,38.320120441345146,575.1444952888696,0.3,0
2026-03-01 04:00:00,Cluster-Alpha,35.252447464141895,8.787906696277627,531.8002291283237,0.15,0
2026-03-01 05:00:00,Cluster-Alpha,71.27378397816169,61.88187346607018,47.820755919817145,1.2,0
2026-03-01 06:00:00,Cluster-Gamma,80.96049038502416,12.836669248768688,619.0627476309448,1.2,0
2026-03-01 07:00:00,Cluster-Gamma,21.890099001364046,42.17787971942328,829.7628529165097,0.3,0
2026-03-01 08:00:00,Cluster-Delta,39.49751375867216,17.218176677413688,165.92554259504578,0.3,0
2026-03-01 09:00:00,Cluster-Beta,88.88043829767095,46.488805724209215,598.3884165873299,0.6,0
2026-03-01 10:00:00,Cluster-Gamma,80.02249733161075,50.162924768897426,597.6744390019502,0.15,0
2026-03-01 11:00:00,Cluster-Gamma,96.59183145691026,43.75202319250882,172.54311441579515,1.2,0
2026-03-01 12:00:00,Cluster-Beta,75.14508815043351,40.09896653582194,132.22893799342864,0.6,0
2026-03-01 13:00:00,Cluster-Gamma,41.56715369559677,57.33308382502472,980.2514235467199,0.15,0
2026-03-01 14:00:00,Cluster-Alpha,59.92931856150131,6.874856081364999,399.78197795650715,0.6,0
2026-03-01 15:00:00,Cluster-Alpha,66.47432564500079,22.516715478372102,235.147511436294,0.15,0
2026-03-01 16:00:00,Cluster-Beta,12.296390917492527,17.39382373711245,179.6112990098312,0.15,0
2026-03-01 17:00:00,Cluster-Delta,55.638217196659454,63.256865648056134,670.9256964474027,1.2,0
2026-03-01 18:00:00,Cluster-Delta,70.9668370479527,26.142166339346158,613.350844354006,0.15,0
2026-03-01 19:00:00,Cluster-Beta,20.560881272098616,47.42198735290472,647.1166017575433,0.3,0
2026-03-01 20:00:00,Cluster-Beta,77.59874972057682,44.45296016062228,97.12596723633773,1.2,0
2026-03-01 21:00:00,Cluster-Alpha,59.29086858781238,15.149036723597419,894.5992376634525,0.3,0
2026-03-01 22:00:00,Cluster-Delta,93.5566260698763,16.817856173116184,395.3737328409578,0.6,0
2026-03-01 23:00:00,Cluster-Gamma,8.945273733240928,19.439642940288113,320.2357123660544,0.6,0
2026-03-02 00:00:00,Cluster-Alpha,29.67533079265843,27.489891252081513,467.7378327752618,0.15,0
2026-03-02 01:00:00,Cluster-Beta,60.94451077488364,16.52815407033266,396.165405090152,0.15,0
2026-03-02 02:00:00,Cluster-Delta,32.58007183515156,3.2183919303045636,864.9412331077544,0.3,0
2026-03-02 03:00:00,Cluster-Gamma,71.44144725862553,56.52236952204612,929.9683654459132,0.3,0
2026-03-02 04:00:00,Cluster-Gamma,75.58749127453959,61.86780954561481,310.41868428511015,0.3,0
2026-03-02 05:00:00,Cluster-Alpha,14.533984658182124,23.17736399595721,865.2964493853552,0.6,0
2026-03-02 06:00:00,Cluster-Delta,52.7884651712294,22.987426524379316,783.7078982377365,0.3,0
2026-03-02 07:00:00,Cluster-Delta,52.3268216699682,2.4396923920110014,931.4995956213141,1.2,0
2026-03-02 08:00:00,Cluster-Beta,39.34311163004532,44.17554267648319,253.29280906402894,1.2,0
2026-03-02 09:00:00,Cluster-Delta,91.7620122189795,53.17727353641498,581.1895586197693,0.6,1
2026-03-02 10:00:00,Cluster-Delta,81.95808774820958,11.089714622320196,281.7991388930402,0.3,0
2026-03-02 11:00:00,Cluster-Alpha,69.84047251759623,11.899313660763346,825.8535455795305,0.3,0
2026-03-02 12:00:00,Cluster-Delta,71.43237712335477,50.98516149822914,15.270948665353615,0.15,0
2026-03-02 13:00:00,Cluster-Gamma,47.939601374620075,40.210026397956966,569.1709712575322,1.2,0
2026-03-02 14:00:00,Cluster-Alpha,90.65249046198156,4.781354572918454,345.8113969591988,0.6,0
2026-03-02 15:00:00,Cluster-Alpha,69.59737473455554,40.59791340866146,329.456870007042,0.3,0
2026-03-02 16:00:00,Cluster-Beta,72.79523873399093,21.152898816313495,648.4572606262678,0.15,0
2026-03-02 17:00:00,Cluster-Delta,85.13725405222311,24.860959639192448,852.969604820854,0.6,0
2026-03-02 18:00:00,Cluster-Beta,30.488657808823763,49.72334793440657,613.1034374793929,0.6,0
2026-03-02 19:00:00,Cluster-Gamma,80.05759405960337,52.27798194570186,854.6412488602552,1.2,0
2026-03-02 20:00:00,Cluster-Alpha,23.15737607495376,26.8221108640695,271.95114076221967,0.3,0
2026-03-02 21:00:00,Cluster-Alpha,37.11680155877457,60.723482032393996,524.3068362173314,0.6,0
2026-03-02 22:00:00,Cluster-Alpha,36.21177224709537,27.200688513028478,456.0311736764053,0.15,0
2026-03-02 23:00:00,Cluster-Gamma,96.00286856019007,49.853834184266816,21.528450508065255,0.15,0
2026-03-03 00:00:00,Cluster-Gamma,84.6579618085572,32.00039040298406,561.2440217093327,0.6,0
2026-03-03 01:00:00,Cluster-Beta,70.20879712789416,57.647004244369214,664.9090809047132,0.15,0
2026-03-03 02:00:00,Cluster-Beta,72.61627883023128,58.281197106311076,595.9952603748793,0.6,0
2026-03-03 03:00:00,Cluster-Beta,57.27276987943911,7.419842088007199,738.9170997955873,0.15,0
2026-03-03 04:00:00,Cluster-Delta,93.07943204109228,60.062586541234,575.6261331685463,0.6,1
2026-03-03 05:00:00,Cluster-Alpha,51.152064018059626,53.18316017426577,76.08275230224935,0.6,0
2026-03-03 06:00:00,Cluster-Alpha,40.38814701790019,51.06126428738535,125.28106884386432,0.6,0
2026-03-03 07:00:00,Cluster-Beta,20.16228633463796,14.456503060502392,600.5098317685129,0.15,0
2026-03-03 08:00:00,Cluster-Alpha,78.11712566027839,51.917390942789226,282.22940005390376,0.6,0
2026-03-03 09:00:00,Cluster-Beta,73.30328568303,54.70822955047228,88.84867774441818,1.2,0
2026-03-03 10:00:00,Cluster-Delta,40.74501858274454,19.92732073615736,435.3067160140613,0.6,0
2026-03-03 11:00:00,Cluster-Delta,7.3429874982083305,61.04012485846407,558.7793721028188,0.3,0
2026-03-03 12:00:00,Cluster-Gamma,83.026751477775,5.091329076748184,335.45852846611047,0.3,0
2026-03-03 13:00:00,Cluster-Delta,6.061872461228848,11.294373701322659,723.2293652035202,1.2,0
2026-03-03 14:00:00,Cluster-Beta,70.44407950550173,35.33003055919389,647.3329020202322,0.6,0
2026-03-03 15:00:00,Cluster-Delta,95.23391120452331,37.6991332095832,339.4901774807552,0.3,0
2026-03-03 16:00:00,Cluster-Gamma,45.70250351778292,41.99930516465601,757.323803619475,0.6,0
2026-03-03 17:00:00,Cluster-Alpha,26.852526664623607,3.0520860175589206,652.208092107705,0.3,0
2026-03-03 18:00:00,Cluster-Beta,70.55300393403449,61.542740026572076,641.0709249307231,0.15,0
2026-03-03 19:00:00,Cluster-Alpha,80.99291720744942,4.7644617495169275,557.8934237791974,0.15,0
2026-03-03 20:00:00,Cluster-Gamma,55.8180193952398,10.869841068850947,21.275771407667268,1.2,0
2026-03-03 21:00:00,Cluster-Gamma,94.9342805988216,2.8689000866155325,699.5421116421202,1.2,0
2026-03-03 22:00:00,Cluster-Gamma,9.805191114190382,37.14522286423387,382.2813731980649,0.6,0
2026-03-03 23:00:00,Cluster-Alpha,51.945990642321114,59.800546803100275,943.183613057069,1.2,0
2026-03-04 00:00:00,Cluster-Alpha,71.81621710099716,43.28872429698878,819.8049233664333,0.6,0
2026-03-04 01:00:00,Cluster-Alpha,85.22556381687365,53.00476304578649,591.817524835999,0.15,1
2026-03-04 02:00:00,Cluster-Alpha,21.670771907424474,2.823434614431965,259.66016200107674,0.15,0
2026-03-04 03:00:00,Cluster-Gamma,79.40032380402238,35.60494850574302,211.6802193448899,0.3,0
2026-03-04 04:00:00,Cluster-Gamma,56.40175804182471,30.492904605342357,346.9809893007736,0.6,0
2026-03-04 05:00:00,Cluster-Beta,41.87949242506658,32.936012541689166,481.8022641442183,0.15,0
2026-03-04 06:00:00,Cluster-Beta,17.249497657855702,6.477217490781653,303.10485493855765,0.15,0
2026-03-04 07:00:00,Cluster-Alpha,85.47250557852885,44.43499238629706,519.780200438558,0.6,0
2026-03-04 08:00:00,Cluster-Delta,19.626408360713526,33.199665721235334,173.71672125805406,0.3,0
2026-03-04 09:00:00,Cluster-Delta,33.81027090644623,49.43922869139837,977.9356846972449,0.3,0
2026-03-04 10:00:00,Cluster-Gamma,31.97423447250663,32.08801931182635,116.84530941534393,0.3,0
2026-03-04 11:00:00,Cluster-Gamma,86.04150517974945,11.261661446038788,932.6246982578283,0.3,0
2026-03-04 12:00:00,Cluster-Gamma,67.56137846142752,42.191931152824964,914.4422312886679,0.15,0
2026-03-04 13:00:00,Cluster-Beta,79.09136993879763,12.687954450520305,530.106877001303,0.6,0
2026-03-04 14:00:00,Cluster-Beta,28.293514587702404,56.08846292799853,727.6611691177235,0.6,0
2026-03-04 15:00:00,Cluster-Gamma,63.1132912634509,40.01320682229297,441.68781499286195,0.15,0
2026-03-04 16:00:00,Cluster-Gamma,58.17237643236863,11.746640780531163,633.7342317670139,0.15,0
2026-03-04 17:00:00,Cluster-Gamma,82.45322504130921,61.66495956383482,347.1701780469075,0.15,0
2026-03-04 18:00:00,Cluster-Delta,89.26609662475722,34.13865872678988,308.1474295875909,1.2,0
2026-03-04 19:00:00,Cluster-Beta,6.130579747396974,6.51970401604261,582.4474883078186,0.6,0
2026-03-04 20:00:00,Cluster-Delta,67.68385247246772,40.86364007373417,503.14837744214054,0.6,0
2026-03-04 21:00:00,Cluster-Delta,9.820729318134799,17.698332234794236,583.7410054584813,0.6,0
2026-03-04 22:00:00,Cluster-Gamma,56.0438558521941,51.828994016392755,293.7939754741528,0.3,0
2026-03-04 23:00:00,Cluster-Gamma,31.749843801062074,52.70496856110382,373.2882534988253,0.15,0
2026-03-05 00:00:00,Cluster-Alpha,33.530223755559135,62.69473606298904,93.05898102262022,0.15,0
2026-03-05 01:00:00,Cluster-Alpha,37.82514082106916,33.11591092351923,61.75360854948366,0.15,0
2026-03-05 02:00:00,Cluster-Delta,62.78019776161374,30.207326543119702,260.92255837628613,1.2,0
2026-03-05 03:00:00,Cluster-Beta,36.06664680719554,48.715487537681796,83.5043907372403,0.6,0
2026-03-05 04:00:00,Cluster-Gamma,73.14101170489607,10.213180693199448,112.7369615483933,0.15,0
2026-03-05 05:00:00,Cluster-Gamma,42.62104685836988,35.9087618551737,814.7991213399977,1.2,0
2026-03-05 06:00:00,Cluster-Delta,11.356847628826152,35.86735120811276,48.48496004652241,0.15,0
2026-03-05 07:00:00,Cluster-Alpha,77.88966535102197,7.547333614244008,662.3533659953953,0.3,0
2026-03-05 08:00:00,Cluster-Beta,31.57552418712166,27.91501330142864,279.8321713272465,0.6,0
2026-03-05 09:00:00,Cluster-Alpha,45.247319802731425,54.90365751116652,872.8302239010452,1.2,0
2026-03-05 10:00:00,Cluster-Alpha,68.74628113963684,55.081524563668935,490.1423617317245,0.15,0
2026-03-05 11:00:00,Cluster-Alpha,35.91842261483022,8.152735225020223,312.5206947345475,0.6,0
2026-03-05 12:00:00,Cluster-Alpha,10.262466021644553,7.624694730365513,522.4625463325402,1.2,0
2026-03-05 13:00:00,Cluster-Gamma,39.77465737219166,18.287119574119988,388.1384388548161,0.6,0
2026-03-05 14:00:00,Cluster-Gamma,92.83371819057022,56.23549587834759,568.6580540231319,0.6,1
2026-03-05 15:00:00,Cluster-Alpha,64.68129894876591,9.991960274556934,123.38753964308475,0.3,0
2026-03-05 16:00:00,Cluster-Beta,67.44756082605025,46.63980176290167,997.0205977844256,0.6,0
2026-03-05 17:00:00,Cluster-Delta,63.8022402883005,8.2722684160124,431.3003189197504,1.2,0
2026-03-05 18:00:00,Cluster-Beta,23.506268923227623,40.634546932365176,354.748333310295,0.6,0
2026-03-05 19:00:00,Cluster-Beta,43.90504936151205,24.076172545386978,713.1077498331023,1.2,0
2026-03-05 20:00:00,Cluster-Beta,74.83740124778859,50.912665703883754,370.2604124303792,0.6,0
2026-03-05 21:00:00,Cluster-Alpha,14.427679472443801,16.488807827172543,834.9415619784701,0.15,0
2026-03-05 22:00:00,Cluster-Gamma,30.84030817634324,41.63051342217751,459.728017116821,0.3,0
2026-03-05 23:00:00,Cluster-Beta,30.697677087324386,16.612317143704868,722.3628291327806,0.15,0
2026-03-06 00:00:00,Cluster-Alpha,45.177760266289056,46.24693755295353,116.37868427746768,0.3,0
2026-03-06 01:00:00,Cluster-Beta,96.17429290762321,56.16803814276643,847.6579936995606,1.2,1
2026-03-06 02:00:00,Cluster-Beta,11.277736841595441,9.861711545859123,738.3608069103287,0.3,0
2026-03-06 03:00:00,Cluster-Alpha,53.239192477395335,55.72893269292122,219.59961067734602,0.6,0
2026-03-06 04:00:00,Cluster-Gamma,21.680915427135574,38.80166577368647,153.83314964832877,0.6,0
2026-03-06 05:00:00,Cluster-Gamma,95.2729187231062,9.880850433755487,323.1294252383681,0.15,0
2026-03-06 06:00:00,Cluster-Delta,15.53722593965417,28.507595032302145,976.3098801715853,0.3,0
2026-03-06 07:00:00,Cluster-Alpha,42.53489321962799,11.97333819607607,264.26325882138804,1.2,0
2026-03-06 08:00:00,Cluster-Delta,73.62330358961837,45.42156910972731,461.56593685716695,1.2,0
2026-03-06 09:00:00,Cluster-Delta,70.52356180655241,49.04982433391288,39.72002346016295,0.6,0
2026-03-06 10:00:00,Cluster-Delta,44.3137632311357,8.559384256913535,403.2552542705702,1.2,0
2026-03-06 11:00:00,Cluster-Gamma,37.2267476196028,33.38067086706795,575.6068152787717,0.6,0
2026-03-06 12:00:00,Cluster-Alpha,41.977951205416964,52.506753473606864,953.5933663828854,0.6,0
2026-03-06 13:00:00,Cluster-Delta,29.57769247375345,60.04210857616178,521.5686844906638,0.6,0
2026-03-06 14:00:00,Cluster-Alpha,24.095963299732382,33.838107737989745,820.916252915911,0.15,0
2026-03-06 15:00:00,Cluster-Alpha,49.92269187297677,60.91731186390724,551.6563661432116,0.15,0
2026-03-06 16:00:00,Cluster-Gamma,29.97363931428748,35.21271616827385,50.37716330116292,0.6,0
2026-03-06 17:00:00,Cluster-Delta,31.73393483544426,26.439810665194294,321.8581924378763,0.6,0
2026-03-06 18:00:00,Cluster-Delta,66.0783139031338,54.58859397027952,579.7940127527922,0.6,0
2026-03-06 19:00:00,Cluster-Alpha,95.07397184808997,32.564928048401526,951.0880262718131,1.2,0
2026-03-06 20:00:00,Cluster-Beta,61.13825965202188,31.25795565500043,860.5390561537209,0.6,0
2026-03-06 21:00:00,Cluster-Gamma,12.159090437041865,32.399374343409356,236.07205803705918,0.6,0
2026-03-06 22:00:00,Cluster-Gamma,12.02927608842823,54.500670115924216,227.90873171897186,0.3,0
2026-03-06 23:00:00,Cluster-Gamma,93.48235953863764,53.58037558465923,209.16123744276175,0.3,1
2026-03-07 00:00:00,Cluster-Gamma,32.64804349858203,27.018239531293094,923.2739073394781,0.3,0
2026-03-07 01:00:00,Cluster-Delta,13.562229705670216,22.66459131197255,854.1394915707035,0.3,0
2026-03-07 02:00:00,Cluster-Delta,60.71114660498549,32.499537490426015,777.1345979304193,0.6,0
2026-03-07 03:00:00,Cluster-Beta,62.99933638099475,37.51189560370076,398.8077630819853,0.3,0
2026-03-07 04:00:00,Cluster-Gamma,65.310948271038,16.776907058935812,509.33689725577915,1.2,0
2026-03-07 05:00:00,Cluster-Gamma,29.86838859075134,51.22521525236662,469.6884273472013,1.2,0
2026-03-07 06:00:00,Cluster-Alpha,6.405293631946178,32.16193147541022,260.86412648377893,0.3,0
2026-03-07 07:00:00,Cluster-Delta,94.74642935926589,22.710824002037494,509.97776568727926,0.15,0
2026-03-07 08:00:00,Cluster-Gamma,28.33305324927253,8.622901563767417,40.19158237422692,1.2,0
2026-03-07 09:00:00,Cluster-Beta,67.87044478888691,16.80839994502363,140.49226976248457,1.2,0
2026-03-07 10:00:00,Cluster-Beta,70.71657789871999,60.85543264887099,887.7237002072569,0.3,0
2026-03-07 11:00:00,Cluster-Delta,61.73068978839217,20.91618058281065,754.162969361109,0.3,0
2026-03-07 12:00:00,Cluster-Beta,34.100387661869284,12.469275940756189,428.6397249684962,0.6,0
2026-03-07 13:00:00,Cluster-Beta,30.211951600058114,30.56171308260958,521.9788586610384,1.2,0
2026-03-07 14:00:00,Cluster-Delta,60.58315029135139,21.039440088335418,376.29889710037764,0.3,0
2026-03-07 15:00:00,Cluster-Gamma,85.5468939258873,4.1798735168140375,743.3720684890658,0.3,0
2026-03-07 16:00:00,Cluster-Gamma,93.04623678987579,22.03500347132387,786.3453074397588,0.6,0
2026-03-07 17:00:00,Cluster-Beta,14.84923980954946,35.73473468424705,765.6523383011275,1.2,0
2026-03-07 18:00:00,Cluster-Beta,19.399060971587947,36.20616706523795,725.385607586105,0.3,0
2026-03-07 19:00:00,Cluster-Gamma,92.8604720668264,24.1066531129671,212.45929530586787,0.6,0
2026-03-07 20:00:00,Cluster-Delta,73.4977762351357,29.73277088766124,344.590279448074,0.3,0
2026-03-07 21:00:00,Cluster-Beta,87.11842570916889,61.86211093055552,475.14698063383815,0.15,1
2026-03-07 22:00:00,Cluster-Alpha,23.844834974586913,25.39560558827932,337.48506151337904,0.15,0
2026-03-07 23:00:00,Cluster-Delta,59.64548601317437,18.010062422118946,757.3907981567456,0.3,0
2026-03-08 00:00:00,Cluster-Beta,70.20598228082505,17.094956732139128,336.05998900745516,1.2,0
2026-03-08 01:00:00,Cluster-Beta,68.25040534656846,30.38140598765632,146.84976591748378,0.15,0
2026-03-08 02:00:00,Cluster-Alpha,42.95810725060292,49.09024922045053,405.05004752782105,0.6,0
2026-03-08 03:00:00,Cluster-Alpha,6.431724927291688,14.771267419685339,980.1152884545565,0.3,0
2026-03-08 04:00:00,Cluster-Gamma,59.21212328279647,45.97635988272762,233.62259880424014,0.6,0
2026-03-08 05:00:00,Cluster-Delta,28.538443143703613,3.3112890476638097,616.0370723537968,0.15,0
2026-03-08 06:00:00,Cluster-Delta,46.8736448912888,27.973844635004653,438.6433193413092,1.2,0
2026-03-08 07:00:00,Cluster-Gamma,94.05503440279502,50.103634042572786,80.31432197283337,0.6,1
2026-03-08 08:00:00,Cluster-Delta,42.11028454074643,23.001443258014746,492.99783993807887,0.15,0
2026-03-08 09:00:00,Cluster-Delta,83.10154941979168,36.95170028961476,705.1426853618293,0.15,0
2026-03-08 10:00:00,Cluster-Delta,22.534276334680357,14.708712435206468,518.0877760695405,0.15,0
2026-03-08 11:00:00,Cluster-Delta,67.53882631632769,48.003714249822686,873.3850031091152,0.6,0
2026-03-08 12:00:00,Cluster-Delta,95.86164676282175,5.241304402663096,296.04764649100684,0.15,0
2026-03-08 13:00:00,Cluster-Alpha,14.476058381183122,54.85764398228102,95.38667959092527,0.3,0
2026-03-08 14:00:00,Cluster-Delta,5.773754627128858,14.288175958143425,937.1999555414261,0.15,0
2026-03-08 15:00:00,Cluster-Alpha,45.32319971483314,56.212677965916505,384.4143860329368,0.3,0
2026-03-08 16:00:00,Cluster-Delta,13.61416992377715,23.856812960632073,580.641495939097,1.2,0
2026-03-08 17:00:00,Cluster-Gamma,74.59974451988951,46.80638161741817,794.083094868894,0.3,0
2026-03-08 18:00:00,Cluster-Beta,90.05302573791597,21.791968462743686,331.0705272368248,1.2,0
2026-03-08 19:00:00,Cluster-Alpha,45.36395046191457,58.16652361654815,719.002892795835,1.2,0
2026-03-08 20:00:00,Cluster-Delta,29.06018272045601,9.85150178213921,144.06466131964976,0.3,0
2026-03-08 21:00:00,Cluster-Gamma,45.39950866761471,13.06822693490112,298.38080973345023,1.2,0
2026-03-08 22:00:00,Cluster-Beta,72.2806470600501,32.56786775984574,153.26352977515472,0.3,0
2026-03-08 23:00:00,Cluster-Alpha,5.842037026974501,7.080183220365059,813.1182528173442,0.6,0
2026-03-09 00:00:00,Cluster-Beta,59.81922102207684,14.15077145150924,230.42274287451752,1.2,0
2026-03-09 01:00:00,Cluster-Gamma,62.03612669452625,60.51351569714489,720.2295198511582,0.3,0
2026-03-09 02:00:00,Cluster-Alpha,64.305006961322,62.542358991169,943.865413273196,1.2,0
2026-03-09 03:00:00,Cluster-Beta,27.50805343822158,25.32807841848616,532.4944869781882,0.15,0
2026-03-09 04:00:00,Cluster-Delta,71.40690327416578,59.24373330286401,544.6289003380808,0.3,0
2026-03-09 05:00:00,Cluster-Alpha,13.499408228855206,35.77912989175277,466.4232324168339,0.15,0
2026-03-09 06:00:00,Cluster-Beta,23.532141291412476,18.724032884173557,332.6312419597063,1.2,0
2026-03-09 07:00:00,Cluster-Gamma,86.60471433886681,45.548720706997116,480.89848061566795,1.2,0
2026-03-09 08:00:00,Cluster-Gamma,73.70125301757066,42.85191200764115,606.7794569440919,0.6,0
2026-03-09 09:00:00,Cluster-Alpha,6.278336523055108,63.32576978474147,986.1316564489528,0.3,0
2026-03-09 10:00:00,Cluster-Beta,28.09899221439142,18.432931819375565,938.386913725042,0.15,0
2026-03-09 11:00:00,Cluster-Alpha,24.939802918364304,43.667689165027596,863.5314287101905,0.6,0
2026-03-09 12:00:00,Cluster-Alpha,30.18498850743845,5.225472811825707,890.2392303478098,1.2,0
2026-03-09 13:00:00,Cluster-Beta,28.023058636029436,9.046054399196603,473.1706914591225,1.2,0
2026-03-09 14:00:00,Cluster-Beta,10.814945504084655,2.242939246967782,660.8698839056901,0.6,0
2026-03-09 15:00:00,Cluster-Delta,47.68146804350429,63.96656222569973,896.116055706852,0.15,0
2026-03-09 16:00:00,Cluster-Beta,73.14421315511336,51.74096922314362,399.02125734143954,1.2,0
2026-03-09 17:00:00,Cluster-Gamma,61.426050398721586,50.77682691347953,962.1448535620141,1.2,0
2026-03-09 18:00:00,Cluster-Alpha,67.57706517962143,33.60301666786714,421.62820144849115,0.3,0
2026-03-09 19:00:00,Cluster-Alpha,12.546873603870242,20.604159140137277,605.0718387392835,0.6,0
2026-03-09 20:00:00,Cluster-Gamma,93.48863604644121,11.378385636685907,712.7066661396482,1.2,0
2026-03-09 21:00:00,Cluster-Beta,82.9797405474013,19.649833808480746,951.086092945179,0.15,0
2026-03-09 22:00:00,Cluster-Gamma,79.87339962009663,25.310215759606624,252.1701113117434,0.3,0
2026-03-09 23:00:00,Cluster-Gamma,81.53749386888438,48.89122601277823,748.6696684562559,0.6,0
2026-03-10 00:00:00,Cluster-Delta,91.7420772563468,35.45903091199545,525.6074302826414,0.15,0
2026-03-10 01:00:00,Cluster-Gamma,55.61561884857389,6.803984846439927,275.87156921443466,1.2,0
2026-03-10 02:00:00,Cluster-Alpha,23.626227661689207,3.117798555452559,778.8407713984267,0.6,0
2026-03-10 03:00:00,Cluster-Gamma,62.36087553028633,8.344595131111916,556.7000573721081,0.6,0
2026-03-10 04:00:00,Cluster-Alpha,74.08797891111833,27.45092024923752,664.3640824431791,0.15,0
2026-03-10 05:00:00,Cluster-Alpha,73.62631758192437,59.85796085703913,329.672057892122,0.6,0
2026-03-10 06:00:00,Cluster-Alpha,53.49475924751985,41.51895383497174,486.46121230932897,0.15,0
2026-03-10 07:00:00,Cluster-Beta,11.366660898022758,51.71320579228194,621.1807084781864,1.2,0
2026-03-10 08:00:00,Cluster-Delta,39.513503274001884,30.91522485928201,410.86170612714557,0.3,0
2026-03-10 09:00:00,Cluster-Alpha,90.63129458709223,24.42329715809265,206.3888144492243,0.15,0
2026-03-10 10:00:00,Cluster-Alpha,59.35374860744062,8.72082310843061,962.0240873921509,0.3,0
2026-03-10 11:00:00,Cluster-Beta,55.06487072278135,56.3078473755447,516.3528646421912,0.6,0
2026-03-10 12:00:00,Cluster-Alpha,30.003376837543996,50.55592179972997,736.5811665848236,0.15,0
2026-03-10 13:00:00,Cluster-Gamma,39.265749552241836,12.423322051058957,416.93672162049756,1.2,0
2026-03-10 14:00:00,Cluster-Gamma,88.26718629124474,33.76015496032815,361.5804463854592,0.15,0
2026-03-10 15:00:00,Cluster-Delta,66.98106341999572,32.21723809111718,413.0926554824537,0.15,0
2026-03-10 16:00:00,Cluster-Alpha,78.22699348796695,40.75567626656478,415.1046773477933,0.15,0
2026-03-10 17:00:00,Cluster-Beta,47.25412434529193,60.6635874274582,548.7383147825341,0.3,0
2026-03-10 18:00:00,Cluster-Gamma,63.61299140942268,37.94582938927374,548.0351712815495,0.3,0
2026-03-10 19:00:00,Cluster-Beta,28.0996756131183,35.49347054027435,502.18227772404293,0.6,0
2026-03-10 20:00:00,Cluster-Beta,70.60785721636422,5.120021841949164,143.43792706826372,0.6,0
2026-03-10 21:00:00,Cluster-Gamma,44.76692403441037,5.900263513117483,501.1147237155258,0.6,0
2026-03-10 22:00:00,Cluster-Beta,46.15673287777134,13.615501062260911,177.41286141644497,0.6,0
2026-03-10 23:00:00,Cluster-Gamma,65.38697618564998,4.013187844888393,134.87442843280752,0.15,0
2026-03-11 00:00:00,Cluster-Beta,92.07409779661018,48.08787952534077,933.319260167756,0.3,0
2026-03-11 01:00:00,Cluster-Gamma,10.952590234601747,46.84647884762572,608.9005130162273,0.3,0
2026-03-11 02:00:00,Cluster-Alpha,81.70112107327171,10.435486534761862,662.8951575433384,0.3,0
2026-03-11 03:00:00,Cluster-Delta,32.191629268333955,53.83689184930741,407.7757336300301,0.3,0
2026-03-11 04:00:00,Cluster-Gamma,46.284509269093135,11.596734160458942,909.8910829957156,0.6,0
2026-03-11 05:00:00,Cluster-Gamma,7.037939576075833,20.672886393836247,641.5511846838688,0.15,0
2026-03-11 06:00:00,Cluster-Delta,32.99728523859111,17.43656774800463,771.4781708283516,0.3,0
2026-03-11 07:00:00,Cluster-Gamma,51.744705564602135,25.083040111528963,374.8768443374367,1.2,0
2026-03-11 08:00:00,Cluster-Gamma,10.224375193311829,17.789153485177636,960.4117620109342,0.15,0
2026-03-11 09:00:00,Cluster-Beta,50.67190283263436,32.31495743918403,822.2566772567319,1.2,0
2026-03-11 10:00:00,Cluster-Delta,91.22128848383375,27.259288643990494,855.4089783843982,0.15,0
2026-03-11 11:00:00,Cluster-Alpha,14.801569284025886,63.16730842831824,180.47232475149673,0.15,0
2026-03-11 12:00:00,Cluster-Gamma,76.0929877110219,5.467433707949992,278.2535757925073,0.15,0
2026-03-11 13:00:00,Cluster-Delta,43.099407963967316,10.815245336015801,292.7703336867413,1.2,0
2026-03-11 14:00:00,Cluster-Beta,65.93115545076344,5.275205422333354,278.2001310144025,0.3,0
2026-03-11 15:00:00,Cluster-Alpha,29.20200361262633,40.8021540889073,856.8540804832451,0.3,0
2026-03-11 16:00:00,Cluster-Delta,19.83278041634632,5.379575199650614,41.56594725650619,1.2,0
2026-03-11 17:00:00,Cluster-Alpha,19.923023127224056,53.85926371731964,85.33898909096656,0.3,0
2026-03-11 18:00:00,Cluster-Alpha,11.555750944812452,33.74019510227952,281.17572192360467,0.6,0
2026-03-11 19:00:00,Cluster-Alpha,22.2651435558156,34.67447272405509,207.87424490294921,0.3,0
2026-03-11 20:00:00,Cluster-Gamma,66.77240280397405,36.81885947815604,239.54101774401988,0.6,0
2026-03-11 21:00:00,Cluster-Gamma,86.99722690144625,12.590449790985065,799.963757360767,0.6,0
2026-03-11 22:00:00,Cluster-Beta,80.71368875997806,14.256798793098227,567.4953279531264,0.6,0
2026-03-11 23:00:00,Cluster-Beta,68.71749081832702,21.76667401812629,15.712954680038314,1.2,0
2026-03-12 00:00:00,Cluster-Delta,15.270163297232548,38.79677778095479,435.0295380471533,0.3,0
2026-03-12 01:00:00,Cluster-Beta,31.894432505523334,15.0273021082933,413.80607758185533,0.3,0
2026-03-12 02:00:00,Cluster-Alpha,33.81203940498962,9.212567082262197,122.80581675009809,1.2,0
2026-03-12 03:00:00,Cluster-Alpha,28.245996014978775,62.1472469579428,679.3803707154426,1.2,0
2026-03-12 04:00:00,Cluster-Gamma,52.89552635300425,3.3628725181966206,705.0762164956961,0.3,0
2026-03-12 05:00:00,Cluster-Alpha,54.80650478380955,51.76723913083334,723.6842868615768,1.2,0
2026-03-12 06:00:00,Cluster-Delta,38.19039569091325,50.858179273651366,731.1862361030061,1.2,0
2026-03-12 07:00:00,Cluster-Alpha,37.90239176248855,20.427275058395953,10.052298662973833,0.6,0
2026-03-12 08:00:00,Cluster-Alpha,82.05567060526556,10.408850192453432,954.3815958082549,1.2,0
2026-03-12 09:00:00,Cluster-Delta,78.40423489373076,11.028976095736251,816.0666793841165,0.6,0
2026-03-12 10:00:00,Cluster-Beta,33.62501234630935,45.240760268705934,904.9418796233924,0.15,0
2026-03-12 11:00:00,Cluster-Beta,89.98232528021312,41.854008647342766,25.486862354359793,0.6,0
2026-03-12 12:00:00,Cluster-Delta,93.61179658123307,50.53023180358598,934.520207827882,0.6,1
2026-03-12 13:00:00,Cluster-Gamma,35.387056408793796,60.12383268874449,811.6906434012236,1.2,0
2026-03-12 14:00:00,Cluster-Alpha,37.9615202377541,44.8994965225287,838.8469515291116,0.3,0
2026-03-12 15:00:00,Cluster-Delta,52.02397626824217,11.662795266189494,102.35451087474883,0.15,0
2026-03-12 16:00:00,Cluster-Alpha,92.52423556563164,17.093442239455463,741.3902486294116,0.15,0
2026-03-12 17:00:00,Cluster-Gamma,86.49770728223497,54.216011314133105,960.3175227456701,0.15,1
2026-03-12 18:00:00,Cluster-Alpha,14.538820520273852,14.97697670172093,681.7618680039791,0.3,0
2026-03-12 19:00:00,Cluster-Delta,41.523959124241706,6.496383651177847,574.8557905783604,0.15,0
2026-03-12 20:00:00,Cluster-Alpha,56.46352064672878,45.60336335061953,946.173380971507,0.15,0
2026-03-12 21:00:00,Cluster-Beta,51.791319947293225,26.956634040388806,448.50775051709167,0.3,0
2026-03-12 22:00:00,Cluster-Gamma,23.029265318131017,59.04248325784602,603.300630647374,0.15,0
2026-03-12 23:00:00,Cluster-Gamma,84.86995971863838,42.31581440780702,481.5749105594225,1.2,0
2026-03-13 00:00:00,Cluster-Gamma,67.95549281870586,7.605976623082967,933.5177591466961,1.2,0
2026-03-13 01:00:00,Cluster-Delta,82.92547886121773,60.76710716972697,85.32387949785219,0.6,0
2026-03-13 02:00:00,Cluster-Gamma,84.86507797950091,18.030550345695247,506.1085038170947,0.6,0
2026-03-13 03:00:00,Cluster-Beta,74.5970943909138,22.907174405189718,690.0829169715839,0.6,0
2026-03-13 04:00:00,Cluster-Delta,45.84658591622371,26.940145648379605,793.9874730380145,1.2,0
2026-03-13 05:00:00,Cluster-Beta,61.780848216434485,5.175906377067422,587.188460969695,1.2,0
2026-03-13 06:00:00,Cluster-Alpha,19.913982769136112,32.7839561782975,909.8285666802394,1.2,0
2026-03-13 07:00:00,Cluster-Alpha,67.64902382516641,9.64574644666812,942.571532415033,0.6,0
2026-03-13 08:00:00,Cluster-Alpha,21.67055278375311,26.860160254677808,73.67603096164768,0.6,0
2026-03-13 09:00:00,Cluster-Alpha,69.53731191744458,23.744006855509227,408.3468341459606,0.6,0
2026-03-13 10:00:00,Cluster-Beta,26.352628950119087,49.91608517244321,33.224431503942895,0.6,0
2026-03-13 11:00:00,Cluster-Delta,15.932270913970457,51.79657172122933,336.1224908006985,0.6,0
2026-03-13 12:00:00,Cluster-Delta,20.37145758329504,11.511598708123456,541.4995357908961,0.6,0
2026-03-13 13:00:00,Cluster-Gamma,5.185268575373535,24.726173617512025,911.6869812048494,1.2,0
2026-03-13 14:00:00,Cluster-Beta,71.84278446037831,25.147895983973566,848.0887792407489,0.3,0
2026-03-13 15:00:00,Cluster-Alpha,73.11329756242925,11.387447524037274,136.22472940526586,0.3,0
2026-03-13 16:00:00,Cluster-Beta,52.88880154193313,51.50411731317381,102.10007099348675,0.6,0
2026-03-13 17:00:00,Cluster-Gamma,20.006740498150684,45.848156356796245,593.3746653691004,0.3,0
2026-03-13 18:00:00,Cluster-Gamma,12.770553388494147,13.803670750416153,536.7967927341948,0.3,0
2026-03-13 19:00:00,Cluster-Beta,6.778993878667691,24.73675833281554,273.7138650157236,1.2,0
2026-03-13 20:00:00,Cluster-Beta,20.414580457765524,8.559911541103881,900.4585537082969,0.6,0
2026-03-13 21:00:00,Cluster-Beta,87.84956475343265,40.948809019768724,928.092745366938,0.6,0
2026-03-13 22:00:00,Cluster-Delta,27.462926278256404,9.52505932201442,408.58532395676104,0.3,0
2026-03-13 23:00:00,Cluster-Alpha,37.947233431201056,63.1279184547449,891.399531542385,0.6,0
2026-03-14 00:00:00,Cluster-Beta,14.797130056763987,50.40228863064746,390.1094053203429,0.6,0
2026-03-14 01:00:00,Cluster-Beta,25.679601341579836,26.194790074207695,739.4486635114032,0.6,0
2026-03-14 02:00:00,Cluster-Beta,53.28788508255908,37.870963801319974,481.1827953722469,0.6,0
2026-03-14 03:00:00,Cluster-Gamma,61.52099952789569,58.50319260541734,131.35732494211118,0.3,0
2026-03-14 04:00:00,Cluster-Gamma,27.81776521745763,36.35415538454122,928.6548592246513,0.15,0
2026-03-14 05:00:00,Cluster-Delta,10.369090807935901,12.81890615667322,459.55562744376124,0.3,0
2026-03-14 06:00:00,Cluster-Alpha,41.36605682884807,25.479608046031878,737.1421699191797,1.2,0
2026-03-14 07:00:00,Cluster-Delta,26.780913496149076,54.27498163184421,373.5020762869792,0.15,0
2026-03-14 08:00:00,Cluster-Alpha,25.41851486037158,41.94120699135631,28.692069790472313,0.15,0
2026-03-14 09:00:00,Cluster-Gamma,94.26724065235133,42.34491182869562,109.52505510491756,0.15,0
2026-03-14 10:00:00,Cluster-Gamma,62.31594519109234,55.742932112686326,501.25728469502513,0.3,0
2026-03-14 11:00:00,Cluster-Gamma,56.78969521500492,57.42632956267529,693.0647135550988,1.2,0
2026-03-14 12:00:00,Cluster-Delta,43.66708462766894,59.02713945032505,341.38797331348627,0.3,0
2026-03-14 13:00:00,Cluster-Beta,44.89182300900342,7.8806499816956785,698.5335745858738,1.2,0
2026-03-14 14:00:00,Cluster-Beta,55.30416535694152,35.73581212171226,701.6492335376365,0.3,0
2026-03-14 15:00:00,Cluster-Gamma,69.76797205435797,47.911590315535754,706.8965482545525,0.3,0
2026-03-14 16:00:00,Cluster-Beta,70.29958694491013,48.92946439787485,497.59663548030335,0.3,0
2026-03-14 17:00:00,Cluster-Beta,20.96753341660681,39.61640452214024,915.737288620289,0.15,0
2026-03-14 18:00:00,Cluster-Delta,51.51048594312631,12.340814781387799,494.3045528008094,0.3,0
2026-03-14 19:00:00,Cluster-Alpha,43.312102838171484,51.44007434438319,455.7625415616718,1.2,0
2026-03-14 20:00:00,Cluster-Gamma,85.95900786305273,46.64690267792663,207.38701082052071,1.2,0
2026-03-14 21:00:00,Cluster-Gamma,63.721959673309,7.34041783604025,314.57853648277313,1.2,0
2026-03-14 22:00:00,Cluster-Delta,54.522878176686305,30.756209129811328,51.91114759312031,0.15,0
2026-03-14 23:00:00,Cluster-Delta,15.731701722639315,12.786598770351821,637.1999406800085,0.3,0
2026-03-15 00:00:00,Cluster-Beta,61.32432370707726,22.923576834204255,256.0503864878219,0.3,0
2026-03-15 01:00:00,Cluster-Gamma,15.899963228261708,3.121027716752497,311.11370194061044,0.6,0
2026-03-15 02:00:00,Cluster-Alpha,36.36021152761494,26.820451841467012,773.1063764476779,0.15,0
2026-03-15 03:00:00,Cluster-Delta,18.284302727732864,36.092369111685045,333.9489713298393,1.2,0
2026-03-15 04:00:00,Cluster-Alpha,69.36284917326631,40.414120755279384,249.77393309301075,1.2,0
2026-03-15 05:00:00,Cluster-Alpha,24.181446586762192,43.13640139798002,177.3671716423687,0.3,0
2026-03-15 06:00:00,Cluster-Gamma,41.442921706486416,53.85006141235252,777.1098181601363,1.2,0
2026-03-15 07:00:00,Cluster-Gamma,88.29775431854641,15.358700251095263,138.4091954101266,0.3,0
2026-03-15 08:00:00,Cluster-Delta,24.001423656104237,9.469872991185014,459.21622264785,0.3,0
2026-03-15 09:00:00,Cluster-Gamma,52.22587094816646,54.795304657671394,511.86081491642244,0.6,0
2026-03-15 10:00:00,Cluster-Gamma,43.99226448844004,11.709994523344292,690.5160135588575,0.15,0
2026-03-15 11:00:00,Cluster-Gamma,6.685535817252865,62.435125042844106,636.9506475096655,0.3,0
2026-03-15 12:00:00,Cluster-Alpha,78.72650456227159,54.23737022271549,812.6134662157231,0.3,0
2026-03-15 13:00:00,Cluster-Delta,11.421269287257775,33.05434956515515,54.303919586975766,0.3,0
2026-03-15 14:00:00,Cluster-Beta,49.10571695085668,62.84812834516556,303.47631753160323,0.6,0
2026-03-15 15:00:00,Cluster-Alpha,57.14308142932234,8.03735720469626,287.33277758762597,0.3,0
2026-03-15 16:00:00,Cluster-Gamma,63.4436604651566,20.7900771928563,154.55673653618715,0.15,0
2026-03-15 17:00:00,Cluster-Alpha,69.04274152563242,41.56991373251791,296.2864713178787,0.15,0
2026-03-15 18:00:00,Cluster-Gamma,28.5543316676125,23.700425845337083,316.6676610014744,1.2,0
2026-03-15 19:00:00,Cluster-Gamma,5.928026229235792,59.55909822280909,526.6656173082035,0.15,0
2026-03-15 20:00:00,Cluster-Alpha,72.28026059900681,6.068817467024689,667.0674341369935,1.2,0
2026-03-15 21:00:00,Cluster-Delta,54.81606373932481,36.0635335877798,387.2895084756959,0.15,0
2026-03-15 22:00:00,Cluster-Gamma,82.75894639827413,38.6337085784971,722.2755290002474,1.2,0
2026-03-15 23:00:00,Cluster-Delta,81.38911774976457,42.4691436741879,342.8036851937842,0.3,0
2026-03-16 00:00:00,Cluster-Beta,83.42933360427314,17.851305846572494,297.38084054161277,0.6,0
2026-03-16 01:00:00,Cluster-Gamma,50.11380337809724,24.603118506231596,545.7761752984541,0.6,0
2026-03-16 02:00:00,Cluster-Delta,36.0274408128285,54.30819283922861,33.4791967027327,0.6,0
2026-03-16 03:00:00,Cluster-Delta,78.6149128409974,14.08645167614991,88.99123239766037,0.3,0
2026-03-16 04:00:00,Cluster-Beta,46.970352511720705,53.26580652474845,423.7898481506618,0.6,0
2026-03-16 05:00:00,Cluster-Delta,22.06012426551941,36.88463621997003,943.4835842778389,0.15,0
2026-03-16 06:00:00,Cluster-Delta,84.51258381921711,49.25562569403309,724.2966620449894,1.2,0
2026-03-16 07:00:00,Cluster-Beta,87.0780685398283,46.24365670833524,97.24530380555217,0.3,0
2026-03-16 08:00:00,Cluster-Gamma,48.36680732103582,14.865712713862498,847.8548326530649,0.6,0
2026-03-16 09:00:00,Cluster-Delta,12.040074639810236,37.26638965890012,734.9777629020991,0.15,0
2026-03-16 10:00:00,Cluster-Delta,41.0678263622746,55.79883547391573,614.8370604456267,0.15,0
2026-03-16 11:00:00,Cluster-Delta,79.72900233002211,28.79120668171962,822.0900310030855,0.3,0
2026-03-16 12:00:00,Cluster-Alpha,88.86498465479927,61.92862775384564,410.0687492655275,0.3,1
2026-03-16 13:00:00,Cluster-Beta,23.922965052276414,30.03733620630652,229.2860403453142,0.6,0
2026-03-16 14:00:00,Cluster-Alpha,11.228545918350251,10.85270947340885,516.9031552176717,1.2,0
2026-03-16 15:00:00,Cluster-Beta,86.593592141354,26.14495016481574,553.3533380375391,0.6,0
2026-03-16 16:00:00,Cluster-Gamma,41.2146593250354,61.0055491962133,542.9431082898129,0.6,0
2026-03-16 17:00:00,Cluster-Gamma,55.38376967688338,21.822692659070963,569.4230535653043,0.3,0
2026-03-16 18:00:00,Cluster-Delta,95.03012052072059,55.822085911757895,949.217869056789,0.6,1
2026-03-16 19:00:00,Cluster-Beta,11.190519696022726,56.637542264277165,903.223166865269,0.6,0
2026-03-16 20:00:00,Cluster-Gamma,65.29357469304489,23.711564508581585,876.95986619335,1.2,0
2026-03-16 21:00:00,Cluster-Beta,11.891804299462638,7.161974799139191,803.4026427995409,0.15,0
2026-03-16 22:00:00,Cluster-Gamma,39.918610347384536,46.92259036784673,943.9938261926325,0.15,0
2026-03-16 23:00:00,Cluster-Alpha,79.75475270299054,21.313762538867135,107.50969526260921,1.2,0
2026-03-17 00:00:00,Cluster-Gamma,45.312917646274,50.54126408396949,272.4720288312821,0.15,0
2026-03-17 01:00:00,Cluster-Alpha,97.73795891297439,29.444600592146852,500.105386198039,0.6,0
2026-03-17 02:00:00,Cluster-Gamma,56.992513500034,32.08653802524253,848.0691481921712,1.2,0
2026-03-17 03:00:00,Cluster-Delta,34.868080195143676,50.23038321840928,510.11405440750514,1.2,0
2026-03-17 04:00:00,Cluster-Alpha,25.47035330914204,25.70652652582093,750.5543919481728,0.3,0
2026-03-17 05:00:00,Cluster-Gamma,37.598409688613046,29.473895410020702,147.57030619642705,0.15,0
2026-03-17 06:00:00,Cluster-Delta,39.645594459638225,25.323809063716574,259.8896748467946,0.3,0
2026-03-17 07:00:00,Cluster-Alpha,11.390372028328372,24.775111947191355,734.4583340872956,0.6,0
2026-03-17 08:00:00,Cluster-Delta,39.37040054668991,34.60868776789048,173.0866687988468,1.2,0
2026-03-17 09:00:00,Cluster-Beta,48.174182335747915,52.14556555907134,357.8423753083775,0.6,0
2026-03-17 10:00:00,Cluster-Beta,72.21461095820884,24.429635339199084,272.21759523543574,0.15,0
2026-03-17 11:00:00,Cluster-Alpha,66.07584207910955,34.503792673339674,356.3630772802537,0.3,0
2026-03-17 12:00:00,Cluster-Gamma,70.91520593631134,43.58509417744125,711.2408085871906,0.15,0
2026-03-17 13:00:00,Cluster-Alpha,5.77782241454771,18.70524567082661,374.168709331373,0.6,0
2026-03-17 14:00:00,Cluster-Delta,25.243068160989854,19.206413903948338,559.7106893818608,0.3,0
2026-03-17 15:00:00,Cluster-Gamma,66.53663882118666,59.871613875454194,108.93255828386555,0.15,0
2026-03-17 16:00:00,Cluster-Beta,50.011011240716485,46.85914354652749,806.9675163022815,0.6,0
2026-03-17 17:00:00,Cluster-Gamma,5.494153237156173,37.78557392584515,376.1897393916436,0.15,0
2026-03-17 18:00:00,Cluster-Beta,79.81800174615948,42.15864337407794,652.048817443009,1.2,0
2026-03-17 19:00:00,Cluster-Gamma,76.87129031600138,3.8165654724119387,728.1357056452143,0.3,0
2026-03-17 20:00:00,Cluster-Gamma,56.00298215840132,40.322383864825206,217.56431289058338,0.3,0
2026-03-17 21:00:00,Cluster-Gamma,11.181089297193306,33.58955013990052,885.8282351038165,0.3,0
2026-03-17 22:00:00,Cluster-Delta,76.28589960653038,35.83648014632501,620.0620090908834,1.2,0
2026-03-17 23:00:00,Cluster-Delta,59.285363659016845,24.28427726351066,434.43789033396666,0.3,0
2026-03-18 00:00:00,Cluster-Alpha,77.72227787569021,7.051381658202397,190.51183174243735,1.2,0
2026-03-18 01:00:00,Cluster-Alpha,74.91247029281315,13.987032483947235,942.8779285221947,0.3,0
2026-03-18 02:00:00,Cluster-Beta,79.67919269207886,60.94617221918565,757.5175220903088,0.15,0
2026-03-18 03:00:00,Cluster-Delta,53.17475017563011,27.339372860797905,215.94431710591638,0.15,0
2026-03-18 04:00:00,Cluster-Beta,18.050180191996894,30.934355661513578,344.3336669769823,0.15,0
2026-03-18 05:00:00,Cluster-Alpha,67.41764502431104,5.268006970913218,811.5775155071925,0.15,0
2026-03-18 06:00:00,Cluster-Beta,62.704062009833265,4.329106231726796,698.7208865831856,1.2,0
2026-03-18 07:00:00,Cluster-Alpha,74.0295464095151,46.465249716898974,768.1264497885671,0.6,0
2026-03-18 08:00:00,Cluster-Delta,20.798933562718382,35.3618691755089,446.7890911908031,0.6,0
2026-03-18 09:00:00,Cluster-Gamma,23.1326935907269,33.539771021408534,719.3115000157452,0.15,0
2026-03-18 10:00:00,Cluster-Delta,87.80808510139755,17.073720886205457,392.62878563527454,0.6,0
2026-03-18 11:00:00,Cluster-Beta,74.74793525604258,48.17454536105518,219.15028776881448,0.6,0
2026-03-18 12:00:00,Cluster-Beta,89.46524944913003,12.430667904726496,636.3502644929464,0.3,0
2026-03-18 13:00:00,Cluster-Delta,75.56052486824463,13.775954106983242,976.2537863428063,1.2,0
2026-03-18 14:00:00,Cluster-Delta,60.535443457098076,30.56415462359308,317.4949616813763,0.15,0
2026-03-18 15:00:00,Cluster-Alpha,65.83434454359225,19.749351450940335,466.3598962904142,0.6,0
2026-03-18 16:00:00,Cluster-Beta,87.68889692642092,17.342704836455074,677.261357359155,0.6,0
2026-03-18 17:00:00,Cluster-Beta,58.82902816961047,42.00473396230656,546.091219301263,0.15,0
2026-03-18 18:00:00,Cluster-Delta,63.812393162540026,42.36024820354976,844.9935177519587,0.3,0
2026-03-18 19:00:00,Cluster-Gamma,19.552334588334855,53.120058327595615,764.1252794048207,0.15,0
2026-03-18 20:00:00,Cluster-Beta,49.07467347079755,27.897931152324503,67.71423182373347,0.3,0
2026-03-18 21:00:00,Cluster-Gamma,71.62493141210321,6.531275643621315,998.4370215845363,0.6,0
2026-03-18 22:00:00,Cluster-Delta,30.197670943421983,18.967315865130377,754.8784291822726,1.2,0
2026-03-18 23:00:00,Cluster-Delta,23.809638788781747,62.76033871820265,865.2642831311721,0.3,0
2026-03-19 00:00:00,Cluster-Alpha,34.18589316487065,38.96803166442753,654.685734974393,0.3,0
2026-03-19 01:00:00,Cluster-Beta,27.45955840333351,46.00369925766326,857.7222767662946,0.15,0
2026-03-19 02:00:00,Cluster-Gamma,24.986875244384812,2.4561854367757014,121.25914517942232,0.6,0
2026-03-19 03:00:00,Cluster-Alpha,44.51112838673208,34.12875539531629,354.2604572037224,1.2,0
2026-03-19 04:00:00,Cluster-Beta,89.42898179116867,4.326776766971793,877.6567341684478,0.15,0
2026-03-19 05:00:00,Cluster-Alpha,52.1565471467008,37.292273149669775,209.63865915422332,0.15,0
2026-03-19 06:00:00,Cluster-Delta,22.47659541582504,59.087792677436674,87.45967759422251,1.2,0
2026-03-19 07:00:00,Cluster-Beta,12.158365252421289,62.04198609102529,790.2377505457667,0.6,0
2026-03-19 08:00:00,Cluster-Alpha,69.74252149782704,35.5142658741133,837.1312940868632,1.2,0
2026-03-19 09:00:00,Cluster-Alpha,40.600285092584066,30.40869792563739,171.0256960080016,0.15,0
2026-03-19 10:00:00,Cluster-Gamma,81.43027803243841,60.591059843406626,855.8025229548883,0.15,0
2026-03-19 11:00:00,Cluster-Alpha,66.33450148359162,43.763809583795094,689.9001176411979,0.3,0
2026-03-19 12:00:00,Cluster-Beta,79.05045490034728,6.023755331381387,524.881856384418,1.2,0
2026-03-19 13:00:00,Cluster-Beta,30.290981665915734,30.87498581538485,831.9476908535712,1.2,0
2026-03-19 14:00:00,Cluster-Gamma,69.3893797888784,16.895191144786843,425.0567568257761,1.2,0
2026-03-19 15:00:00,Cluster-Beta,29.557764576515847,31.127867929818258,202.05401666116325,0.15,0
2026-03-19 16:00:00,Cluster-Delta,92.33336858887712,30.238865464394426,292.0041498445075,0.6,0
2026-03-19 17:00:00,Cluster-Beta,64.18280818260382,38.092977774514004,510.11237811038166,0.15,0
2026-03-19 18:00:00,Cluster-Beta,35.17959741630682,24.119770401653575,536.017484746444,0.3,0
2026-03-19 19:00:00,Cluster-Alpha,30.064603193181355,12.18476786626754,807.5250181768213,0.15,0
2026-03-19 20:00:00,Cluster-Alpha,22.756172411662845,33.23060494457729,793.4391964158111,0.15,0
2026-03-19 21:00:00,Cluster-Beta,69.60160917711669,53.472578829437246,585.5528916325292,0.15,0
2026-03-19 22:00:00,Cluster-Gamma,25.34055200880724,43.16875814019134,782.9776285318217,0.3,0
2026-03-19 23:00:00,Cluster-Alpha,60.36320373125648,22.978807687363382,199.85572371073428,1.2,0
2026-03-20 00:00:00,Cluster-Gamma,29.611057504058234,60.00242741104915,59.563881822361395,0.6,0
2026-03-20 01:00:00,Cluster-Beta,66.56311186582977,58.55686941744929,874.8974844083531,0.6,0
2026-03-20 02:00:00,Cluster-Beta,80.78939475427015,14.979600761814124,84.79894882514188,0.3,0
2026-03-20 03:00:00,Cluster-Delta,77.35634761245274,4.443890277462504,254.22154544655731,1.2,0
2026-03-20 04:00:00,Cluster-Alpha,75.7591737765627,47.96113991774726,698.3657601281407,1.2,0
2026-03-20 05:00:00,Cluster-Beta,22.458183729379442,53.3118362036475,415.35345825103605,0.3,0
2026-03-20 06:00:00,Cluster-Delta,13.21980006956024,62.00760308898403,877.5508302163537,0.15,0
2026-03-20 07:00:00,Cluster-Alpha,70.00224104932686,57.16985643347527,304.99999671564683,1.2,0
2026-03-20 08:00:00,Cluster-Beta,39.25629088287467,39.23315562879772,21.752633202665702,0.6,0
2026-03-20 09:00:00,Cluster-Beta,45.2081990555113,34.86324503116761,307.6490841551367,0.3,0
2026-03-20 10:00:00,Cluster-Alpha,7.896865629785369,3.7261451782803503,582.2942986929834,0.6,0
2026-03-20 11:00:00,Cluster-Alpha,29.140609782579574,17.292699704376226,382.1789916492604,0.15,0
2026-03-20 12:00:00,Cluster-Alpha,8.131905560325155,30.496114607441438,539.5240282011677,0.3,0
2026-03-20 13:00:00,Cluster-Beta,86.76427685191604,40.9672418051812,877.8321376466686,0.6,0
2026-03-20 14:00:00,Cluster-Beta,27.635891539323335,36.54961366574146,913.3602036880649,0.6,0
2026-03-20 15:00:00,Cluster-Delta,56.83235677028975,48.04343136026481,273.314324007571,0.15,0
2026-03-20 16:00:00,Cluster-Gamma,8.625076821485129,19.345549714996533,467.5190685372017,0.3,0
2026-03-20 17:00:00,Cluster-Alpha,67.0168073914262,37.02706167445334,553.6525750890366,1.2,0
2026-03-20 18:00:00,Cluster-Beta,35.041543155130725,7.464819090229112,949.6213323193646,1.2,0
2026-03-20 19:00:00,Cluster-Beta,88.50648438706293,27.64726246215883,998.6311459727408,0.6,0
2026-03-20 20:00:00,Cluster-Alpha,87.59499157086533,48.50997164318526,243.05317635311138,0.15,0
2026-03-20 21:00:00,Cluster-Gamma,35.25202750764254,44.99085291260073,729.7100726323573,0.6,0
2026-03-20 22:00:00,Cluster-Alpha,88.78936329921352,63.419849704675094,384.25075161086323,0.15,1
2026-03-20 23:00:00,Cluster-Gamma,97.64266363538643,19.229249811240873,18.027114917351092,1.2,0
2026-03-21 00:00:00,Cluster-Beta,81.76365676352717,32.887736548786705,19.15999721154333,0.6,0
2026-03-21 01:00:00,Cluster-Gamma,83.57303534123629,22.430885653987797,465.96034748663317,0.6,0
2026-03-21 02:00:00,Cluster-Delta,28.15781245814536,29.317393071668835,493.45156387429125,0.15,0
2026-03-21 03:00:00,Cluster-Beta,58.63332309377134,55.13090805190206,32.34399960770823,0.3,0
2026-03-21 04:00:00,Cluster-Delta,11.254799998965211,44.42096266168617,690.0581426065595,0.15,0
2026-03-21 05:00:00,Cluster-Alpha,13.827368124415283,56.711353863550066,301.0633547090036,0.3,0
2026-03-21 06:00:00,Cluster-Alpha,97.89701291909603,14.61768871657696,564.2941705205899,1.2,0
2026-03-21 07:00:00,Cluster-Alpha,35.377450196609715,56.14838930616916,307.9098824337646,0.6,0
2026-03-21 08:00:00,Cluster-Gamma,74.58110382054271,5.705260999059834,175.46297172061412,0.6,0
2026-03-21 09:00:00,Cluster-Beta,80.01984993149394,57.09315538710345,413.10200121288653,0.15,0
2026-03-21 10:00:00,Cluster-Alpha,84.79616420367232,22.40257432656513,239.95063114259574,0.15,0
2026-03-21 11:00:00,Cluster-Alpha,97.77943165840055,21.50443327167212,539.4529671499764,1.2,0
2026-03-21 12:00:00,Cluster-Beta,27.45917312888871,33.749491755317166,206.84024498361515,1.2,0
2026-03-21 13:00:00,Cluster-Alpha,8.752626897952073,60.32279163884037,513.3219168781808,0.3,0
2026-03-21 14:00:00,Cluster-Delta,43.240811173496496,4.9624446102471325,165.80472972017887,1.2,0
2026-03-21 15:00:00,Cluster-Beta,17.097502294092067,23.83832045438621,674.2649623909272,1.2,0
2026-03-21 16:00:00,Cluster-Beta,7.085607692071127,55.10746329836682,756.3983075970099,1.2,0
2026-03-21 17:00:00,Cluster-Beta,38.51969492415821,26.555377600998938,119.29029190743444,1.2,0
2026-03-21 18:00:00,Cluster-Delta,77.88765734999699,14.347727651018154,473.1243879169658,0.3,0
2026-03-21 19:00:00,Cluster-Beta,57.65480428393159,28.33723924254753,80.16298364832484,1.2,0
2026-03-21 20:00:00,Cluster-Delta,34.088352996562925,25.904255092483496,602.2006210865824,0.3,0
2026-03-21 21:00:00,Cluster-Beta,65.85380651082293,58.75580449093561,271.7602549503489,0.15,0
2026-03-21 22:00:00,Cluster-Gamma,26.577690768719396,49.23993129607202,532.3482122703208,0.6,0
2026-03-21 23:00:00,Cluster-Alpha,6.3374744847039075,33.317164456128395,522.2863992904482,0.15,0
2026-03-22 00:00:00,Cluster-Gamma,76.08486493858774,63.27897513673741,925.1108027318625,1.2,0
2026-03-22 01:00:00,Cluster-Alpha,63.00810689235284,30.847206939107245,553.5923903430356,0.6,0
2026-03-22 02:00:00,Cluster-Delta,75.89414407858928,5.610745510857064,587.1684949211325,1.2,0
2026-03-22 03:00:00,Cluster-Gamma,8.621235551952902,18.261007952529063,407.63659450673646,1.2,0
2026-03-22 04:00:00,Cluster-Beta,82.85212538825066,29.036369773597382,949.5888071509886,0.15,0
2026-03-22 05:00:00,Cluster-Alpha,62.615936603376205,11.727962697059446,779.4140503452136,1.2,0
2026-03-22 06:00:00,Cluster-Alpha,57.395767616275535,60.749037832090664,292.55123739981315,0.15,0
2026-03-22 07:00:00,Cluster-Gamma,63.08910647465144,49.54463166470193,845.7674899184698,1.2,0
2026-03-22 08:00:00,Cluster-Delta,85.39229195875787,18.633806426521904,438.0723965832391,0.3,0
2026-03-22 09:00:00,Cluster-Gamma,59.585095109978354,38.629881078110785,830.380472098258,0.6,0
2026-03-22 10:00:00,Cluster-Delta,59.028385329600674,46.72984774079347,824.659187610567,0.15,0
2026-03-22 11:00:00,Cluster-Delta,97.13316160711622,60.359293592221476,196.98148489522583,0.15,1
2026-03-22 12:00:00,Cluster-Alpha,75.37590553737682,56.66139164887546,704.1297200697411,0.6,0
2026-03-22 13:00:00,Cluster-Gamma,46.13332390695558,33.94191802056925,297.7365396134658,0.15,0
2026-03-22 14:00:00,Cluster-Gamma,70.78792100306228,50.02846242716709,304.51774329274156,0.6,0
2026-03-22 15:00:00,Cluster-Delta,41.19843386733633,36.85297473731027,303.38459611177495,0.3,0
2026-03-22 16:00:00,Cluster-Gamma,26.285418010965408,36.26764118282349,728.3125650843488,1.2,0
2026-03-22 17:00:00,Cluster-Beta,60.507224550561624,9.114001416967898,237.52778137461073,0.3,0
2026-03-22 18:00:00,Cluster-Beta,91.32093512459748,9.820534797001429,10.896776893629323,1.2,0
2026-03-22 19:00:00,Cluster-Gamma,91.40997536143803,34.83108413139236,718.0844849478068,0.6,0
2026-03-22 20:00:00,Cluster-Gamma,36.7971908638106,18.66941578869841,179.47289639677402,0.3,0
2026-03-22 21:00:00,Cluster-Delta,54.074004358617636,3.304287952549055,113.4375713547563,1.2,0
2026-03-22 22:00:00,Cluster-Beta,24.682138566997093,46.816030641813164,245.14095938811954,0.6,0
2026-03-22 23:00:00,Cluster-Beta,97.59369318339616,4.014168994790228,386.10151709947695,1.2,0
2026-03-23 00:00:00,Cluster-Alpha,96.24396543171802,38.90716414845138,481.1472641984687,0.15,0
2026-03-23 01:00:00,Cluster-Delta,65.4043304627926,35.43001523589349,54.12434030550451,0.15,0
2026-03-23 02:00:00,Cluster-Alpha,79.81050755000503,62.066510815823875,970.8675993010869,0.6,0
2026-03-23 03:00:00,Cluster-Beta,71.5043149993841,32.02121463955378,718.9024228853625,1.2,0
2026-03-23 04:00:00,Cluster-Delta,60.16371437067054,5.9432890554234366,329.9621246710928,0.15,0
2026-03-23 05:00:00,Cluster-Gamma,9.961363719967485,36.20465400400062,325.51028471254335,0.3,0
2026-03-23 06:00:00,Cluster-Delta,47.29308385739748,54.14796257819829,454.0571238747748,1.2,0
2026-03-23 07:00:00,Cluster-Gamma,67.75512610156918,63.80465562544928,629.9823745354026,1.2,0
2026-03-23 08:00:00,Cluster-Gamma,68.01044009118267,28.681276768722494,154.9093359230781,0.15,0
2026-03-23 09:00:00,Cluster-Delta,39.70040351328167,21.858522034798035,197.0405156273028,0.15,0
2026-03-23 10:00:00,Cluster-Gamma,92.57735475919684,58.212504411023936,860.8402370052154,0.6,1
2026-03-23 11:00:00,Cluster-Alpha,20.56420399802063,13.857012002719525,263.6923746501818,1.2,0
2026-03-23 12:00:00,Cluster-Beta,51.53342849804714,40.15659273204145,386.3930479954258,0.3,0
2026-03-23 13:00:00,Cluster-Gamma,69.25220981922652,27.15429429921876,872.5591324406159,0.15,0
2026-03-23 14:00:00,Cluster-Alpha,69.83362994793826,4.547106627244427,666.5163511058244,1.2,0
2026-03-23 15:00:00,Cluster-Gamma,65.32342297949984,23.53188540695326,348.2947605482715,0.15,0
2026-03-23 16:00:00,Cluster-Beta,30.601803851022996,18.444168395165825,686.8625502673746,0.6,0
2026-03-23 17:00:00,Cluster-Alpha,19.527210887855844,44.537651544496185,29.486383227599575,1.2,0
2026-03-23 18:00:00,Cluster-Beta,64.14245039488411,60.82501085689893,738.2862334112516,1.2,0
2026-03-23 19:00:00,Cluster-Beta,60.73509680096771,18.61892561747554,492.1458801110771,0.6,0
2026-03-23 20:00:00,Cluster-Alpha,21.68010895689941,52.31088822740427,815.0503258116166,0.3,0
2026-03-23 21:00:00,Cluster-Alpha,70.57794053806239,5.43230865018139,955.0912754864037,0.15,0
2026-03-23 22:00:00,Cluster-Alpha,47.33099523123005,35.36350262246842,926.5306639996227,0.6,0
2026-03-23 23:00:00,Cluster-Delta,67.10173501909321,6.374103950013464,910.1723930207874,1.2,0
2026-03-24 00:00:00,Cluster-Alpha,82.87513841862402,59.91004545009964,517.0482563745483,0.6,0
2026-03-24 01:00:00,Cluster-Alpha,20.784743857653854,49.51377939455819,366.54069299754866,1.2,0
2026-03-24 02:00:00,Cluster-Alpha,6.780472723705811,42.792894494684724,470.38497148336603,0.6,0
2026-03-24 03:00:00,Cluster-Alpha,77.45654053480817,53.081575660729186,692.9970432802271,0.3,0
2026-03-24 04:00:00,Cluster-Gamma,61.701860539193284,42.14622732535012,885.1577991024749,1.2,0
2026-03-24 05:00:00,Cluster-Delta,70.06647997485732,62.07455262480605,214.91643997011835,0.6,0
2026-03-24 06:00:00,Cluster-Beta,82.94841267394376,46.265392767615836,919.011226877086,0.3,0
2026-03-24 07:00:00,Cluster-Alpha,79.66141693867854,59.3288337940993,817.0284296501902,0.3,0
2026-03-24 08:00:00,Cluster-Gamma,94.36557366438069,34.062177304659556,979.0674550264523,0.15,0
2026-03-24 09:00:00,Cluster-Gamma,54.841962333247,9.257993604875484,881.4492555488703,1.2,0
2026-03-24 10:00:00,Cluster-Gamma,50.430093837371196,34.74701872822706,287.1379563949876,0.15,0
2026-03-24 11:00:00,Cluster-Beta,42.3755095898379,9.866115339911785,114.89635223060722,0.3,0
2026-03-24 12:00:00,Cluster-Alpha,19.29326698451102,38.734595708937114,121.11866127167274,0.15,0
2026-03-24 13:00:00,Cluster-Delta,58.25247265802808,31.914569752715103,298.31108539249334,0.15,0
2026-03-24 14:00:00,Cluster-Delta,30.762164762316026,40.59967466563246,618.0418867446939,0.6,0
2026-03-24 15:00:00,Cluster-Gamma,90.68159863580672,2.622912825399559,806.2771228362008,0.15,0
2026-03-24 16:00:00,Cluster-Beta,59.23674479777007,14.080110482632573,900.2578039117491,0.3,0
2026-03-24 17:00:00,Cluster-Beta,60.13413678725424,32.46248677855212,627.5158505255405,0.15,0
2026-03-24 18:00:00,Cluster-Beta,38.00799346156193,60.93122081852636,15.574999620573191,1.2,0
2026-03-24 19:00:00,Cluster-Delta,9.835009733926796,25.78376050201982,194.45360875334816,0.6,0
2026-03-24 20:00:00,Cluster-Gamma,7.952170179687942,28.31106561532535,108.72894181483427,0.3,0
2026-03-24 21:00:00,Cluster-Alpha,44.370168406247366,46.311157518410575,369.6912308133199,0.15,0
2026-03-24 22:00:00,Cluster-Delta,12.86458016304312,39.43515095173932,506.33748369740846,1.2,0
2026-03-24 23:00:00,Cluster-Gamma,61.43676686523294,20.53342130609666,52.96320679277524,0.3,0
2026-03-25 00:00:00,Cluster-Gamma,86.93048952448814,27.47061652518052,354.99319603769874,0.15,0
2026-03-25 01:00:00,Cluster-Alpha,87.11107793624116,15.497387529148412,187.38787787906935,0.6,0
2026-03-25 02:00:00,Cluster-Alpha,66.29122314229761,61.89333046607293,650.5994645962852,0.15,0
2026-03-25 03:00:00,Cluster-Alpha,24.644560326982585,10.099331656556304,469.6296456310966,0.3,0
2026-03-25 04:00:00,Cluster-Beta,85.2587053163751,25.053880643118006,500.3644704645697,0.3,0
2026-03-25 05:00:00,Cluster-Alpha,87.40668948412836,3.602016277640694,433.41487015312646,0.3,0
2026-03-25 06:00:00,Cluster-Gamma,23.28878340062516,15.750328499879878,956.4595133817013,1.2,0
2026-03-25 07:00:00,Cluster-Alpha,73.58062597667299,50.38921057956961,222.5877738703476,0.15,0
2026-03-25 08:00:00,Cluster-Gamma,31.646318050222433,14.472864401910526,521.4976172454355,0.15,0
2026-03-25 09:00:00,Cluster-Delta,79.64554904882246,6.963930956795867,738.6571946816825,0.15,0
2026-03-25 10:00:00,Cluster-Beta,97.74312469103505,31.416097150360443,561.2759690032169,0.6,0
2026-03-25 11:00:00,Cluster-Delta,7.792418495633532,2.618092553540147,929.730676859633,1.2,0
2026-03-25 12:00:00,Cluster-Delta,88.45502551855667,7.255501574432657,384.1886720848713,1.2,0
2026-03-25 13:00:00,Cluster-Gamma,62.9046396246752,52.072803912904455,469.03904771544626,0.6,0
2026-03-25 14:00:00,Cluster-Delta,95.52458358232836,49.83134738129559,97.63709206258113,1.2,0
2026-03-25 15:00:00,Cluster-Gamma,48.24588512995777,58.738606865103556,612.9091199414092,0.6,0
2026-03-25 16:00:00,Cluster-Alpha,83.80707754313775,54.97995702646647,295.32984876362497,0.3,0
2026-03-25 17:00:00,Cluster-Alpha,10.802648379639782,44.35688492086872,168.70594912041315,0.3,0
2026-03-25 18:00:00,Cluster-Gamma,36.180951657281504,5.244637152641096,549.085979975463,1.2,0
2026-03-25 19:00:00,Cluster-Alpha,11.232538010862527,50.53661431517276,536.9871607461115,0.3,0
2026-03-25 20:00:00,Cluster-Beta,95.70691141355356,54.421670272114746,85.11292481180708,0.3,1
2026-03-25 21:00:00,Cluster-Delta,80.97857337628082,51.543093037861176,701.233298959528,0.3,0
2026-03-25 22:00:00,Cluster-Beta,84.28691017587525,33.52570018909762,627.5344687443444,0.15,0
2026-03-25 23:00:00,Cluster-Delta,92.23076652335216,16.43991399626786,197.12710991903222,0.3,0
2026-03-26 00:00:00,Cluster-Alpha,12.914624209140037,54.41045849270105,474.7405135325034,0.15,0
2026-03-26 01:00:00,Cluster-Beta,40.86057610374,47.08409420388858,723.1196873137743,0.6,0
2026-03-26 02:00:00,Cluster-Alpha,11.606244681092198,62.807192812108795,534.1413831358637,0.6,0
2026-03-26 03:00:00,Cluster-Delta,24.60375844415266,11.65294106086784,401.5341854217345,0.6,0
2026-03-26 04:00:00,Cluster-Gamma,26.33101726450353,15.991204149227414,329.1150735001342,0.6,0
2026-03-26 05:00:00,Cluster-Gamma,48.62697062742482,15.131485292653167,614.289927977613,0.6,0
2026-03-26 06:00:00,Cluster-Beta,29.97628157318876,51.13746559252288,939.7176113271381,0.3,0
2026-03-26 07:00:00,Cluster-Alpha,14.390963934051781,13.588252379907326,675.0273920727086,0.3,0
2026-03-26 08:00:00,Cluster-Alpha,20.576671285752017,6.132909449044978,83.99844459995235,0.3,0
2026-03-26 09:00:00,Cluster-Beta,18.696627410344455,63.91077000830897,466.0781237473124,0.6,0
2026-03-26 10:00:00,Cluster-Gamma,95.49614220584374,3.5386671095992472,891.9158901955212,0.6,0
2026-03-26 11:00:00,Cluster-Delta,75.61420314341805,53.785131729849674,103.51780154307602,0.15,0
2026-03-26 12:00:00,Cluster-Beta,95.00181627006927,24.652744176140473,988.9869550161679,1.2,0
2026-03-26 13:00:00,Cluster-Delta,45.89586524523549,54.18015850498455,949.5786997089671,0.3,0
2026-03-26 14:00:00,Cluster-Gamma,30.888268794627063,36.386470455090986,87.4917359225771,1.2,0
2026-03-26 15:00:00,Cluster-Alpha,79.24126734045436,57.90113622815433,934.0791872450594,0.6,0
2026-03-26 16:00:00,Cluster-Gamma,35.34161437782665,59.42396515770685,369.5012643568676,0.6,0
2026-03-26 17:00:00,Cluster-Beta,32.84265375459739,2.564087239408112,846.2620754051039,0.6,0
2026-03-26 18:00:00,Cluster-Alpha,26.6230572753283,6.675554911552872,424.19950433613883,1.2,0
2026-03-26 19:00:00,Cluster-Beta,17.060144974853888,17.52224123339304,446.4465615754907,0.15,0
2026-03-26 20:00:00,Cluster-Beta,28.851064674559236,43.4975558145371,637.9006600677671,0.6,0
2026-03-26 21:00:00,Cluster-Gamma,38.04473660807155,57.072876183713376,776.7326450832235,0.15,0
2026-03-26 22:00:00,Cluster-Beta,67.68146135755293,30.51640098022569,43.45125943876615,0.15,0
2026-03-26 23:00:00,Cluster-Gamma,10.818530326408997,39.63233320900446,597.224435571863,0.3,0
2026-03-27 00:00:00,Cluster-Alpha,24.577145388876893,13.68699087332479,194.8656641563973,1.2,0
2026-03-27 01:00:00,Cluster-Gamma,80.23919854712591,51.90794370066449,352.49002268457093,0.6,0
2026-03-27 02:00:00,Cluster-Alpha,18.66373889329068,61.97434290391512,354.4889794936643,0.15,0
2026-03-27 03:00:00,Cluster-Gamma,36.865998626594504,18.653133840705042,474.3697368189421,1.2,0
2026-03-27 04:00:00,Cluster-Delta,85.41327973280703,32.67920899923387,340.7950477574116,1.2,0
2026-03-27 05:00:00,Cluster-Delta,19.408053936340167,7.339198851395175,116.28750726616109,0.6,0
2026-03-27 06:00:00,Cluster-Beta,12.69452571249166,36.66647270070404,154.17245114019693,0.3,0
2026-03-27 07:00:00,Cluster-Gamma,50.06203354244101,33.172573394494194,43.10360570548669,0.3,0
2026-03-27 08:00:00,Cluster-Gamma,33.125014548903884,10.95506201761481,475.54659447546675,0.15,0
2026-03-27 09:00:00,Cluster-Alpha,57.396977896998436,29.408105213320653,954.9032179044586,0.3,0
2026-03-27 10:00:00,Cluster-Beta,79.75385481496319,22.714488429366924,124.51847141163539,0.3,0
2026-03-27 11:00:00,Cluster-Gamma,17.754809398205115,34.35351426892174,946.8018480730512,0.3,0
2026-03-27 12:00:00,Cluster-Beta,59.0050148635485,38.31056879658555,736.0278995847726,1.2,0
2026-03-27 13:00:00,Cluster-Delta,52.01231471625734,2.5267258736469893,641.1238149048215,0.6,0
2026-03-27 14:00:00,Cluster-Gamma,18.39932709922756,49.18237094287243,648.8249777703272,1.2,0
2026-03-27 15:00:00,Cluster-Gamma,63.03185915419537,46.20688609542793,828.4603719123193,1.2,0
2026-03-27 16:00:00,Cluster-Beta,30.44855886105176,24.709755944804378,115.85066573602316,0.6,0
2026-03-27 17:00:00,Cluster-Gamma,50.368591624593165,5.282028005266732,509.7067803298863,1.2,0
2026-03-27 18:00:00,Cluster-Beta,12.651326157766755,48.805817466673126,700.1202268781509,0.15,0
2026-03-27 19:00:00,Cluster-Gamma,47.74131732086694,61.220859949644215,590.9522406228281,0.15,0
2026-03-27 20:00:00,Cluster-Alpha,33.50110252798229,16.889398953364882,834.4512803130617,1.2,0
2026-03-27 21:00:00,Cluster-Beta,81.48145264023795,22.05852605169635,81.54899192123798,0.3,0
2026-03-27 22:00:00,Cluster-Gamma,10.29902161075525,13.396399147872527,693.7940291041743,1.2,0
2026-03-27 23:00:00,Cluster-Delta,43.93047656740468,37.77003964738006,538.6874530808706,0.3,0
2026-03-28 00:00:00,Cluster-Gamma,47.634122444223735,11.600166468142206,385.369255340144,1.2,0
2026-03-28 01:00:00,Cluster-Delta,72.42556509581804,24.084024494605526,346.87223241169056,0.15,0
2026-03-28 02:00:00,Cluster-Delta,58.408744483389626,45.2148068639243,624.624306446451,0.3,0
2026-03-28 03:00:00,Cluster-Alpha,67.05074735905885,36.7271909465796,892.0854208978221,0.15,0
2026-03-28 04:00:00,Cluster-Beta,77.26558356561333,25.960678988331985,501.2141668401041,1.2,0
2026-03-28 05:00:00,Cluster-Gamma,85.18487655021156,28.055475312067596,826.475932436151,0.6,0
2026-03-28 06:00:00,Cluster-Alpha,34.19042119518976,36.85087472264023,408.13481802552786,0.3,0
2026-03-28 07:00:00,Cluster-Gamma,55.03611159884297,2.363613129004001,111.37051816524477,0.3,0
2026-03-28 08:00:00,Cluster-Delta,83.13005129484559,6.867611844123811,70.89067909405216,1.2,0
2026-03-28 09:00:00,Cluster-Beta,97.01895517975025,56.638000201306724,60.8210276104408,1.2,1
2026-03-28 10:00:00,Cluster-Gamma,87.72529592706996,6.828497323660027,386.34864053809326,0.3,0
2026-03-28 11:00:00,Cluster-Gamma,39.54645542406704,45.82182296505132,343.86537332748367,0.6,0
2026-03-28 12:00:00,Cluster-Delta,23.15048610133449,59.04236617476126,720.7576533863438,1.2,0
2026-03-28 13:00:00,Cluster-Gamma,50.51350597881275,18.78238346670733,745.3932865690172,1.2,0
2026-03-28 14:00:00,Cluster-Gamma,73.97265502075193,24.970469097689886,60.34542914540243,1.2,0
2026-03-28 15:00:00,Cluster-Delta,50.80892358005668,37.27312716237241,228.91203026012482,0.6,0
2026-03-28 16:00:00,Cluster-Alpha,49.93582028817117,56.66595611759225,281.5192316573107,0.3,0
2026-03-28 17:00:00,Cluster-Delta,82.95542916060745,60.39814641014605,552.1358643013814,0.15,0
2026-03-28 18:00:00,Cluster-Alpha,38.61055145324833,47.85292138289862,153.07007166788077,1.2,0
2026-03-28 19:00:00,Cluster-Beta,84.96090475748304,7.3704251729910295,142.60180720600036,0.6,0
2026-03-28 20:00:00,Cluster-Alpha,42.83284648851029,43.48755764316075,944.3510003158784,0.3,0
2026-03-28 21:00:00,Cluster-Alpha,35.52567882808556,27.438830756105048,806.1608782248031,0.3,0
2026-03-28 22:00:00,Cluster-Beta,47.22106174157201,31.18346196844582,188.8483530702586,0.6,0
2026-03-28 23:00:00,Cluster-Alpha,75.90756715676277,5.047200201400976,412.50212982643603,1.2,0
2026-03-29 00:00:00,Cluster-Delta,16.71818859135147,13.845852639474208,362.0657792649899,0.15,0
2026-03-29 01:00:00,Cluster-Alpha,23.266987076097617,51.01184366708616,793.0940333247532,1.2,0
2026-03-29 02:00:00,Cluster-Beta,93.48436878666756,30.145447648967306,515.1107873133408,0.3,0
2026-03-29 03:00:00,Cluster-Delta,21.320721346466236,20.703058981131228,136.57123962353234,0.15,0
2026-03-29 04:00:00,Cluster-Beta,57.79864056758807,25.809182585827404,741.6021425246814,1.2,0
2026-03-29 05:00:00,Cluster-Beta,58.87624539956022,54.97276982619217,402.91909844266974,0.15,0
2026-03-29 06:00:00,Cluster-Gamma,50.53507497067277,48.43793907910733,270.2950051558256,0.6,0
2026-03-29 07:00:00,Cluster-Gamma,64.96130811764414,18.88355462522713,381.74363580051295,1.2,0
2026-03-29 08:00:00,Cluster-Beta,26.373885499178513,9.285114093167145,502.7789979708274,0.3,0
2026-03-29 09:00:00,Cluster-Beta,56.397590903237585,17.623889741932445,349.6843612528393,0.3,0
2026-03-29 10:00:00,Cluster-Beta,39.61211273796143,59.08689996539349,249.48671486584024,0.15,0
2026-03-29 11:00:00,Cluster-Gamma,66.53505514551458,38.058507946684834,404.5170085159405,0.6,0
2026-03-29 12:00:00,Cluster-Gamma,18.133789533702902,35.075772942176535,28.98118164239926,1.2,0
2026-03-29 13:00:00,Cluster-Alpha,58.09159976607129,38.976403180932614,774.7728676353507,0.6,0
2026-03-29 14:00:00,Cluster-Alpha,22.230143050649104,24.693752476283947,179.23544463190993,0.6,0
2026-03-29 15:00:00,Cluster-Beta,30.913804869698385,52.04063525980979,53.46556749433088,0.15,0
2026-03-29 16:00:00,Cluster-Delta,25.34001143009324,34.44374745661549,657.1617059760284,0.15,0
2026-03-29 17:00:00,Cluster-Delta,22.00391352779999,9.238369971665325,776.1967675354355,1.2,0
2026-03-29 18:00:00,Cluster-Gamma,81.79111849514203,10.002037739401903,815.6908402769147,0.3,0
2026-03-29 19:00:00,Cluster-Gamma,31.5708037924628,35.28526708316234,498.574090833994,1.2,0
2026-03-29 20:00:00,Cluster-Gamma,91.22251171339379,60.06735352039203,213.31450284308545,0.6,1
2026-03-29 21:00:00,Cluster-Beta,95.20316685710274,21.11783154392432,739.8554004773284,0.15,0
2026-03-29 22:00:00,Cluster-Delta,58.127223704150055,55.911552469271534,702.7159463827938,0.6,0
2026-03-29 23:00:00,Cluster-Alpha,18.299104407912555,49.37392636789052,253.8080267621415,0.15,0
2026-03-30 00:00:00,Cluster-Beta,39.83298663430106,17.364371460228224,904.3736783041651,0.3,0
2026-03-30 01:00:00,Cluster-Alpha,79.1891004913839,4.253126395607032,113.3277435020007,0.6,0
2026-03-30 02:00:00,Cluster-Alpha,39.16733776882755,8.31453043882773,982.8613571954124,0.15,0
2026-03-30 03:00:00,Cluster-Beta,13.092601302159354,47.166623898541296,861.64533286769,1.2,0
2026-03-30 04:00:00,Cluster-Alpha,56.780996716321475,14.379523758520095,691.0196590242845,1.2,0
2026-03-30 05:00:00,Cluster-Delta,83.59623918913124,25.018797071334415,939.3623893970346,1.2,0
2026-03-30 06:00:00,Cluster-Alpha,79.02115400434572,33.10534829239834,725.0880566404707,0.6,0
2026-03-30 07:00:00,Cluster-Delta,21.286452032122853,46.979026443910094,198.55242705974547,0.15,0
2026-03-30 08:00:00,Cluster-Delta,67.5671091403594,9.020335842065773,447.7345767316836,0.15,0
2026-03-30 09:00:00,Cluster-Delta,25.506896499515182,27.194717127202612,80.787994088319,0.15,0
2026-03-30 10:00:00,Cluster-Gamma,25.293300713352018,32.07452036684711,395.76084806523426,0.6,0
2026-03-30 11:00:00,Cluster-Alpha,86.28867491738222,35.53127796623546,744.1869895398365,0.15,0
2026-03-30 12:00:00,Cluster-Beta,28.219212604841406,52.738359766503436,392.57891742150923,0.3,0
2026-03-30 13:00:00,Cluster-Beta,29.48200322617504,12.644048092679448,336.99123371345274,0.6,0
2026-03-30 14:00:00,Cluster-Alpha,5.060765340800859,52.08555001325058,599.4021652852088,0.3,0
2026-03-30 15:00:00,Cluster-Gamma,85.97222017367314,44.95846251719244,873.4824837089061,0.3,0
2026-03-30 16:00:00,Cluster-Gamma,78.71131762844954,36.46399048033548,57.107360620651306,1.2,0
2026-03-30 17:00:00,Cluster-Delta,63.341590963433056,45.37072796495946,391.61573035273807,0.6,0
2026-03-30 18:00:00,Cluster-Alpha,74.77471604631234,27.545099815002697,166.65833439711008,0.15,0
2026-03-30 19:00:00,Cluster-Alpha,19.14051677047774,10.580650330023722,698.400708224551,0.3,0
2026-03-30 20:00:00,Cluster-Beta,47.624094296644515,43.27744489645277,114.66731482682353,0.6,0
2026-03-30 21:00:00,Cluster-Alpha,37.66340302343662,34.52968301450858,668.159680994442,0.15,0
2026-03-30 22:00:00,Cluster-Gamma,13.721216941902533,41.64123763365208,293.31906208992825,1.2,0
2026-03-30 23:00:00,Cluster-Alpha,50.21013512498794,22.95592442376638,206.92764559985244,0.6,0
2026-03-31 00:00:00,Cluster-Beta,90.62878748186509,58.22572779506982,936.9890322467355,0.6,1
2026-03-31 01:00:00,Cluster-Delta,8.725498071714586,38.41693185168577,28.33933097849631,0.6,0
2026-03-31 02:00:00,Cluster-Beta,32.105864954922836,7.294954026034177,443.39949917067327,0.15,0
2026-03-31 03:00:00,Cluster-Beta,24.301307067130423,29.88784742367458,31.410722537175843,0.3,0
2026-03-31 04:00:00,Cluster-Delta,27.147638790909756,48.89407539410533,488.75711762328575,0.3,0
2026-03-31 05:00:00,Cluster-Beta,89.4844133247819,51.23634282740089,506.036904016474,0.6,1
2026-03-31 06:00:00,Cluster-Beta,48.53042204378898,32.665017271353044,328.44584668079955,0.6,0
2026-03-31 07:00:00,Cluster-Alpha,48.36584540340315,57.47434939154067,140.84015974977345,0.15,0
2026-03-31 08:00:00,Cluster-Alpha,75.73353474834126,18.59544310604645,382.62366235713057,1.2,0
2026-03-31 09:00:00,Cluster-Delta,19.3677749724581,27.457119228772527,675.5403105332404,0.6,0
2026-03-31 10:00:00,Cluster-Alpha,50.31567793130472,57.713008455276146,784.5718505580145,0.6,0
2026-03-31 11:00:00,Cluster-Alpha,44.988624913258555,57.56791642123789,535.4430963642609,1.2,0
2026-03-31 12:00:00,Cluster-Beta,60.51269422083902,44.51419166713022,593.936050495358,0.6,0
2026-03-31 13:00:00,Cluster-Gamma,97.9588664022908,55.25679392157765,208.61020741340616,0.3,1
2026-03-31 14:00:00,Cluster-Alpha,76.55874714963038,7.503942551286425,294.45702989537295,0.6,0
2026-03-31 15:00:00,Cluster-Gamma,42.00151038062073,55.629688524882134,170.27665395183485,0.3,0
2026-03-31 16:00:00,Cluster-Alpha,81.96243386148637,21.878434206114058,256.8023965045652,0.15,0
2026-03-31 17:00:00,Cluster-Alpha,20.875877788060656,13.056553770549412,232.63791242327645,0.15,0
2026-03-31 18:00:00,Cluster-Delta,7.833122826733291,16.840929853206873,524.2542985273252,0.3,0
2026-03-31 19:00:00,Cluster-Delta,24.013698639177395,27.914047496861,567.0618682328221,0.3,0
2026-03-31 20:00:00,Cluster-Delta,36.658274718626146,17.573904285476967,945.4979466132895,1.2,0
2026-03-31 21:00:00,Cluster-Gamma,52.484010443739066,21.87519033302294,203.61494063050782,0.3,0
2026-03-31 22:00:00,Cluster-Beta,62.207010070331584,10.36866613644181,645.2589530598809,0.3,0
2026-03-31 23:00:00,Cluster-Alpha,89.68633170094122,20.36295946465791,819.0866762976476,0.6,0
2026-04-01 00:00:00,Cluster-Alpha,52.416422888192564,37.48159650160407,564.639049145222,1.2,0
2026-04-01 01:00:00,Cluster-Alpha,51.618634950192835,29.394929901645966,262.45361597606495,0.3,0
2026-04-01 02:00:00,Cluster-Gamma,9.672599913537338,23.496563196626493,269.9247277198002,0.3,0
2026-04-01 03:00:00,Cluster-Delta,8.246774397028815,48.280031989141065,48.860522540289914,0.3,0
2026-04-01 04:00:00,Cluster-Beta,56.257876458222604,57.39761822638571,312.38978428299686,0.6,0
2026-04-01 05:00:00,Cluster-Gamma,45.75061103209604,48.92093181994861,747.1576422133463,0.6,0
2026-04-01 06:00:00,Cluster-Delta,83.04377673316777,22.58404353129611,57.042579635039274,0.6,0
2026-04-01 07:00:00,Cluster-Gamma,19.9432013782016,48.155414405928326,227.10232967978234,0.15,0
2026-04-01 08:00:00,Cluster-Beta,7.3223645768856125,11.422771313391175,709.1701735464641,0.6,0
2026-04-01 09:00:00,Cluster-Delta,46.76060541750171,10.079715261660036,784.8250471946478,0.3,0
2026-04-01 10:00:00,Cluster-Gamma,27.085505777959945,23.428876296241853,460.7652259613091,0.6,0
2026-04-01 11:00:00,Cluster-Beta,9.614136720511883,52.07754688073153,701.0935950938624,0.6,0
2026-04-01 12:00:00,Cluster-Alpha,72.38764067682949,17.273591329022715,394.0726469683431,1.2,0
2026-04-01 13:00:00,Cluster-Beta,15.378148996024015,5.921711351718134,168.31411257388623,0.3,0
2026-04-01 14:00:00,Cluster-Alpha,61.57371350072277,10.165991182794016,404.16799858767746,0.6,0
2026-04-01 15:00:00,Cluster-Gamma,31.137626765520693,55.24218804883397,584.1681420011114,0.15,0
2026-04-01 16:00:00,Cluster-Delta,21.135132683017048,41.29456365433183,948.5727490343614,1.2,0
2026-04-01 17:00:00,Cluster-Delta,40.316891631496524,17.698472128938555,78.06344256779055,0.6,0
2026-04-01 18:00:00,Cluster-Gamma,79.53445718873469,36.428341170347245,512.320152906511,1.2,0
2026-04-01 19:00:00,Cluster-Delta,41.46470265212526,34.709936590371726,335.6305804286171,1.2,0
2026-04-01 20:00:00,Cluster-Delta,74.82157737662818,42.637030663321,513.2285773339277,0.15,0
2026-04-01 21:00:00,Cluster-Alpha,16.670225602321015,16.457628374140214,33.73569290276636,0.15,0
2026-04-01 22:00:00,Cluster-Gamma,76.86774202885236,55.59298520605265,319.8951011545655,0.15,0
2026-04-01 23:00:00,Cluster-Beta,27.034799216318323,21.180850848960795,821.669466051735,0.3,0
2026-04-02 00:00:00,Cluster-Alpha,67.99756107966516,45.03616254652669,558.4023165160911,1.2,0
2026-04-02 01:00:00,Cluster-Gamma,57.61768460021266,2.999728075077323,456.0766678879562,0.6,0
2026-04-02 02:00:00,Cluster-Alpha,91.41045870068692,25.10474205343713,292.6698209981862,0.15,0
2026-04-02 03:00:00,Cluster-Beta,41.0209941717042,23.806008713446115,305.06209756344236,0.15,0
2026-04-02 04:00:00,Cluster-Beta,11.153362561602961,35.6960345721469,389.27041925467864,1.2,0
2026-04-02 05:00:00,Cluster-Gamma,6.781460156266521,6.509648230186183,837.2150028649148,1.2,0
2026-04-02 06:00:00,Cluster-Beta,81.89784617046604,50.988145171018715,967.5410747401856,1.2,0
2026-04-02 07:00:00,Cluster-Alpha,53.80041430251319,15.50240970958925,444.2688275368708,0.6,0
2026-04-02 08:00:00,Cluster-Beta,77.09769682065028,43.976344522684634,399.4193103602842,0.3,0
2026-04-02 09:00:00,Cluster-Alpha,26.801580801070866,51.799151641133776,848.0852680616642,0.3,0
2026-04-02 10:00:00,Cluster-Alpha,37.092788332730734,36.836371286973815,432.6362674299406,0.15,0
2026-04-02 11:00:00,Cluster-Beta,7.799660115652661,47.9347588167631,556.4979905726947,0.3,0
2026-04-02 12:00:00,Cluster-Gamma,94.41878618539243,43.03533935733034,238.63224795275698,0.6,0
2026-04-02 13:00:00,Cluster-Delta,67.11171532317564,24.042847423424472,746.0675104212845,0.3,0
2026-04-02 14:00:00,Cluster-Beta,91.78807316161547,52.14922942008105,536.668435088074,0.6,1
2026-04-02 15:00:00,Cluster-Alpha,29.691165890903726,20.271484932902734,810.9442047379382,0.15,0
2026-04-02 16:00:00,Cluster-Alpha,61.86611584398646,37.415200900594066,782.925402728383,1.2,0
2026-04-02 17:00:00,Cluster-Beta,68.10049705121531,48.21465982677545,222.85472058732827,0.6,0
2026-04-02 18:00:00,Cluster-Gamma,34.53212212395572,25.49526640837547,718.4791950521848,1.2,0
2026-04-02 19:00:00,Cluster-Gamma,83.87415885645359,20.77159167228035,802.0538638718576,0.15,0
2026-04-02 20:00:00,Cluster-Alpha,93.08601604972304,30.47945263071501,352.6461683745711,0.6,0
2026-04-02 21:00:00,Cluster-Alpha,87.29152594572841,52.71373664964752,180.88302177325178,0.6,1
2026-04-02 22:00:00,Cluster-Gamma,73.73322876236165,59.65514931503122,12.605834023792298,0.3,0
2026-04-02 23:00:00,Cluster-Delta,30.804215214420726,35.79517159731319,456.3946165622167,0.6,0
2026-04-03 00:00:00,Cluster-Beta,31.190291915823753,43.010904730066414,358.90840422345315,0.15,0
2026-04-03 01:00:00,Cluster-Alpha,94.59250980148153,58.00296457881268,559.3607354871548,1.2,1
2026-04-03 02:00:00,Cluster-Alpha,5.956458122019359,8.109904787602428,196.1606816628979,0.6,0
2026-04-03 03:00:00,Cluster-Gamma,71.59264751151943,16.388871827702232,861.0688921898104,0.15,0
2026-04-03 04:00:00,Cluster-Beta,70.68089311763939,45.95180038759811,265.17766347182857,0.15,0
2026-04-03 05:00:00,Cluster-Gamma,62.91012730833116,53.07215663856258,234.16530903677346,0.6,0
2026-04-03 06:00:00,Cluster-Beta,97.08012268607851,55.13579975649583,485.90691591951236,0.3,1
2026-04-03 07:00:00,Cluster-Beta,34.00478752602645,27.73664496500582,503.86251350683153,0.6,0
2026-04-03 08:00:00,Cluster-Beta,36.61738333277208,7.539073942095744,222.9343764972419,0.6,0
2026-04-03 09:00:00,Cluster-Alpha,12.341364474029666,29.142451592576435,279.1421194586566,0.3,0
2026-04-03 10:00:00,Cluster-Delta,46.18022669856758,16.305544592837336,178.0081867636925,0.15,0
2026-04-03 11:00:00,Cluster-Gamma,29.27751293984087,20.054180209790697,721.2755765399351,0.6,0
2026-04-03 12:00:00,Cluster-Delta,36.93496330252091,49.88058852392536,772.3881409415411,0.3,0
2026-04-03 13:00:00,Cluster-Gamma,82.61517649377338,6.682679333604986,467.7052124846898,1.2,0
2026-04-03 14:00:00,Cluster-Beta,92.0000597580571,53.31003548380353,716.9461524581673,1.2,1
2026-04-03 15:00:00,Cluster-Alpha,22.273175696482262,28.515483321098483,738.576038018071,0.3,0
2026-04-03 16:00:00,Cluster-Delta,39.64333063447233,38.955963728236895,146.8927724010305,0.15,0
2026-04-03 17:00:00,Cluster-Alpha,91.36264227673165,7.558438336612098,966.5162445861914,0.3,0
2026-04-03 18:00:00,Cluster-Gamma,10.748186844097706,22.916262858151338,822.8216276254667,0.15,0
2026-04-03 19:00:00,Cluster-Alpha,13.589529114358202,7.561456978920439,212.43862658386527,1.2,0
2026-04-03 20:00:00,Cluster-Alpha,20.13956199617933,61.61571081862879,194.30338538860954,0.6,0
2026-04-03 21:00:00,Cluster-Delta,60.354793573799355,52.05022225822753,134.4045341237869,0.3,0
2026-04-03 22:00:00,Cluster-Beta,18.993921203557765,30.497230770100533,146.9947769164992,1.2,0
2026-04-03 23:00:00,Cluster-Alpha,95.03110347491821,15.863357996067608,750.6801810384092,0.6,0
2026-04-04 00:00:00,Cluster-Beta,46.54445103504239,59.87421652549084,474.9577143821073,1.2,0
2026-04-04 01:00:00,Cluster-Gamma,51.64117031256547,23.36498893507225,785.1048310124685,0.3,0
2026-04-04 02:00:00,Cluster-Alpha,27.939251269902805,11.981034764617235,748.7923454067034,0.3,0
2026-04-04 03:00:00,Cluster-Delta,48.79930347643022,36.9161920841452,608.5665863701694,0.6,0
2026-04-04 04:00:00,Cluster-Gamma,66.55796783524207,60.5139954613786,689.5029405128928,0.3,0
2026-04-04 05:00:00,Cluster-Gamma,74.85947373672597,2.2374780110199994,28.172167135350374,1.2,0
2026-04-04 06:00:00,Cluster-Delta,75.10973169202191,16.76374028174792,318.6598703369717,0.6,0
2026-04-04 07:00:00,Cluster-Alpha,58.743873480550214,60.18375370544527,641.4439574668161,0.6,0
2026-04-04 08:00:00,Cluster-Alpha,89.10545907442872,12.607329945144047,19.251503951381757,1.2,0
2026-04-04 09:00:00,Cluster-Gamma,81.01892979946817,9.021094001668832,42.647174245767474,0.15,0
2026-04-04 10:00:00,Cluster-Alpha,75.40547466697217,37.351607379587875,853.3691026456794,0.6,0
2026-04-04 11:00:00,Cluster-Beta,10.171313516282838,55.43431704427945,687.1846130751511,0.15,0
2026-04-04 12:00:00,Cluster-Delta,5.639650486427386,31.58080869702342,272.7160357891405,1.2,0
2026-04-04 13:00:00,Cluster-Beta,24.757596779178986,63.66298391444053,691.0832117175219,1.2,0
2026-04-04 14:00:00,Cluster-Alpha,66.70769423395106,44.10864537135556,794.5321024478707,0.6,0
2026-04-04 15:00:00,Cluster-Gamma,43.24136646607676,6.59264424704776,313.7263402790002,0.3,0
2026-04-04 16:00:00,Cluster-Delta,42.423782114835994,63.55559216428247,45.67700372419558,0.6,0
2026-04-04 17:00:00,Cluster-Alpha,87.26658060535408,27.289442680371806,933.4513334408572,0.3,0
2026-04-04 18:00:00,Cluster-Alpha,88.287344876261,19.81895709841992,351.72803991267415,0.15,0
2026-04-04 19:00:00,Cluster-Gamma,89.55329955698348,36.588509381828906,115.41694565185931,0.3,0
2026-04-04 20:00:00,Cluster-Gamma,34.19066111589754,20.867070692893588,496.9383026792159,0.6,0
2026-04-04 21:00:00,Cluster-Beta,69.26819058475134,7.360365441449444,770.7831177074925,0.3,0
2026-04-04 22:00:00,Cluster-Delta,30.261885858516376,2.0885572709089564,229.43084147138356,1.2,0
2026-04-04 23:00:00,Cluster-Delta,22.72671447592383,29.874167881056263,276.79514963202973,0.15,0
2026-04-05 00:00:00,Cluster-Gamma,22.170818533305336,53.88553217804872,250.28783693059734,1.2,0
2026-04-05 01:00:00,Cluster-Beta,36.816008740314246,37.48354150906474,991.7563223033613,1.2,0
2026-04-05 02:00:00,Cluster-Delta,44.98605863952342,63.950852534493336,205.42969639323712,1.2,0
2026-04-05 03:00:00,Cluster-Gamma,82.27827290812137,19.784492030126398,579.7650147964628,1.2,0
2026-04-05 04:00:00,Cluster-Alpha,16.149871692962225,19.38821401512343,926.0119952403946,0.3,0
2026-04-05 05:00:00,Cluster-Delta,73.34810380772517,11.904466534504541,155.42760318900145,1.2,0
2026-04-05 06:00:00,Cluster-Beta,54.4253070196054,12.17194247245078,971.1456558890233,0.3,0
2026-04-05 07:00:00,Cluster-Beta,31.7789168688673,19.681568952622964,948.0024620516683,1.2,0
2026-04-05 08:00:00,Cluster-Beta,50.83222136155269,51.15608280695868,885.7262671876799,0.6,0
2026-04-05 09:00:00,Cluster-Alpha,32.89461248926311,58.156921019459766,222.41095611670224,1.2,0
2026-04-05 10:00:00,Cluster-Delta,60.43562183716246,62.45540452187624,637.7145054508735,0.6,0
2026-04-05 11:00:00,Cluster-Delta,45.34748482553771,16.401958553980066,763.2825582316277,0.3,0
2026-04-05 12:00:00,Cluster-Alpha,20.289714204335723,56.64044782807368,986.1676489144654,0.15,0
2026-04-05 13:00:00,Cluster-Delta,15.842225933679796,22.351815535194895,188.61958386055673,0.3,0
2026-04-05 14:00:00,Cluster-Alpha,55.842698432708104,8.996113760046834,768.3656405241035,0.15,0
2026-04-05 15:00:00,Cluster-Alpha,88.92441209560762,55.94154538225027,345.41315822784185,0.15,1
2026-04-05 16:00:00,Cluster-Alpha,36.988064849864756,41.43854934790435,183.8702009123223,1.2,0
2026-04-05 17:00:00,Cluster-Beta,73.16900997170396,12.213315557025828,427.1631718017164,0.15,0
2026-04-05 18:00:00,Cluster-Delta,66.25550600939832,28.649537965806157,795.8975530271302,0.3,0
2026-04-05 19:00:00,Cluster-Alpha,91.63460703078174,19.809977082378193,470.20130566701164,1.2,0
2026-04-05 20:00:00,Cluster-Delta,81.35123460882009,47.68126326003221,542.147869201018,0.15,0
2026-04-05 21:00:00,Cluster-Beta,57.69428907820806,30.111806298704618,995.20781609812,0.3,0
2026-04-05 22:00:00,Cluster-Alpha,66.10383633577197,63.335356596595865,405.11820656185176,0.15,0
2026-04-05 23:00:00,Cluster-Gamma,88.54994139231525,5.394188900094898,619.2467471621475,0.15,0
2026-04-06 00:00:00,Cluster-Beta,42.15524696658493,24.010946500447293,371.59175959921816,1.2,0
2026-04-06 01:00:00,Cluster-Gamma,35.3919076447733,31.8778103608186,398.8577898654179,1.2,0
2026-04-06 02:00:00,Cluster-Delta,6.00543077807326,33.194280394395825,698.684345910954,0.3,0
2026-04-06 03:00:00,Cluster-Delta,81.86924989980618,21.58802098790948,938.5081063339346,1.2,0
2026-04-06 04:00:00,Cluster-Beta,79.49120513751294,47.21289544404922,546.9353609873982,1.2,0
2026-04-06 05:00:00,Cluster-Delta,14.71427018331408,56.23431855631643,770.715929659292,0.6,0
2026-04-06 06:00:00,Cluster-Gamma,58.647736445341124,60.20059672262751,98.31449322879418,0.6,0
2026-04-06 07:00:00,Cluster-Alpha,48.15029792952053,51.915789361570624,219.04645705760768,0.3,0
2026-04-06 08:00:00,Cluster-Alpha,16.039945882347368,54.735972233009164,507.11032451033714,1.2,0
2026-04-06 09:00:00,Cluster-Alpha,96.19284511664729,36.133808638439724,29.811606392487043,0.3,0
2026-04-06 10:00:00,Cluster-Beta,24.966717534092055,53.2050700384625,260.3264289749332,0.6,0
2026-04-06 11:00:00,Cluster-Delta,11.252778748422188,20.817242367173037,522.2272769267165,0.6,0
2026-04-06 12:00:00,Cluster-Gamma,60.32080629367759,26.705683250771294,24.811586273737703,0.6,0
2026-04-06 13:00:00,Cluster-Delta,73.71460097337204,21.648606856749748,271.9008233637813,0.3,0
2026-04-06 14:00:00,Cluster-Delta,8.017240482388388,30.978014797771376,518.8905112811108,1.2,0
2026-04-06 15:00:00,Cluster-Delta,66.26074040161306,19.705936206795457,577.4177555014332,0.15,0
2026-04-06 16:00:00,Cluster-Alpha,54.50314446348526,61.6199094197757,926.4941761247525,1.2,0
2026-04-06 17:00:00,Cluster-Gamma,14.603645825379502,21.396366936351424,648.8921670181018,0.3,0
2026-04-06 18:00:00,Cluster-Gamma,21.044720556011672,8.07876136287827,420.5884445046938,0.6,0
2026-04-06 19:00:00,Cluster-Delta,57.82160965039549,34.66266429512563,931.0476653617371,0.15,0
2026-04-06 20:00:00,Cluster-Alpha,32.561258056735824,5.540142863600934,787.0341535539163,0.3,0
2026-04-06 21:00:00,Cluster-Alpha,92.26336276457239,8.853676311131991,208.0088319016201,0.6,0
2026-04-06 22:00:00,Cluster-Gamma,81.14284134201672,15.60214213016727,139.53393773533156,0.3,0
2026-04-06 23:00:00,Cluster-Alpha,96.47175020577066,30.789715492692785,679.0535193853057,0.15,0
2026-04-07 00:00:00,Cluster-Alpha,29.1493880223885,28.86155780315973,564.2843339212139,0.6,0
2026-04-07 01:00:00,Cluster-Alpha,95.18429785021186,51.58089544417305,791.7768776548281,1.2,1
2026-04-07 02:00:00,Cluster-Beta,45.10474989061488,47.84742854081503,741.4169995778996,0.3,0
2026-04-07 03:00:00,Cluster-Delta,37.31924796417918,28.431734227423483,628.9594185189399,0.15,0
2026-04-07 04:00:00,Cluster-Gamma,9.68250600814985,22.689660869689053,986.5183499126033,1.2,0
2026-04-07 05:00:00,Cluster-Gamma,9.907168980943045,21.621064611812912,538.2538328093045,0.15,0
2026-04-07 06:00:00,Cluster-Beta,69.35704680303888,49.98769541222856,121.97469893670264,0.3,0
2026-04-07 07:00:00,Cluster-Delta,47.587396482364596,5.228489185718724,829.9908291678285,0.15,0
2026-04-07 08:00:00,Cluster-Gamma,26.066511221357832,2.794942269657561,259.3348287222519,0.6,0
2026-04-07 09:00:00,Cluster-Alpha,62.099238488246634,51.32375229945218,779.5291266624791,0.15,0
2026-04-07 10:00:00,Cluster-Gamma,28.51580499726034,31.583075311321057,957.5360250400508,0.3,0
2026-04-07 11:00:00,Cluster-Alpha,58.7197531540313,10.11463059032171,699.8275588246978,0.6,0
2026-04-07 12:00:00,Cluster-Beta,38.4064134693902,16.60508794485908,600.0698593403031,0.15,0
2026-04-07 13:00:00,Cluster-Alpha,81.59035707489917,59.81524509203772,465.7823139182902,0.15,0
2026-04-07 14:00:00,Cluster-Gamma,81.32474295131047,55.28918448874367,370.76576733544925,0.6,0
2026-04-07 15:00:00,Cluster-Gamma,49.393587025383326,46.0066731138863,359.4747034621179,1.2,0
2026-04-07 16:00:00,Cluster-Gamma,37.62617716815645,31.89796428091425,640.0089786524946,1.2,0
2026-04-07 17:00:00,Cluster-Beta,38.71806107999579,34.26006482386592,753.7603857683685,0.6,0
2026-04-07 18:00:00,Cluster-Beta,79.93145088714427,62.46516118760543,681.7318987895702,0.15,0
2026-04-07 19:00:00,Cluster-Delta,35.520691900177916,61.8777675208258,206.4260001816271,1.2,0
2026-04-07 20:00:00,Cluster-Gamma,24.44252175473668,15.346680838721726,499.0473083420563,0.6,0
2026-04-07 21:00:00,Cluster-Alpha,12.876015794403536,52.288483110929725,793.7236714612324,0.3,0
2026-04-07 22:00:00,Cluster-Beta,48.40246024224998,14.229045302355042,480.9470374071657,0.15,0
2026-04-07 23:00:00,Cluster-Gamma,49.8382851995453,15.239323628804986,541.257046938139,0.3,0
2026-04-08 00:00:00,Cluster-Gamma,83.20451006747037,43.91776811820376,773.424687689114,0.15,0
2026-04-08 01:00:00,Cluster-Beta,25.57519876948395,27.110068112428,664.6526532024405,1.2,0
2026-04-08 02:00:00,Cluster-Delta,40.43218845116119,59.75575324060425,415.2514716735687,0.3,0
2026-04-08 03:00:00,Cluster-Beta,80.18173371711326,7.518603563552547,896.4585840822767,0.3,0
2026-04-08 04:00:00,Cluster-Beta,81.59699579965454,33.714589730188564,170.9413979768438,0.6,0
2026-04-08 05:00:00,Cluster-Alpha,40.768830066025444,58.948334887473514,995.5612841044215,1.2,0
2026-04-08 06:00:00,Cluster-Alpha,47.69853416566132,58.05504694972932,127.66405269147484,1.2,0
2026-04-08 07:00:00,Cluster-Delta,33.20558784898331,11.704811231775956,24.800471393196514,0.15,0
2026-04-08 08:00:00,Cluster-Gamma,91.72760369299603,24.7315374059803,891.118712137277,0.6,0
2026-04-08 09:00:00,Cluster-Beta,16.03387021396697,40.385526802895164,252.50397328229653,0.6,0
2026-04-08 10:00:00,Cluster-Delta,91.83869633913672,11.882482855826936,732.4026311722537,0.15,0
2026-04-08 11:00:00,Cluster-Alpha,68.59958002068691,62.0173746668358,812.9052211827486,0.3,0
2026-04-08 12:00:00,Cluster-Beta,54.436210199866004,58.714458381114945,860.3965271217957,0.15,0
2026-04-08 13:00:00,Cluster-Gamma,8.037292652958117,12.35091110013709,991.678293307525,0.15,0
2026-04-08 14:00:00,Cluster-Alpha,49.23044583944677,9.511638598181097,301.0993129395991,0.15,0
2026-04-08 15:00:00,Cluster-Alpha,42.920573765254105,7.295325934112448,713.1409085079865,0.6,0
2026-04-08 16:00:00,Cluster-Alpha,19.993349513686397,58.38550717027113,124.24585969801993,0.15,0
2026-04-08 17:00:00,Cluster-Delta,66.0460931255611,14.00467620731857,412.7411984432809,0.15,0
2026-04-08 18:00:00,Cluster-Gamma,95.31703438525058,27.809665569749992,849.4919763794645,0.15,0
2026-04-08 19:00:00,Cluster-Beta,57.28355942900084,29.828784670424188,373.9814655985173,1.2,0
2026-04-08 20:00:00,Cluster-Delta,71.47205470928697,39.138684741241185,595.1844267302579,0.3,0
2026-04-08 21:00:00,Cluster-Delta,11.365892088639562,6.447591312340347,508.73570928738775,0.3,0
2026-04-08 22:00:00,Cluster-Delta,43.84303061098051,16.059034278831987,649.4920158009246,0.3,0
2026-04-08 23:00:00,Cluster-Alpha,15.821339120298116,59.75240398897341,973.165445493818,0.3,0
2026-04-09 00:00:00,Cluster-Gamma,61.99001270489547,58.32142665065131,65.1781712363881,0.6,0
2026-04-09 01:00:00,Cluster-Delta,92.27884071391638,50.440020139152914,578.2219023266134,0.6,1
2026-04-09 02:00:00,Cluster-Beta,66.54532911986237,3.202877228329357,864.3984914577819,0.15,0
2026-04-09 03:00:00,Cluster-Gamma,12.142683493241202,22.274419646758332,486.5688846309432,0.6,0
2026-04-09 04:00:00,Cluster-Beta,37.983957063612706,40.933441591260284,87.7419140821571,0.3,0
2026-04-09 05:00:00,Cluster-Gamma,56.211694287999194,19.061793129955493,564.9339588926032,1.2,0
2026-04-09 06:00:00,Cluster-Beta,42.498321320392456,58.39437509333419,338.75315191558224,0.15,0
2026-04-09 07:00:00,Cluster-Alpha,82.52889297419102,41.301146633611395,163.39236748455653,0.15,0
2026-04-09 08:00:00,Cluster-Delta,80.76440343802899,6.458216473619627,850.5441681506383,0.3,0
2026-04-09 09:00:00,Cluster-Beta,61.900284869599595,58.358346507813586,526.3835178612104,0.3,0
2026-04-09 10:00:00,Cluster-Gamma,39.73158889734159,61.3815328069258,933.943648255276,0.3,0
2026-04-09 11:00:00,Cluster-Delta,28.746282759981703,6.81816994028698,807.9563395570384,0.6,0
2026-04-09 12:00:00,Cluster-Delta,14.846311593821026,35.00633456140152,696.0420758359306,0.15,0
2026-04-09 13:00:00,Cluster-Gamma,38.00548456424953,20.808585497278568,14.975248331658815,0.3,0
2026-04-09 14:00:00,Cluster-Beta,43.42504410031792,26.356022741846946,433.54522207186744,1.2,0
2026-04-09 15:00:00,Cluster-Alpha,67.85153203467885,13.138375513231198,205.511418835512,0.15,0
2026-04-09 16:00:00,Cluster-Alpha,66.20886365967434,37.840470324769576,911.6899319383791,0.15,0
2026-04-09 17:00:00,Cluster-Beta,11.520056986636895,61.394719901431216,182.83814482959667,0.6,0
2026-04-09 18:00:00,Cluster-Delta,41.75911633509767,33.19050121683976,293.1994511426926,0.15,0
2026-04-09 19:00:00,Cluster-Delta,21.90543465121466,7.140704046457832,521.6684000571541,0.3,0
2026-04-09 20:00:00,Cluster-Delta,19.583581594462927,40.44008267559932,270.72998280809844,0.3,0
2026-04-09 21:00:00,Cluster-Delta,81.93909992556387,23.093825655977938,217.76603050632997,1.2,0
2026-04-09 22:00:00,Cluster-Beta,8.89811515461195,55.06736175466047,603.1083318517249,0.15,0
2026-04-09 23:00:00,Cluster-Delta,43.98400745889728,28.950045195621154,98.04022752747362,0.15,0
2026-04-10 00:00:00,Cluster-Gamma,20.642939986286194,13.956055754419229,67.58608113371548,0.6,0
2026-04-10 01:00:00,Cluster-Delta,86.77771005809808,13.848548606850986,378.5228422342107,0.3,0
2026-04-10 02:00:00,Cluster-Alpha,56.80476773457826,49.663379204711944,723.4578099627837,1.2,0
2026-04-10 03:00:00,Cluster-Delta,26.518399183046867,18.466431095056315,559.2586906912085,0.3,0
2026-04-10 04:00:00,Cluster-Beta,51.725737706473005,49.568470437871824,428.6477037821111,0.15,0
2026-04-10 05:00:00,Cluster-Alpha,73.02823145238978,14.765013267529161,570.0940485823365,0.15,0
2026-04-10 06:00:00,Cluster-Beta,94.10497482950734,21.944554859481183,371.79696980674083,1.2,0
2026-04-10 07:00:00,Cluster-Beta,25.501478394823963,30.860192291261363,936.7848720777918,0.15,0
2026-04-10 08:00:00,Cluster-Alpha,87.41490480802909,60.47814268099395,64.35584200166659,1.2,1
2026-04-10 09:00:00,Cluster-Beta,91.89028261757659,59.76734833473713,676.6575642395369,1.2,1
2026-04-10 10:00:00,Cluster-Beta,90.22711064148216,14.826056276181843,892.369838179473,0.3,0
2026-04-10 11:00:00,Cluster-Delta,64.09353518815762,24.209580557070513,805.8458616479008,1.2,0
2026-04-10 12:00:00,Cluster-Gamma,63.57332086242781,11.262762084133884,192.20062447323227,0.15,0
2026-04-10 13:00:00,Cluster-Beta,42.49858888609552,33.61907491743682,302.9670854904855,0.6,0
2026-04-10 14:00:00,Cluster-Beta,74.97300305425227,30.556118143069327,719.8774593200336,0.6,0
2026-04-10 15:00:00,Cluster-Beta,54.41034370663667,57.84713007194541,93.42785358895789,0.15,0
2026-04-10 16:00:00,Cluster-Delta,68.00174062423139,59.6603334230465,813.7430828342582,0.6,0
2026-04-10 17:00:00,Cluster-Gamma,44.84658505793798,25.78117824245211,721.7178751587425,0.6,0
2026-04-10 18:00:00,Cluster-Alpha,73.02917115601193,32.487752467177344,732.3105827429891,1.2,0
2026-04-10 19:00:00,Cluster-Delta,81.67585113722306,57.56664744706025,109.23895656491547,0.6,0
2026-04-10 20:00:00,Cluster-Delta,18.6185718640619,52.01588408019381,720.5829393680685,0.6,0
2026-04-10 21:00:00,Cluster-Gamma,82.4624635484032,2.226691303368255,683.0199439677702,0.6,0
2026-04-10 22:00:00,Cluster-Gamma,55.247577456498576,21.843692979382116,832.6132659136321,0.3,0
2026-04-10 23:00:00,Cluster-Delta,83.55392954539086,28.150003000039806,51.179996693904805,0.15,0
2026-04-11 00:00:00,Cluster-Alpha,45.11105868971436,16.242409588360367,32.87956178311427,1.2,0
2026-04-11 01:00:00,Cluster-Delta,40.250765140622256,14.373440185548203,379.2770288797751,0.6,0
2026-04-11 02:00:00,Cluster-Gamma,90.10064812410168,4.34263940893214,157.30040101066135,0.15,0
2026-04-11 03:00:00,Cluster-Alpha,28.358741882001322,41.88892295432515,562.8006327945197,0.6,0
2026-04-11 04:00:00,Cluster-Gamma,83.51174625161131,18.27563800995627,918.1754124916814,0.3,0
2026-04-11 05:00:00,Cluster-Alpha,50.01391324337458,5.245525062741412,397.56493303067555,0.3,0
2026-04-11 06:00:00,Cluster-Beta,52.81087615726715,16.320717252739946,846.5008734998781,0.6,0
2026-04-11 07:00:00,Cluster-Gamma,33.68755017852202,51.718665075839844,10.238465772687809,0.6,0
2026-04-11 08:00:00,Cluster-Gamma,58.292924657568456,54.79232926208589,176.82949702459237,0.6,0
2026-04-11 09:00:00,Cluster-Delta,35.244641253687654,31.950107201984764,40.11930425754476,0.3,0
2026-04-11 10:00:00,Cluster-Gamma,8.652055524473665,27.796381565338542,334.86570870991795,0.3,0
2026-04-11 11:00:00,Cluster-Gamma,30.29587029702511,62.62692899711047,909.1076997395378,0.15,0
2026-04-11 12:00:00,Cluster-Beta,5.593251036812934,14.435008894460335,105.98260236299787,1.2,0
2026-04-11 13:00:00,Cluster-Gamma,95.98699519628767,15.352275536985726,610.3456789763624,1.2,0
2026-04-11 14:00:00,Cluster-Beta,94.81449051323652,20.095764976256785,456.98097972824974,0.3,0
2026-04-11 15:00:00,Cluster-Beta,41.749442664924366,12.710953733427413,939.0835302421543,1.2,0
2026-04-11 16:00:00,Cluster-Beta,72.73848945358708,25.520667088659568,131.2939511117229,0.6,0
2026-04-11 17:00:00,Cluster-Beta,37.15996715216952,58.47172207336474,219.90757199720665,0.15,0
2026-04-11 18:00:00,Cluster-Alpha,67.41166360899578,40.15156611897161,39.24654892537834,0.3,0
2026-04-11 19:00:00,Cluster-Delta,79.90499400327606,27.540686013960347,439.59589713506,0.3,0
2026-04-11 20:00:00,Cluster-Alpha,93.04833075637839,59.93346926341532,285.05457056900775,1.2,1
2026-04-11 21:00:00,Cluster-Gamma,42.219741654019494,5.004782413500984,871.2068745514176,0.6,0
2026-04-11 22:00:00,Cluster-Alpha,77.84671241491243,15.037123029915405,608.8914050657775,0.15,0
2026-04-11 23:00:00,Cluster-Alpha,29.73134590878705,37.08509351630906,617.9498305959447,1.2,0
2026-04-12 00:00:00,Cluster-Gamma,97.1009042528093,40.16426263797711,536.5915899124894,0.3,0
2026-04-12 01:00:00,Cluster-Gamma,7.3965726850846565,4.452565406882015,100.93183385690898,0.3,0
2026-04-12 02:00:00,Cluster-Gamma,61.12817900460425,26.988402990242193,450.5684968881017,1.2,0
2026-04-12 03:00:00,Cluster-Alpha,66.33405629357343,42.24754581951411,999.5101378114314,0.6,0
2026-04-12 04:00:00,Cluster-Alpha,68.98823680789398,45.2803738770109,836.8769979375547,0.15,0
2026-04-12 05:00:00,Cluster-Gamma,16.19604482738528,41.5646739560087,894.5244636254447,0.15,0
2026-04-12 06:00:00,Cluster-Delta,92.28326986300112,21.874919910377322,824.9940956540345,0.15,0
2026-04-12 07:00:00,Cluster-Delta,21.8500449516577,7.79824766307039,112.01127649667286,0.15,0
2026-04-12 08:00:00,Cluster-Beta,62.91606650130522,28.480971677998713,235.17377152415162,0.6,0
2026-04-12 09:00:00,Cluster-Gamma,25.7088753584469,9.98277511681944,13.09043484284553,0.3,0
2026-04-12 10:00:00,Cluster-Beta,33.5711267829782,60.75266682828136,310.47502362933034,0.3,0
2026-04-12 11:00:00,Cluster-Delta,55.820644380715564,31.460593693402952,117.52132832302765,0.15,0
2026-04-12 12:00:00,Cluster-Beta,43.79898792650561,21.67006881012579,478.0654118485672,0.15,0
2026-04-12 13:00:00,Cluster-Gamma,19.900980890815084,49.51085240937181,680.3562136881629,0.15,0
2026-04-12 14:00:00,Cluster-Gamma,20.89708542513889,32.87281274010036,875.7602420876963,1.2,0
2026-04-12 15:00:00,Cluster-Gamma,43.887465299140366,21.222109488771903,751.7249934399892,1.2,0
2026-04-12 16:00:00,Cluster-Alpha,75.42731697962157,52.342000028229705,939.1997398207202,0.3,0
2026-04-12 17:00:00,Cluster-Beta,88.51071215684433,55.76343336206956,63.359307489850906,0.3,1
2026-04-12 18:00:00,Cluster-Delta,12.823872590122605,43.72650630989797,22.058037062376027,0.15,0
2026-04-12 19:00:00,Cluster-Delta,41.5586634030243,4.911794189275373,664.7247326978505,1.2,0
2026-04-12 20:00:00,Cluster-Delta,14.322837426227526,37.11201857032499,296.45888612002375,0.6,0
2026-04-12 21:00:00,Cluster-Alpha,6.543100698831603,49.32428454383146,260.9660059447154,1.2,0
2026-04-12 22:00:00,Cluster-Alpha,66.53983748588797,10.463186749182094,337.5782168168563,0.3,0
2026-04-12 23:00:00,Cluster-Gamma,61.02779810289266,16.177586585845408,277.0980973134405,1.2,0
2026-04-13 00:00:00,Cluster-Delta,20.16077758478442,56.71469651422446,516.3220422385714,0.3,0
2026-04-13 01:00:00,Cluster-Alpha,26.744593477654963,3.2475467548905903,445.74696275189115,0.15,0
2026-04-13 02:00:00,Cluster-Gamma,7.204821088940209,48.669082545210514,517.3042658628897,0.6,0
2026-04-13 03:00:00,Cluster-Delta,82.65009012957955,31.37394413589422,675.9864753854318,0.15,0
2026-04-13 04:00:00,Cluster-Beta,95.64622543251528,29.699873848055624,393.2592038814368,0.15,0
2026-04-13 05:00:00,Cluster-Gamma,17.597736921906247,2.439985014683005,258.79461027073523,0.6,0
2026-04-13 06:00:00,Cluster-Alpha,26.527194880172726,52.802690319922554,174.538531440658,0.6,0
2026-04-13 07:00:00,Cluster-Alpha,85.76208572706487,24.309143839467122,355.9793783372993,0.6,0
2026-04-13 08:00:00,Cluster-Gamma,91.16113320992518,35.527469140633656,744.3884104937104,0.3,0
2026-04-13 09:00:00,Cluster-Gamma,44.02534660103336,43.992642552810885,759.1378610103549,0.15,0
2026-04-13 10:00:00,Cluster-Alpha,9.707889921023893,45.56303373915078,670.2363328173682,0.3,0
2026-04-13 11:00:00,Cluster-Beta,8.663440533432205,61.270763647216484,241.68789355380585,0.6,0
2026-04-13 12:00:00,Cluster-Delta,58.37733754441797,34.94307710066976,592.2053833961508,0.3,0
2026-04-13 13:00:00,Cluster-Beta,41.53924512706565,26.78261216041451,574.9827649610795,0.6,0
2026-04-13 14:00:00,Cluster-Gamma,7.66467576472187,61.12962484248589,489.42353612862826,1.2,0
2026-04-13 15:00:00,Cluster-Beta,59.24247248506778,41.81083457158231,554.4791965200255,0.6,0
2026-04-13 16:00:00,Cluster-Alpha,6.05113590277909,20.485322089146447,496.87272629743137,0.15,0
2026-04-13 17:00:00,Cluster-Gamma,78.22559210788239,9.84078321502141,569.8018024133671,0.15,0
2026-04-13 18:00:00,Cluster-Delta,33.498252511413554,54.23837909084124,718.3508950749175,0.15,0
2026-04-13 19:00:00,Cluster-Alpha,8.743994279858585,24.455259373237396,118.53191245940535,0.3,0
2026-04-13 20:00:00,Cluster-Alpha,59.71675655143326,42.94912272459473,752.1294946275335,0.15,0
2026-04-13 21:00:00,Cluster-Delta,41.98465054227409,31.190618000685685,144.52728862631827,0.6,0
2026-04-13 22:00:00,Cluster-Delta,95.5634384422149,14.333646347292378,75.96171842627095,1.2,0
2026-04-13 23:00:00,Cluster-Beta,55.610475612844304,39.304569734468835,976.3188893592529,0.15,0
2026-04-14 00:00:00,Cluster-Gamma,30.59724383644177,5.762350274942303,957.421851181737,0.3,0
2026-04-14 01:00:00,Cluster-Delta,70.97781441095965,27.62723251201392,69.83217949115841,1.2,0
2026-04-14 02:00:00,Cluster-Delta,30.248756236472154,35.89012625914761,448.8209070602125,0.15,0
2026-04-14 03:00:00,Cluster-Gamma,89.09462610090355,29.034912395351903,194.382488916777,0.15,0
2026-04-14 04:00:00,Cluster-Delta,39.84914325718601,48.41767486556143,490.4914481630739,1.2,0
2026-04-14 05:00:00,Cluster-Delta,56.13777633818709,53.33134718180937,831.8754705695915,0.15,0
2026-04-14 06:00:00,Cluster-Beta,9.703298655653285,49.817070590057035,951.1056569954613,0.3,0
2026-04-14 07:00:00,Cluster-Alpha,44.62927512955746,4.406402764331731,637.910126917022,0.6,0
2026-04-14 08:00:00,Cluster-Alpha,82.40980918847254,14.035983767650277,360.36661053969885,0.6,0
2026-04-14 09:00:00,Cluster-Alpha,79.9253388987908,35.26966557435401,607.2923099881524,1.2,0
2026-04-14 10:00:00,Cluster-Alpha,25.86162597337794,59.958966507515676,318.88129304736583,0.6,0
2026-04-14 11:00:00,Cluster-Delta,26.025353603982328,53.767320053231245,910.7254044237397,0.15,0
2026-04-14 12:00:00,Cluster-Gamma,81.00939403583102,54.237139517811706,871.6964584747786,0.15,0
2026-04-14 13:00:00,Cluster-Gamma,91.52705307574728,20.798908013099844,562.6494327768644,0.3,0
2026-04-14 14:00:00,Cluster-Beta,13.86856567838933,28.62576961887956,331.55092622655695,0.6,0
2026-04-14 15:00:00,Cluster-Beta,46.85545346663895,31.183768733588117,300.45577882714855,1.2,0
2026-04-14 16:00:00,Cluster-Delta,36.3832479436733,11.757038167694446,43.08381475800887,0.15,0
2026-04-14 17:00:00,Cluster-Gamma,85.97402635754186,3.9262240751562913,817.6626425150423,1.2,0
2026-04-14 18:00:00,Cluster-Gamma,12.767817065241745,60.70797976655204,455.87938090861786,0.15,0
2026-04-14 19:00:00,Cluster-Alpha,24.634712657897477,16.92418031113742,331.8815991162618,0.15,0
2026-04-14 20:00:00,Cluster-Delta,74.97955539554397,16.876832030865142,476.39925144777635,0.3,0
2026-04-14 21:00:00,Cluster-Delta,9.770327955253048,7.169501333663091,820.5506105501055,0.6,0
2026-04-14 22:00:00,Cluster-Alpha,50.805790406428905,59.56748062051427,133.36806563044598,0.3,0
2026-04-14 23:00:00,Cluster-Delta,46.11595422521396,37.943701126265864,859.079428359409,0.6,0
2026-04-15 00:00:00,Cluster-Delta,36.099309645953625,43.35628514177194,898.5337467572705,1.2,0
2026-04-15 01:00:00,Cluster-Beta,41.69522532465991,58.51776701030926,947.2408358835493,0.6,0
2026-04-15 02:00:00,Cluster-Gamma,54.28447458451166,23.42845047184895,403.5131124984015,1.2,0
2026-04-15 03:00:00,Cluster-Delta,20.00716433011963,40.53345329056121,224.96899999729516,0.15,0
2026-04-15 04:00:00,Cluster-Beta,58.19561668037413,4.405566193191023,379.9044102820315,1.2,0
2026-04-15 05:00:00,Cluster-Gamma,79.90520662489872,13.579896750330018,339.5829752690892,1.2,0
2026-04-15 06:00:00,Cluster-Alpha,75.69496647048479,53.537239915576436,184.39237337783146,0.15,0
2026-04-15 07:00:00,Cluster-Beta,19.312691136520954,49.539638092976816,611.1940034004731,1.2,0
2026-04-15 08:00:00,Cluster-Beta,18.88020068595707,23.739846870343108,481.8579189035426,1.2,0
2026-04-15 09:00:00,Cluster-Gamma,29.94021620027694,25.362258922001175,867.0439824007636,0.15,0
2026-04-15 10:00:00,Cluster-Alpha,38.57994954971646,35.080374880321926,41.78848467723767,0.15,0
2026-04-15 11:00:00,Cluster-Beta,42.98636907098888,2.0149422904783423,647.4292482795751,0.15,0
2026-04-15 12:00:00,Cluster-Delta,68.21184116550111,16.957148834357728,765.3193897264455,0.6,0
2026-04-15 13:00:00,Cluster-Delta,10.271280191422694,14.910372133709295,761.8917034964239,0.15,0
2026-04-15 14:00:00,Cluster-Delta,8.224561493024174,17.529942698485335,887.2132274245698,0.15,0
2026-04-15 15:00:00,Cluster-Alpha,41.44768235378354,51.96616223707336,731.7434054011991,1.2,0
2026-04-15 16:00:00,Cluster-Beta,69.83622336883218,19.339779105879476,928.5319610312193,0.3,0
2026-04-15 17:00:00,Cluster-Delta,22.98948689495288,13.874321967109186,339.33003382268254,0.3,0
2026-04-15 18:00:00,Cluster-Alpha,64.65991675683141,33.26433456916796,508.17732258402765,0.6,0
2026-04-15 19:00:00,Cluster-Delta,29.16401682844785,55.66999225510938,23.93886665006177,0.6,0
2026-04-15 20:00:00,Cluster-Gamma,87.40600811965702,16.963681637924992,16.888011430258302,0.3,0
2026-04-15 21:00:00,Cluster-Beta,88.29916481679534,6.869247053153519,247.7253542470047,0.3,0
2026-04-15 22:00:00,Cluster-Beta,32.647709998163364,24.09709362267921,109.7991251676944,0.15,0
2026-04-15 23:00:00,Cluster-Alpha,26.38941911858137,48.35441312302862,267.60925425639607,1.2,0
2026-04-16 00:00:00,Cluster-Alpha,43.25126940215951,36.142813771077265,185.27286158311344,0.15,0
2026-04-16 01:00:00,Cluster-Beta,27.36943742175383,52.64118891360954,38.23482459026175,0.6,0
2026-04-16 02:00:00,Cluster-Delta,67.53169742612843,61.4947131517725,910.2111049419889,0.3,0
2026-04-16 03:00:00,Cluster-Delta,81.82401566299055,51.14507355860026,18.14090007500261,0.6,0
2026-04-16 04:00:00,Cluster-Gamma,67.59756817474317,39.43579088831271,738.7213228937145,0.15,0
2026-04-16 05:00:00,Cluster-Delta,81.6645915941895,32.58717845924759,160.62640805032137,0.6,0
2026-04-16 06:00:00,Cluster-Alpha,41.92027108529509,4.4842833535925335,913.107325779604,0.6,0
2026-04-16 07:00:00,Cluster-Alpha,19.53747827592406,63.02796268647056,893.8679801939869,1.2,0
2026-04-16 08:00:00,Cluster-Delta,73.62943810797607,25.775829599652635,657.3621349055647,0.6,0
2026-04-16 09:00:00,Cluster-Alpha,38.52412897816451,11.438149262845743,675.5118083025991,0.15,0
2026-04-16 10:00:00,Cluster-Beta,67.42818674630932,43.33594903458032,15.285750549991658,1.2,0
2026-04-16 11:00:00,Cluster-Beta,30.169886604304207,19.62587392391848,985.0228504524661,0.6,0
2026-04-16 12:00:00,Cluster-Delta,12.554356037020558,38.31825279772495,879.0542775400562,0.15,0
2026-04-16 13:00:00,Cluster-Beta,97.310106980362,38.37961028636465,896.1551634727911,0.3,0
2026-04-16 14:00:00,Cluster-Beta,19.52674023754573,29.635248895977888,662.6520916803632,1.2,0
2026-04-16 15:00:00,Cluster-Gamma,96.92315243860374,53.83935416379264,351.3390593679912,0.6,1
2026-04-16 16:00:00,Cluster-Gamma,95.8870337286796,18.427957816437466,894.712162599576,0.6,0
2026-04-16 17:00:00,Cluster-Beta,78.82508366344769,29.815220680299518,298.6017588696804,1.2,0
2026-04-16 18:00:00,Cluster-Delta,66.32633547362578,35.33691197264023,567.0844279087809,0.15,0
2026-04-16 19:00:00,Cluster-Gamma,58.736055673350876,43.14473268757258,108.73366262044357,0.6,0
2026-04-16 20:00:00,Cluster-Alpha,85.54744372013863,50.606254731346546,922.7360738314227,0.15,1
2026-04-16 21:00:00,Cluster-Alpha,31.91787551061238,26.478051538451876,149.3627531935012,1.2,0
2026-04-16 22:00:00,Cluster-Alpha,48.494352761093566,42.05491053398895,232.6478376731032,0.6,0
2026-04-16 23:00:00,Cluster-Delta,62.60326715108468,11.337879090248187,562.5528165469328,0.3,0
2026-04-17 00:00:00,Cluster-Beta,43.24071425586267,59.82418223363367,766.4520702108517,0.3,0
2026-04-17 01:00:00,Cluster-Alpha,44.75624023039492,25.74964599810222,623.1577928769359,0.3,0
2026-04-17 02:00:00,Cluster-Delta,35.716474077693846,47.23032816253918,239.8125736721546,1.2,0
2026-04-17 03:00:00,Cluster-Gamma,57.47355895166185,3.261147076695014,10.933612102215431,0.6,0
2026-04-17 04:00:00,Cluster-Beta,84.10343110540579,14.721602860098034,759.5790745043648,1.2,0
2026-04-17 05:00:00,Cluster-Gamma,23.742139154587093,32.19911774806184,985.3552526519828,0.6,0
2026-04-17 06:00:00,Cluster-Delta,91.90227260407005,56.45165299940549,811.8139891030295,0.3,1
2026-04-17 07:00:00,Cluster-Alpha,69.08515179858536,34.689819296941984,465.60455197504916,0.3,0
2026-04-17 08:00:00,Cluster-Alpha,81.56440877924281,59.6519699022205,904.7295887851155,0.15,0
2026-04-17 09:00:00,Cluster-Delta,56.72573441459108,31.995407588133375,415.74919638716653,1.2,0
2026-04-17 10:00:00,Cluster-Alpha,77.49505323243791,32.407843997628895,529.6847434010328,1.2,0
2026-04-17 11:00:00,Cluster-Beta,6.50663695257045,9.424300887032977,482.3584697217264,0.15,0
2026-04-17 12:00:00,Cluster-Delta,81.10937950449677,51.764687137437626,453.1476339388697,0.3,0
2026-04-17 13:00:00,Cluster-Gamma,8.732913894939086,17.311855572957874,777.4388616009667,0.3,0
2026-04-17 14:00:00,Cluster-Delta,87.76194400174622,57.77597434108353,531.501218196797,1.2,1
2026-04-17 15:00:00,Cluster-Beta,97.25253549319383,58.47110166048456,323.5499508049639,0.6,1
2026-04-17 16:00:00,Cluster-Beta,32.34827398244033,60.48522693619728,265.5765859818936,0.3,0
2026-04-17 17:00:00,Cluster-Delta,24.55962573457881,34.25429032439158,47.36984379775905,0.15,0
2026-04-17 18:00:00,Cluster-Delta,76.17879283879779,43.97981465658595,587.3632102642156,0.15,0
2026-04-17 19:00:00,Cluster-Alpha,28.53144970558355,50.267984563823134,237.66180124702387,0.15,0
2026-04-17 20:00:00,Cluster-Beta,85.49730163501492,10.122906356328867,156.65258279621926,1.2,0
2026-04-17 21:00:00,Cluster-Delta,14.564361070645333,39.259346089844826,657.2916641894009,1.2,0
2026-04-17 22:00:00,Cluster-Delta,16.713833263280318,4.126469880805324,684.3971652433333,1.2,0
2026-04-17 23:00:00,Cluster-Beta,96.06109462435725,32.849097170101004,754.6333433350893,1.2,0
2026-04-18 00:00:00,Cluster-Delta,67.66701753911043,11.6002462604541,508.5411273752056,0.15,0
2026-04-18 01:00:00,Cluster-Alpha,83.76051187189262,13.341221409649252,895.1140591518478,0.15,0
2026-04-18 02:00:00,Cluster-Beta,35.16263209369117,24.632949134941295,936.9793258642455,1.2,0
2026-04-18 03:00:00,Cluster-Alpha,67.91298870541621,28.811104336423185,809.2972303945645,1.2,0
2026-04-18 04:00:00,Cluster-Alpha,60.26448993969954,40.63669032099561,639.2375471881054,0.15,0
2026-04-18 05:00:00,Cluster-Alpha,61.09296117143407,6.614561943187971,310.6837440552768,1.2,0
2026-04-18 06:00:00,Cluster-Alpha,68.47551873700812,33.22888919672157,983.115472404019,1.2,0
2026-04-18 07:00:00,Cluster-Beta,58.50840310100617,13.322758075692269,281.39480552001896,1.2,0
2026-04-18 08:00:00,Cluster-Alpha,44.90280034514793,37.586460851968,210.63035277052674,1.2,0
2026-04-18 09:00:00,Cluster-Alpha,30.660810577390855,41.51908596019338,447.73257264871694,0.3,0
2026-04-18 10:00:00,Cluster-Delta,76.47806377492779,36.51597390627694,66.27216500526458,1.2,0
2026-04-18 11:00:00,Cluster-Beta,26.043335990296317,47.77432164965507,978.7095200250728,0.15,0
2026-04-18 12:00:00,Cluster-Beta,69.38895047236052,22.807773142935883,592.5492208522605,0.15,0
2026-04-18 13:00:00,Cluster-Gamma,26.699952506387376,49.436608681254114,561.3825707475335,0.15,0
2026-04-18 14:00:00,Cluster-Beta,63.155705805764214,28.831559065908007,659.2383171007227,0.15,0
2026-04-18 15:00:00,Cluster-Beta,74.47827884299969,32.019438896001006,502.0534112994346,1.2,0
2026-04-18 16:00:00,Cluster-Gamma,25.340391668308147,42.182331890186425,41.742881923596165,0.3,0
2026-04-18 17:00:00,Cluster-Beta,10.57472698010167,3.1382198079518853,616.1881759519928,0.6,0
2026-04-18 18:00:00,Cluster-Beta,17.18055809845819,42.547641728055396,719.0121381868663,0.6,0
2026-04-18 19:00:00,Cluster-Beta,61.35771795620537,40.352279242471155,422.5815700178126,0.6,0
2026-04-18 20:00:00,Cluster-Beta,83.99851577899341,21.210521238703354,759.722616350481,0.6,0
2026-04-18 21:00:00,Cluster-Gamma,9.184704374894466,7.319245663768347,234.7312863450364,0.15,0
2026-04-18 22:00:00,Cluster-Beta,73.2760670908731,7.637997894608551,229.06382515552218,1.2,0
2026-04-18 23:00:00,Cluster-Beta,36.74263407335485,59.23987231308417,169.8028178106982,1.2,0
2026-04-19 00:00:00,Cluster-Gamma,49.503138402515596,44.735317916001904,378.27481219127026,0.6,0
2026-04-19 01:00:00,Cluster-Delta,91.3839381356376,9.880362053785905,848.5419150351927,0.6,0
2026-04-19 02:00:00,Cluster-Alpha,35.87334994043363,24.116836497152192,829.6329415275736,0.3,0
2026-04-19 03:00:00,Cluster-Delta,48.2763348563722,38.733945621898975,388.9959658838688,0.3,0
2026-04-19 04:00:00,Cluster-Gamma,6.272464572743343,53.80544571562022,593.2275486204342,0.3,0
2026-04-19 05:00:00,Cluster-Alpha,12.588680960449967,4.706977580206528,723.6081533101665,0.15,0
2026-04-19 06:00:00,Cluster-Gamma,29.049017975534916,16.671254151140552,248.79470688174274,1.2,0
2026-04-19 07:00:00,Cluster-Gamma,7.5902583963599195,57.16443739831356,176.45967503579962,0.15,0
2026-04-19 08:00:00,Cluster-Beta,63.71790532248734,2.568264111396622,972.3750332801878,0.15,0
2026-04-19 09:00:00,Cluster-Alpha,44.655047182550895,14.486744373221018,621.3817400775223,1.2,0
2026-04-19 10:00:00,Cluster-Beta,55.97750385370605,61.45949891032389,981.6015646153272,0.3,0
2026-04-19 11:00:00,Cluster-Alpha,21.242188288358648,40.030914484374605,344.3784272609068,1.2,0
2026-04-19 12:00:00,Cluster-Gamma,32.5216787376053,18.2236247315254,706.0013829743901,0.6,0
2026-04-19 13:00:00,Cluster-Gamma,66.73567616130345,6.153447852542552,230.37760017582534,0.3,0
2026-04-19 14:00:00,Cluster-Delta,94.77315329762719,3.747863107727774,268.5881695611738,1.2,0
2026-04-19 15:00:00,Cluster-Alpha,9.688759945005454,17.17419493748949,516.7831000569278,0.15,0
2026-04-19 16:00:00,Cluster-Beta,87.80574183953975,56.65212081451245,326.4219442529905,1.2,1
2026-04-19 17:00:00,Cluster-Delta,58.64995172194239,27.786646566445587,175.94534820217862,0.3,0
2026-04-19 18:00:00,Cluster-Delta,57.444519708273006,46.66066888829157,270.2518949694327,0.6,0
2026-04-19 19:00:00,Cluster-Delta,51.52590377432171,58.93367219355738,45.390910521205996,0.15,0
2026-04-19 20:00:00,Cluster-Beta,11.453649989089055,27.29850861937463,707.3793852627117,0.6,0
2026-04-19 21:00:00,Cluster-Delta,13.358547211462943,13.859197004318618,497.195490515003,0.6,0
2026-04-19 22:00:00,Cluster-Beta,60.884816526295005,34.06131171312901,103.30063574048036,0.15,0
2026-04-19 23:00:00,Cluster-Delta,36.709147143506925,58.301188597710976,179.9770531972063,1.2,0
2026-04-20 00:00:00,Cluster-Beta,90.3059301917243,51.87121367653744,111.50919273151757,1.2,1
2026-04-20 01:00:00,Cluster-Gamma,42.81291997443092,6.081450288515534,616.4668801931177,0.6,0
2026-04-20 02:00:00,Cluster-Gamma,18.32517565934562,44.939513604810074,103.26825997636885,1.2,0
2026-04-20 03:00:00,Cluster-Gamma,71.46885151568935,37.45764639245513,756.739509704864,0.3,0
2026-04-20 04:00:00,Cluster-Gamma,32.28186819401392,58.26271693347838,30.305810127187264,0.6,0
2026-04-20 05:00:00,Cluster-Gamma,53.86873858409807,9.593847844718429,256.88203011593316,0.6,0
2026-04-20 06:00:00,Cluster-Delta,69.89844905198082,35.11023901868871,891.7600091329881,0.6,0
2026-04-20 07:00:00,Cluster-Delta,88.72456234179255,56.52668699773732,721.3460049410236,0.3,1
2026-04-20 08:00:00,Cluster-Delta,78.67378111655587,27.421474777988067,82.23864959643085,0.6,0
2026-04-20 09:00:00,Cluster-Beta,67.90157931216334,31.883684899437757,822.9148434403279,1.2,0
2026-04-20 10:00:00,Cluster-Beta,68.20588596274835,6.368562015351414,498.10477032480276,1.2,0
2026-04-20 11:00:00,Cluster-Beta,92.97099189498405,19.244905707832473,848.3151968971409,1.2,0
2026-04-20 12:00:00,Cluster-Beta,32.51164106717785,22.119412248474735,604.7323767058895,1.2,0
2026-04-20 13:00:00,Cluster-Gamma,5.103424760245429,60.59759182218299,685.0147017125302,0.6,0
2026-04-20 14:00:00,Cluster-Gamma,30.291774024032478,19.52537635355186,993.5665447917511,0.3,0
2026-04-20 15:00:00,Cluster-Gamma,25.263898305287192,30.573861586718422,240.012190464778,0.15,0
2026-04-20 16:00:00,Cluster-Alpha,66.55061641560184,43.620874260985346,627.7061190137745,1.2,0
2026-04-20 17:00:00,Cluster-Delta,63.9351787781942,12.055369089288398,465.71817615682437,0.15,0
2026-04-20 18:00:00,Cluster-Beta,60.19190859153932,32.15942800279622,49.05743339346452,0.15,0
2026-04-20 19:00:00,Cluster-Beta,6.510640218479194,47.789420447506274,24.325935087836385,0.6,0
2026-04-20 20:00:00,Cluster-Gamma,72.77635906391022,55.745023207678095,128.0362920396801,1.2,0
2026-04-20 21:00:00,Cluster-Beta,35.088328361150715,40.828075029070455,652.6008231331626,1.2,0
2026-04-20 22:00:00,Cluster-Beta,66.8502069776167,43.48131794965077,571.4914570342582,1.2,0
2026-04-20 23:00:00,Cluster-Delta,56.76179385070026,9.829575300243276,557.8952655520901,0.15,0
2026-04-21 00:00:00,Cluster-Gamma,36.87397606479537,60.63814282927353,41.53819490297748,1.2,0
2026-04-21 01:00:00,Cluster-Delta,17.51559284068202,10.219592804037905,474.609966396407,1.2,0
2026-04-21 02:00:00,Cluster-Alpha,13.780957482424729,50.029722105271496,925.3765896641032,0.3,0
2026-04-21 03:00:00,Cluster-Alpha,82.33120497943679,18.418611950255766,403.61595061754014,0.6,0
2026-04-21 04:00:00,Cluster-Alpha,90.41097141358489,59.8827749094776,628.6732450905718,1.2,1
2026-04-21 05:00:00,Cluster-Gamma,65.43028834907986,46.63749144090773,782.0204888669122,1.2,0
2026-04-21 06:00:00,Cluster-Beta,14.619372682024954,48.73645020465887,786.0860263504687,0.6,0
2026-04-21 07:00:00,Cluster-Gamma,42.388531170606385,15.581668729712765,524.0872815713186,0.6,0
2026-04-21 08:00:00,Cluster-Gamma,72.79134560977963,29.46847855137997,859.372425948313,0.15,0
2026-04-21 09:00:00,Cluster-Beta,77.52334221293633,40.30441806453576,397.4643124301095,0.15,0
2026-04-21 10:00:00,Cluster-Delta,15.99433187307124,49.738364328809254,889.8062826369504,0.15,0
2026-04-21 11:00:00,Cluster-Alpha,5.002856852620565,8.445481306568153,247.82489473158986,0.6,0
2026-04-21 12:00:00,Cluster-Delta,71.22874526689627,61.66664962018076,287.41424292066534,0.3,0
2026-04-21 13:00:00,Cluster-Alpha,38.16344436671712,57.193681574382474,62.58941795701109,1.2,0
2026-04-21 14:00:00,Cluster-Gamma,28.666763840498202,18.761612610726228,797.62601817686,0.6,0
2026-04-21 15:00:00,Cluster-Alpha,6.199464690425866,53.011135068004585,422.8846838703785,0.3,0
2026-04-21 16:00:00,Cluster-Gamma,55.24784482881947,34.136083228469055,236.82544777228506,0.6,0
2026-04-21 17:00:00,Cluster-Delta,84.1570183946163,30.632001856845157,239.47237484041386,0.3,0
2026-04-21 18:00:00,Cluster-Gamma,94.05974310335067,21.494914560307134,902.3859418169409,0.6,0
2026-04-21 19:00:00,Cluster-Delta,57.6142804070359,38.020052371158734,835.5774344564265,0.6,0
2026-04-21 20:00:00,Cluster-Beta,52.84490347981016,47.253125297623065,557.9955765036115,0.3,0
2026-04-21 21:00:00,Cluster-Beta,12.910243850499423,27.477840107691012,619.9496924115639,0.3,0
2026-04-21 22:00:00,Cluster-Beta,56.04517054346178,41.01158996651411,479.5823148447881,0.3,0
2026-04-21 23:00:00,Cluster-Gamma,40.3380543437817,45.35740111162883,397.7498774500208,0.3,0
2026-04-22 00:00:00,Cluster-Beta,61.463581122172656,46.089552654947724,916.3221124061482,0.3,0
2026-04-22 01:00:00,Cluster-Alpha,41.15155035251884,5.2218980841331755,134.35657648509905,0.3,0
2026-04-22 02:00:00,Cluster-Delta,27.347818480884108,55.30436395247415,424.2623218190657,0.3,0
2026-04-22 03:00:00,Cluster-Delta,13.831770596239014,30.41170551543297,351.1162889079966,0.3,0
2026-04-22 04:00:00,Cluster-Alpha,34.287415346767304,18.269797065165296,503.1692130486369,0.6,0
2026-04-22 05:00:00,Cluster-Gamma,13.987969588760961,16.98939946374026,463.0555557997233,0.3,0
2026-04-22 06:00:00,Cluster-Gamma,21.451416426630505,31.94687499632493,523.7006363345706,0.3,0
2026-04-22 07:00:00,Cluster-Delta,96.82226274789777,56.983555447075474,148.51978745472414,0.6,1
2026-04-22 08:00:00,Cluster-Beta,46.301630792315535,25.45755006432411,518.0100864981443,0.6,0
2026-04-22 09:00:00,Cluster-Gamma,54.46407428496654,48.482996300579686,249.99462574833876,0.15,0
2026-04-22 10:00:00,Cluster-Gamma,86.24652317256103,8.002761321207554,192.48803549830936,0.15,0
2026-04-22 11:00:00,Cluster-Alpha,97.58790774563397,31.51551553336583,74.18587659832932,0.3,0
2026-04-22 12:00:00,Cluster-Alpha,59.19244378905538,63.484540704349605,765.0260331685795,0.3,0
2026-04-22 13:00:00,Cluster-Beta,80.56006535710796,49.76714377312489,433.16750164799436,0.15,0
2026-04-22 14:00:00,Cluster-Gamma,35.405515263310804,15.052766283318006,630.3772464786408,0.15,0
2026-04-22 15:00:00,Cluster-Gamma,33.43418804259807,33.08937136927047,730.3174098716959,1.2,0
2026-04-22 16:00:00,Cluster-Alpha,42.4514460524941,16.484735346211124,682.523498660418,1.2,0
2026-04-22 17:00:00,Cluster-Gamma,67.54317542864936,27.392777490275574,475.79571189878544,0.3,0
2026-04-22 18:00:00,Cluster-Delta,68.44382710072418,50.365209471567816,394.0195436622125,1.2,0
2026-04-22 19:00:00,Cluster-Alpha,34.31726742239893,49.81593854800503,382.2003105442571,0.15,0
2026-04-22 20:00:00,Cluster-Beta,17.388522944706466,16.142223429947876,643.6483089607558,0.3,0
2026-04-22 21:00:00,Cluster-Alpha,63.812851851292294,59.17784572560133,499.8464113924547,0.6,0
2026-04-22 22:00:00,Cluster-Gamma,16.9343051835551,38.739227331419265,850.6409255086255,0.6,0
2026-04-22 23:00:00,Cluster-Beta,58.7998032653277,25.5553060396449,875.954964483445,0.15,0
2026-04-23 00:00:00,Cluster-Alpha,69.48825790923674,33.120006008413355,178.8547742264533,1.2,0
2026-04-23 01:00:00,Cluster-Delta,70.156869164684,39.51441771314011,144.8713150302684,0.6,0
2026-04-23 02:00:00,Cluster-Delta,75.07290629134249,36.7132129744387,634.0969167756396,1.2,0
2026-04-23 03:00:00,Cluster-Alpha,86.1759262056068,32.157112203243045,308.21349058165663,0.6,0
2026-04-23 04:00:00,Cluster-Delta,51.49618625272532,33.30583385354281,28.38501157744787,1.2,0
2026-04-23 05:00:00,Cluster-Delta,72.91317462625013,12.937538446528944,889.7562426693255,0.6,0
2026-04-23 06:00:00,Cluster-Delta,62.583064389022816,52.389440066890124,234.63175957137017,0.6,0
2026-04-23 07:00:00,Cluster-Beta,22.357514401184478,35.58913983634295,929.987845168951,0.3,0
2026-04-23 08:00:00,Cluster-Delta,7.38913697285496,10.126951425691592,720.2601063694711,0.3,0
2026-04-23 09:00:00,Cluster-Delta,31.46234886795484,49.50174029813223,765.0269550123694,0.15,0
2026-04-23 10:00:00,Cluster-Delta,46.202134689398605,59.81152665939575,209.44688083522882,0.6,0
2026-04-23 11:00:00,Cluster-Beta,62.39085283186503,60.73302775269165,241.8524813606448,1.2,0
2026-04-23 12:00:00,Cluster-Alpha,84.0462177367981,24.87909940949271,526.0550762858251,0.6,0
2026-04-23 13:00:00,Cluster-Gamma,23.250851653673404,10.40204616076675,180.37885412336354,1.2,0
2026-04-23 14:00:00,Cluster-Delta,16.67613046055837,34.14077685125004,312.37737575620196,1.2,0
2026-04-23 15:00:00,Cluster-Alpha,94.60363511511245,8.981772219651683,328.2478531683264,0.6,0
2026-04-23 16:00:00,Cluster-Delta,15.04814402200586,59.907219947782266,168.03363392023644,1.2,0
2026-04-23 17:00:00,Cluster-Beta,49.49966951996859,13.381936896019052,213.13100506120915,0.15,0
2026-04-23 18:00:00,Cluster-Alpha,59.45742677777707,17.67148331697217,790.666323588174,0.3,0
2026-04-23 19:00:00,Cluster-Beta,55.34782114439176,27.211464666868167,175.5238960017957,1.2,0
2026-04-23 20:00:00,Cluster-Delta,13.000990604063718,25.756197050665797,38.17281792548326,0.6,0
2026-04-23 21:00:00,Cluster-Delta,10.303503002336601,51.26909932866912,633.061393202649,0.3,0
2026-04-23 22:00:00,Cluster-Beta,14.809958753876318,30.291642874159667,976.2232881985254,0.15,0
2026-04-23 23:00:00,Cluster-Gamma,59.459654600152966,12.587632120206887,337.90167647689015,1.2,0
2026-04-24 00:00:00,Cluster-Beta,55.62407454999186,18.567013520136594,127.46914616428977,1.2,0
2026-04-24 01:00:00,Cluster-Delta,26.737893659417214,33.565029881626366,574.6834521138554,0.3,0
2026-04-24 02:00:00,Cluster-Beta,64.31299519164001,11.142142880420364,907.2906689846898,1.2,0
2026-04-24 03:00:00,Cluster-Gamma,81.26627769117539,39.922651890052876,786.221162030194,0.6,0
2026-04-24 04:00:00,Cluster-Beta,8.86684326573322,37.07633300617105,626.2907097285888,0.3,0
2026-04-24 05:00:00,Cluster-Gamma,51.32608474996795,46.311543615699975,321.9059316415234,0.3,0
2026-04-24 06:00:00,Cluster-Gamma,69.10586832555019,60.1376861535208,546.4613715434577,1.2,0
2026-04-24 07:00:00,Cluster-Beta,28.465009217480898,58.55978278827165,100.3323928912128,0.15,0
2026-04-24 08:00:00,Cluster-Beta,33.62269419226287,60.65668832026754,682.1559700378632,0.15,0
2026-04-24 09:00:00,Cluster-Alpha,62.0683249780127,17.172367015469458,727.8450587086743,0.15,0
2026-04-24 10:00:00,Cluster-Delta,88.50798229026753,10.157049011639986,965.3813066808196,0.15,0
2026-04-24 11:00:00,Cluster-Gamma,80.32297108816964,20.741155430779806,267.79338515762095,0.3,0
2026-04-24 12:00:00,Cluster-Alpha,59.23111037626127,57.495280711511505,28.271854852592416,0.3,0
2026-04-24 13:00:00,Cluster-Beta,72.91061975142418,62.26731542665627,550.152379782879,1.2,0
2026-04-24 14:00:00,Cluster-Delta,38.92848972932528,55.27814696636951,709.7225993528463,0.15,0
2026-04-24 15:00:00,Cluster-Alpha,64.60979411318448,8.821098709907703,792.5034011241581,0.15,0
2026-04-24 16:00:00,Cluster-Gamma,48.3548879748628,60.740535879707174,201.8015436945625,1.2,0
2026-04-24 17:00:00,Cluster-Alpha,22.664060690553164,28.24819769574873,269.13534034665344,1.2,0
2026-04-24 18:00:00,Cluster-Gamma,70.26165947058492,2.577238027265928,517.4650160146234,1.2,0
2026-04-24 19:00:00,Cluster-Beta,56.75121127344045,29.428411926388,337.29480187030185,0.6,0
2026-04-24 20:00:00,Cluster-Delta,38.351807121684,4.856288519878991,861.9063717215706,1.2,0
2026-04-24 21:00:00,Cluster-Delta,89.75454467731265,35.720431111989285,479.02255220133304,1.2,0
2026-04-24 22:00:00,Cluster-Delta,6.946872957886194,22.99034970109718,801.5828576609829,0.6,0
2026-04-24 23:00:00,Cluster-Beta,34.36690306620313,31.352965882831022,584.8135628775302,0.15,0
2026-04-25 00:00:00,Cluster-Gamma,10.28996999332113,40.01656236607326,775.3592402009409,0.3,0
2026-04-25 01:00:00,Cluster-Beta,76.28704040861133,55.86566794070486,339.34625666502063,0.15,0
2026-04-25 02:00:00,Cluster-Delta,70.29599323258272,43.03789774125957,833.102455711008,0.3,0
2026-04-25 03:00:00,Cluster-Beta,35.815756342477485,28.911029845647203,281.82659239551134,0.3,0
2026-04-25 04:00:00,Cluster-Beta,67.83664990525779,52.804526927562634,550.6378199232579,1.2,0
2026-04-25 05:00:00,Cluster-Beta,41.82216203622333,58.1460925295342,221.86704204213547,1.2,0
2026-04-25 06:00:00,Cluster-Gamma,75.3316026022864,9.425117918796229,480.7712564099314,0.6,0
2026-04-25 07:00:00,Cluster-Alpha,47.23908063451366,34.97984460827307,324.9934574136161,0.15,0
2026-04-25 08:00:00,Cluster-Alpha,43.3420146883449,19.639741504031537,274.0363963308421,0.15,0
2026-04-25 09:00:00,Cluster-Beta,91.92988214041199,4.917794268370739,967.3151678477572,0.3,0
2026-04-25 10:00:00,Cluster-Alpha,28.33175628983512,43.44989509706709,168.4733644318633,1.2,0
2026-04-25 11:00:00,Cluster-Alpha,16.201602619680585,55.49178820247199,789.4525790828213,1.2,0
2026-04-25 12:00:00,Cluster-Beta,59.36250953312961,12.099964577598431,984.3233098883828,0.15,0
2026-04-25 13:00:00,Cluster-Beta,95.14692854242864,52.36964677268183,29.70246890267705,0.6,1
2026-04-25 14:00:00,Cluster-Delta,40.139046876628356,54.91053547929038,702.0371399016741,1.2,0
2026-04-25 15:00:00,Cluster-Alpha,10.769419017476682,58.68910744532198,260.3826875007243,0.6,0
2026-04-25 16:00:00,Cluster-Gamma,36.55538985978977,18.44767552333525,50.0829460850214,0.15,0
2026-04-25 17:00:00,Cluster-Beta,52.051643851718936,58.045090041773136,408.8606831670645,0.15,0
2026-04-25 18:00:00,Cluster-Delta,20.058839616795876,21.8810907936588,935.8656320691663,0.6,0
2026-04-25 19:00:00,Cluster-Gamma,66.20350627925376,36.24495683424117,21.647443423327708,1.2,0
2026-04-25 20:00:00,Cluster-Alpha,97.79069317794865,5.131463191601492,592.0068350104839,0.15,0
2026-04-25 21:00:00,Cluster-Delta,47.01177126627427,4.720627478862103,506.38251380937106,0.3,0
2026-04-25 22:00:00,Cluster-Beta,37.98975577590978,46.66313918939658,874.650322727337,0.15,0
2026-04-25 23:00:00,Cluster-Gamma,42.2654875156054,29.557758634623045,93.16169737541941,1.2,0
2026-04-26 00:00:00,Cluster-Beta,15.708594590753705,17.89012727289149,684.7107695877838,0.3,0
2026-04-26 01:00:00,Cluster-Alpha,87.14444493263882,13.805636753544432,683.3086014489445,0.15,0
2026-04-26 02:00:00,Cluster-Gamma,43.578785963485736,43.53711643327152,672.3892166936604,1.2,0
2026-04-26 03:00:00,Cluster-Alpha,41.01652026251024,2.024895729571072,942.9111499856866,1.2,0
2026-04-26 04:00:00,Cluster-Alpha,66.35119538253412,51.96525249020496,824.8566537168116,0.15,0
2026-04-26 05:00:00,Cluster-Delta,46.10910814659449,6.913475580055587,51.55299898107095,1.2,0
2026-04-26 06:00:00,Cluster-Beta,65.28571259912968,13.872356124303405,476.372022197468,0.6,0
2026-04-26 07:00:00,Cluster-Gamma,10.714504982163238,25.946656508543555,403.97352563932014,0.3,0
2026-04-26 08:00:00,Cluster-Alpha,80.67627096616715,32.06124186239842,317.04574887989406,0.6,0
2026-04-26 09:00:00,Cluster-Alpha,92.46686761778444,24.009697180464393,456.8233579025563,0.15,0
2026-04-26 10:00:00,Cluster-Gamma,65.33518091282289,21.884154229026223,390.3522430767177,0.6,0
2026-04-26 11:00:00,Cluster-Alpha,93.7746313838694,61.762792748537684,438.01056087987865,0.15,1
2026-04-26 12:00:00,Cluster-Delta,19.083205236406585,41.77794023709045,979.4692469525561,0.15,0
2026-04-26 13:00:00,Cluster-Delta,49.399705621672894,3.452843232778069,97.74664500208496,1.2,0
2026-04-26 14:00:00,Cluster-Delta,60.96802625692659,28.670906323547417,923.0085611403425,1.2,0
2026-04-26 15:00:00,Cluster-Delta,59.101508210170365,56.25053938412616,485.4343463363164,0.15,0
2026-04-26 16:00:00,Cluster-Alpha,42.33594545528102,20.690283557461413,627.5048230445458,0.3,0
2026-04-26 17:00:00,Cluster-Gamma,36.441850071062305,7.86249337601207,831.881136951517,0.3,0
2026-04-26 18:00:00,Cluster-Gamma,16.794634097188947,49.019855838574905,366.858398857763,0.3,0
2026-04-26 19:00:00,Cluster-Gamma,41.43204790229187,39.57285758003704,436.1176890070872,0.6,0
2026-04-26 20:00:00,Cluster-Gamma,20.12745580481012,37.35937548524324,415.4232954759268,0.15,0
2026-04-26 21:00:00,Cluster-Beta,73.29600791377631,5.321746695659291,380.98371231040227,1.2,0
2026-04-26 22:00:00,Cluster-Gamma,24.421277000996866,10.710938607322074,926.274028430426,0.6,0
2026-04-26 23:00:00,Cluster-Beta,10.446573391461648,40.598062565213056,830.6405922810819,0.6,0
2026-04-27 00:00:00,Cluster-Beta,56.37005081700279,14.88507817044782,117.90998996434634,1.2,0
2026-04-27 01:00:00,Cluster-Delta,60.35636514290435,33.25234494440231,117.04211895232507,0.15,0
2026-04-27 02:00:00,Cluster-Beta,86.08791469908701,35.7826645338224,433.5908197044613,0.6,0
2026-04-27 03:00:00,Cluster-Alpha,58.65928995484441,19.577445796798244,107.67080296548096,0.15,0
2026-04-27 04:00:00,Cluster-Beta,37.12971939628045,60.80235964357256,622.9021643184085,0.15,0
2026-04-27 05:00:00,Cluster-Delta,79.6801049819478,54.23277462380566,152.25469118911658,0.15,0
2026-04-27 06:00:00,Cluster-Beta,55.24593706643016,46.787157473233506,527.1495313271331,1.2,0
2026-04-27 07:00:00,Cluster-Alpha,12.373066470700833,6.835619717383363,17.147747533680576,0.15,0
2026-04-27 08:00:00,Cluster-Alpha,57.62410210913194,8.580061197159205,323.43038492852025,0.6,0
2026-04-27 09:00:00,Cluster-Alpha,89.4457247242146,32.552443443627254,680.4188164359289,1.2,0
2026-04-27 10:00:00,Cluster-Delta,41.85707417133451,11.964227649841112,489.19855082556995,1.2,0
2026-04-27 11:00:00,Cluster-Delta,32.55829957668141,62.65245873882739,978.4867911389982,0.6,0
2026-04-27 12:00:00,Cluster-Gamma,18.342659502675865,11.828254509699386,875.3627581055487,1.2,0
2026-04-27 13:00:00,Cluster-Delta,19.084433539988233,32.22300579876639,365.4800712527197,0.6,0
2026-04-27 14:00:00,Cluster-Alpha,45.24774804378916,24.575505524173337,55.031676057551856,0.3,0
2026-04-27 15:00:00,Cluster-Alpha,60.39822364702225,41.64195813015407,847.1700371138686,0.6,0
2026-04-27 16:00:00,Cluster-Delta,12.497232680772964,10.000257351144345,912.1219672115246,1.2,0
2026-04-27 17:00:00,Cluster-Beta,92.37987877934042,28.679618538628237,822.4211194848464,0.6,0
2026-04-27 18:00:00,Cluster-Delta,75.22742642240323,19.031712034042904,136.67044151056723,0.3,0
2026-04-27 19:00:00,Cluster-Delta,59.55602440038063,57.04059452964466,997.9359830681649,0.15,0
2026-04-27 20:00:00,Cluster-Alpha,82.04479639732615,4.516314152351095,265.9983793372461,0.15,0
2026-04-27 21:00:00,Cluster-Gamma,12.457368383526536,58.651104628400475,726.9628636802863,0.15,0
2026-04-27 22:00:00,Cluster-Alpha,49.34601562918057,53.645636590286024,908.9545275723643,1.2,0
2026-04-27 23:00:00,Cluster-Gamma,63.598660798134695,20.449384419330556,243.33024318740235,0.3,0
2026-04-28 00:00:00,Cluster-Alpha,82.0647202690009,50.936020589980494,909.1759691302954,0.6,0
2026-04-28 01:00:00,Cluster-Delta,77.8626690845819,3.9352407410023487,316.3867634029183,0.6,0
2026-04-28 02:00:00,Cluster-Alpha,30.767440223346167,61.9456641181904,976.6490901602156,0.6,0
2026-04-28 03:00:00,Cluster-Alpha,92.501855769006,34.64888644056694,288.4474201766698,0.6,0
2026-04-28 04:00:00,Cluster-Alpha,16.564163253070944,20.803423616057607,953.9014665102568,1.2,0
2026-04-28 05:00:00,Cluster-Delta,86.38742653176715,24.48015918086998,63.009204383748155,1.2,0
2026-04-28 06:00:00,Cluster-Delta,95.29744321322953,6.1171319145508365,712.1792915531149,0.3,0
2026-04-28 07:00:00,Cluster-Delta,21.475277659704176,63.33966987060643,536.7900224986337,0.6,0
2026-04-28 08:00:00,Cluster-Delta,72.15214397095203,4.436100599342932,483.0983063515033,0.15,0
2026-04-28 09:00:00,Cluster-Gamma,8.746553246353857,42.60424163516726,231.2593711132816,1.2,0
2026-04-28 10:00:00,Cluster-Gamma,42.70432273794141,29.449627517800415,708.539831878727,0.3,0
2026-04-28 11:00:00,Cluster-Beta,53.01434682538368,60.83280552770034,198.90139653184403,0.3,0
2026-04-28 12:00:00,Cluster-Delta,59.00000600959597,17.2519838990213,557.3133780249206,1.2,0
2026-04-28 13:00:00,Cluster-Gamma,92.04216408711603,34.9893830841567,260.7129094098483,0.15,0
2026-04-28 14:00:00,Cluster-Alpha,67.5193139183601,31.906084932130685,956.0651659835426,0.15,0
2026-04-28 15:00:00,Cluster-Delta,49.75884946338904,45.57771953110628,38.3448818972963,0.6,0
2026-04-28 16:00:00,Cluster-Beta,80.2997783727277,6.2166343810500715,207.7309973101242,1.2,0
2026-04-28 17:00:00,Cluster-Beta,93.39955234876003,14.014926061448001,249.88750032357325,0.15,0
2026-04-28 18:00:00,Cluster-Beta,7.052151827453049,15.30301884575669,419.92714751013824,1.2,0
2026-04-28 19:00:00,Cluster-Alpha,96.3744783198116,47.76534680018476,240.402939451353,0.3,0
2026-04-28 20:00:00,Cluster-Gamma,13.010288932922272,13.726599172257885,496.4355993660974,0.3,0
2026-04-28 21:00:00,Cluster-Alpha,80.7379704719948,37.55648936124055,873.7408680259535,0.3,0
2026-04-28 22:00:00,Cluster-Delta,31.071131987281362,15.34511687105913,714.9427871950791,1.2,0
2026-04-28 23:00:00,Cluster-Beta,17.29270817111007,55.42074690520666,584.1623607297599,0.6,0
2026-04-29 00:00:00,Cluster-Alpha,45.90657449338664,60.41549817835759,98.11314620285285,0.6,0
2026-04-29 01:00:00,Cluster-Alpha,64.88796188862806,34.14656444641891,697.0521873053829,0.15,0
2026-04-29 02:00:00,Cluster-Gamma,40.42852158718318,23.843150820969054,174.75014146783045,1.2,0
2026-04-29 03:00:00,Cluster-Gamma,10.074582970291003,16.511582051084947,788.503712102081,0.6,0
2026-04-29 04:00:00,Cluster-Beta,60.749885988260644,5.0864220944287135,257.5561909250516,1.2,0
2026-04-29 05:00:00,Cluster-Alpha,88.92350467829274,18.647004724244713,422.8782410376919,0.6,0
2026-04-29 06:00:00,Cluster-Alpha,40.63902903309441,42.56261835660971,356.9655002947486,0.3,0
2026-04-29 07:00:00,Cluster-Gamma,25.118948319666913,35.08424974117107,860.2257755281082,0.3,0
2026-04-29 08:00:00,Cluster-Alpha,46.15969317175183,60.5305592534175,135.27901412627403,0.15,0
2026-04-29 09:00:00,Cluster-Alpha,9.497732127536622,26.569190274485436,569.9884335609407,0.3,0
2026-04-29 10:00:00,Cluster-Alpha,81.30534535666555,45.01952722436046,150.6409933486316,0.6,0
2026-04-29 11:00:00,Cluster-Gamma,81.84969541836736,32.338010343457526,707.7478777708648,0.15,0
2026-04-29 12:00:00,Cluster-Beta,59.68404309895544,33.77972538730113,906.0273465165363,0.15,0
2026-04-29 13:00:00,Cluster-Delta,37.838568671270224,18.602007505455283,440.26157732858087,0.3,0
2026-04-29 14:00:00,Cluster-Beta,79.37985289345785,30.206948164203983,493.2113376623261,1.2,0
2026-04-29 15:00:00,Cluster-Delta,56.585893305318145,31.18866981478785,928.1486081179346,0.3,0
2026-04-29 16:00:00,Cluster-Alpha,81.8117046951515,45.81183634843391,525.7814747628636,0.3,0
2026-04-29 17:00:00,Cluster-Beta,63.72566771022092,60.31967994953906,492.7224536690653,0.15,0
2026-04-29 18:00:00,Cluster-Delta,77.94970900879015,22.417919203915265,582.5458116772611,0.3,0
2026-04-29 19:00:00,Cluster-Gamma,60.666358369251675,4.616429052040504,692.3374389993224,0.6,0
2026-04-29 20:00:00,Cluster-Gamma,43.515119344056956,32.77029778103966,115.81454133616107,0.15,0
2026-04-29 21:00:00,Cluster-Beta,94.0889649731308,35.75660259324845,822.8994224641009,0.3,0
2026-04-29 22:00:00,Cluster-Beta,55.32358571373256,12.443314170178745,441.14997717872666,1.2,0
2026-04-29 23:00:00,Cluster-Alpha,61.27332522427007,49.14880558911614,81.62502479851068,0.6,0
2026-04-30 00:00:00,Cluster-Beta,25.50535046557168,63.06560472337248,788.320842506231,1.2,0
2026-04-30 01:00:00,Cluster-Alpha,63.185523416736714,60.63803245452458,383.1804719694094,0.6,0
2026-04-30 02:00:00,Cluster-Alpha,58.159511401913775,14.220574407066435,109.3638201441034,1.2,0
2026-04-30 03:00:00,Cluster-Gamma,22.18997100907332,56.272520873847164,637.441249147818,0.3,0
2026-04-30 04:00:00,Cluster-Gamma,10.541600053842366,45.678605457524455,881.3300398993052,0.6,0
2026-04-30 05:00:00,Cluster-Delta,61.20541673347371,30.13848695602852,888.8759743198465,0.15,0
2026-04-30 06:00:00,Cluster-Gamma,76.02338104957981,35.5178816481332,958.0868400608834,0.15,0
2026-04-30 07:00:00,Cluster-Gamma,53.67632749574676,54.6752108489124,869.0284051690211,1.2,0
2026-04-30 08:00:00,Cluster-Beta,26.08985415472705,31.768366257579135,12.11951015202047,1.2,0
2026-04-30 09:00:00,Cluster-Gamma,66.98654383245224,25.138856884517864,386.4387547492563,1.2,0
2026-04-30 10:00:00,Cluster-Delta,12.449832574693009,32.58134456761112,820.357154106448,0.6,0
2026-04-30 11:00:00,Cluster-Beta,46.09053454658178,37.906047850173046,372.5904759384895,0.15,0
2026-04-30 12:00:00,Cluster-Delta,20.193108531053078,13.722814534257628,605.5330213159091,0.3,0
2026-04-30 13:00:00,Cluster-Gamma,22.154691748569153,57.85627927655342,610.2537779007866,0.6,0
2026-04-30 14:00:00,Cluster-Delta,23.81333727171294,43.799590827436056,371.3750509984348,1.2,0
2026-04-30 15:00:00,Cluster-Beta,40.963756305089944,41.26267287492431,905.4291880084747,0.15,0
2026-04-30 16:00:00,Cluster-Alpha,9.75696912269698,8.168766023199565,508.19606193225644,1.2,0
2026-04-30 17:00:00,Cluster-Delta,41.994790006406134,39.45878416670069,470.1363638781258,0.3,0
2026-04-30 18:00:00,Cluster-Delta,52.58879258166718,9.499561058786526,997.5386082052769,0.3,0
2026-04-30 19:00:00,Cluster-Beta,49.94636850186824,6.879255862114741,498.5653604318905,0.15,0
2026-04-30 20:00:00,Cluster-Beta,40.59892133748277,34.693275529828384,186.61426940929525,0.6,0
2026-04-30 21:00:00,Cluster-Delta,83.04063455057998,26.972703110882687,517.9387286348037,0.3,0
2026-04-30 22:00:00,Cluster-Gamma,18.515382395106883,38.50623674968584,815.8765681647308,0.3,0
2026-04-30 23:00:00,Cluster-Delta,52.02979717166778,7.531774419548793,779.0917236292986,0.3,0
2026-05-01 00:00:00,Cluster-Beta,10.769851776959548,28.720949896530023,790.6959474573863,0.3,0
2026-05-01 01:00:00,Cluster-Alpha,11.617478135645605,12.836776332799793,710.9435461579327,1.2,0
2026-05-01 02:00:00,Cluster-Alpha,58.36952401996996,63.20020532729523,261.67565077602137,1.2,0
2026-05-01 03:00:00,Cluster-Gamma,57.63971351456735,36.791313170980814,863.4632449818291,0.6,0
2026-05-01 04:00:00,Cluster-Delta,86.6571166945345,44.621085378333774,894.5090307225024,0.15,0
2026-05-01 05:00:00,Cluster-Alpha,56.88225183638681,22.175933402321682,202.21116965236357,0.15,0
2026-05-01 06:00:00,Cluster-Delta,94.26056489765107,7.873812716319337,139.15108018587998,0.15,0
2026-05-01 07:00:00,Cluster-Beta,9.528620901193468,62.50399349257927,975.8489189032209,0.3,0
2026-05-01 08:00:00,Cluster-Alpha,14.11471468460892,19.748060193757357,869.6407240138642,1.2,0
2026-05-01 09:00:00,Cluster-Gamma,9.09812512604547,28.276107480761603,894.3037857378472,1.2,0
2026-05-01 10:00:00,Cluster-Beta,22.23074708101922,42.29156314555965,887.5126207781512,0.6,0
2026-05-01 11:00:00,Cluster-Gamma,55.33812031757606,3.5312324565388997,546.2699557933911,0.15,0
2026-05-01 12:00:00,Cluster-Beta,65.0382128727508,52.23606609207179,649.9377192991417,1.2,0
2026-05-01 13:00:00,Cluster-Alpha,9.239419689226198,35.26784778177446,549.9092236123053,0.6,0
2026-05-01 14:00:00,Cluster-Gamma,92.97529275564074,19.249465598266973,60.69428569842578,0.15,0
2026-05-01 15:00:00,Cluster-Gamma,83.32138002848544,5.819695088133093,748.0480544992449,0.3,0
2026-05-01 16:00:00,Cluster-Beta,32.58496084060966,12.074901759415368,510.2787130025215,1.2,0
2026-05-01 17:00:00,Cluster-Gamma,12.17844031106152,57.492099248913085,651.2319840423274,1.2,0
2026-05-01 18:00:00,Cluster-Beta,20.799497809372326,44.53350188402524,507.61340692577994,0.15,0
2026-05-01 19:00:00,Cluster-Beta,16.80583047921246,17.49390674148717,496.8932090992314,0.3,0
2026-05-01 20:00:00,Cluster-Beta,16.465391474802058,6.067247426591831,180.07121838298914,0.3,0
2026-05-01 21:00:00,Cluster-Beta,53.22623704591326,44.81814936797145,285.92657798973744,1.2,0
2026-05-01 22:00:00,Cluster-Alpha,27.863812151886226,37.48927901000144,167.26416502451625,0.15,0
2026-05-01 23:00:00,Cluster-Beta,38.30699363721043,27.08021051641057,203.70963266908902,0.6,0
2026-05-02 00:00:00,Cluster-Delta,97.02399600474199,24.543909849783958,973.2476066161018,1.2,0
2026-05-02 01:00:00,Cluster-Gamma,68.64122515005707,15.442485107604714,161.58231131447644,0.3,0
2026-05-02 02:00:00,Cluster-Delta,93.25520203537113,43.51589790532609,276.57772006215555,0.6,0
2026-05-02 03:00:00,Cluster-Alpha,18.257759618079753,62.18141772321997,594.6837611611991,0.15,0
2026-05-02 04:00:00,Cluster-Delta,40.53897115942894,12.894345241883203,614.0767904742754,0.3,0
2026-05-02 05:00:00,Cluster-Gamma,56.59005770525895,39.02123044096121,162.43438844639078,0.6,0
2026-05-02 06:00:00,Cluster-Delta,12.138499755652635,28.299473456250524,795.7802515273602,1.2,0
2026-05-02 07:00:00,Cluster-Alpha,5.389432257400081,29.694700748169225,787.3508392336968,0.3,0
2026-05-02 08:00:00,Cluster-Beta,67.35039304311333,17.757131367924494,244.94452716185216,0.15,0
2026-05-02 09:00:00,Cluster-Delta,64.68921506253349,53.15836229100798,295.7796396487058,0.3,0
2026-05-02 10:00:00,Cluster-Alpha,43.203359329963895,32.08584745712895,938.607986804902,1.2,0
2026-05-02 11:00:00,Cluster-Alpha,50.53689907097903,35.69116283629237,827.4147315196833,0.15,0
2026-05-02 12:00:00,Cluster-Gamma,43.63619905506433,20.895176593434197,700.8190627318986,1.2,0
2026-05-02 13:00:00,Cluster-Gamma,7.232469170574664,13.272124871350885,91.41088929549453,0.6,0
2026-05-02 14:00:00,Cluster-Delta,36.189559378224004,7.326444068574871,424.08144009355,0.3,0
2026-05-02 15:00:00,Cluster-Beta,21.468649751947954,46.27538673734479,563.7088533560587,1.2,0
2026-05-02 16:00:00,Cluster-Alpha,14.153449586427293,14.166525464647048,195.53717510393915,0.6,0
2026-05-02 17:00:00,Cluster-Delta,93.97500035170953,44.784671959705456,453.7443162871423,0.15,0
2026-05-02 18:00:00,Cluster-Alpha,60.7404544289214,26.20333965491114,605.0156187138031,0.15,0
2026-05-02 19:00:00,Cluster-Alpha,72.76503443400405,27.77803766135839,334.10291331424526,0.6,0
2026-05-02 20:00:00,Cluster-Beta,34.32882812374893,31.089004757751844,783.1353707609823,0.6,0
2026-05-02 21:00:00,Cluster-Beta,41.56268304294341,24.797927503907676,842.0450858224174,0.15,0
2026-05-02 22:00:00,Cluster-Delta,27.03393143239528,8.238438587800585,330.3733747397301,1.2,0
2026-05-02 23:00:00,Cluster-Beta,14.017807399784502,21.197172220176437,840.2705829475326,0.6,0
2026-05-03 00:00:00,Cluster-Beta,21.649942282067293,43.151530363024186,112.54080044198487,1.2,0
2026-05-03 01:00:00,Cluster-Delta,79.16880621257319,43.27863289107,839.3518076364297,0.15,0
2026-05-03 02:00:00,Cluster-Beta,68.01175988209116,19.74590704887965,161.22292735094044,1.2,0
2026-05-03 03:00:00,Cluster-Gamma,55.86438546664935,30.526362846576653,92.09788098462879,1.2,0
2026-05-03 04:00:00,Cluster-Alpha,49.18335817660943,13.993728136740124,645.3576503966011,0.6,0
2026-05-03 05:00:00,Cluster-Alpha,90.78638838001957,15.043069054849818,477.2179920977414,1.2,0
2026-05-03 06:00:00,Cluster-Alpha,11.764350143416161,3.4289194812096593,908.8116944087044,1.2,0
2026-05-03 07:00:00,Cluster-Alpha,31.095875631126184,57.59828609428016,369.5573041299407,1.2,0
2026-05-03 08:00:00,Cluster-Delta,37.5442203820764,15.063813234644185,294.2807408032524,0.15,0
2026-05-03 09:00:00,Cluster-Alpha,77.76560053578928,16.107100370060728,505.7275570827564,0.15,0
2026-05-03 10:00:00,Cluster-Alpha,97.30385967506334,19.335288823998173,461.3867239109747,0.3,0
2026-05-03 11:00:00,Cluster-Alpha,27.382357872415234,9.899300445116598,350.98376575501635,0.15,0
2026-05-03 12:00:00,Cluster-Alpha,86.3105820747485,41.634298757244494,696.8038857113453,0.15,0
2026-05-03 13:00:00,Cluster-Gamma,82.2479167201566,6.658863097010367,761.9662155747692,0.3,0
2026-05-03 14:00:00,Cluster-Alpha,25.893137980684294,10.320550432233716,854.4541293398353,0.3,0
2026-05-03 15:00:00,Cluster-Gamma,42.1379299585277,41.97491704858576,973.1280386632394,0.6,0
2026-05-03 16:00:00,Cluster-Delta,43.09957684420428,23.05895846984945,273.9896302111794,0.6,0
2026-05-03 17:00:00,Cluster-Beta,95.97452217296993,45.89276525547372,718.9325476650619,0.15,0
2026-05-03 18:00:00,Cluster-Alpha,21.822946828237544,36.5603341695488,400.3156531407878,1.2,0
2026-05-03 19:00:00,Cluster-Beta,79.32169131274473,17.87331272981381,680.311152231597,0.6,0
2026-05-03 20:00:00,Cluster-Beta,36.07992241809922,42.35133293033834,481.22187344572814,0.6,0
2026-05-03 21:00:00,Cluster-Delta,72.97094215718292,9.2089681781586,993.8353717402523,0.15,0
2026-05-03 22:00:00,Cluster-Beta,44.06102339949665,35.25744375096188,731.6131144328424,1.2,0
2026-05-03 23:00:00,Cluster-Gamma,58.78745796983822,29.10318251279215,952.9663874299813,0.3,0
2026-05-04 00:00:00,Cluster-Beta,82.4328949193302,18.60816213468133,836.6198539863739,0.3,0
2026-05-04 01:00:00,Cluster-Beta,79.78739754350123,39.448309859849005,903.8720010517374,0.15,0
2026-05-04 02:00:00,Cluster-Beta,85.57735606919212,56.02268272509752,816.2750052425282,0.15,1
2026-05-04 03:00:00,Cluster-Alpha,10.544411257053289,63.932091385310756,464.5675390721523,1.2,0
2026-05-04 04:00:00,Cluster-Alpha,69.36070143269627,39.68129166209232,259.27056881341554,0.15,0
2026-05-04 05:00:00,Cluster-Gamma,18.018826035123947,27.09176420840855,376.616973696017,0.15,0
2026-05-04 06:00:00,Cluster-Gamma,43.67112682571222,15.9628402134045,30.033870313550942,0.15,0
2026-05-04 07:00:00,Cluster-Alpha,56.01872260008603,17.939957542496927,528.7532357900205,1.2,0
2026-05-04 08:00:00,Cluster-Gamma,42.45477208145526,31.72620864528547,510.0072222677046,0.15,0
2026-05-04 09:00:00,Cluster-Alpha,53.3238858496797,24.771217479403973,529.9979601821833,0.6,0
2026-05-04 10:00:00,Cluster-Delta,97.67694671827158,58.656500402746545,974.2909127223433,1.2,1
2026-05-04 11:00:00,Cluster-Beta,17.57521017529549,24.83431899465399,912.3394634202909,0.6,0
2026-05-04 12:00:00,Cluster-Beta,67.81741221628758,25.153564651017,170.09565054680692,1.2,0
2026-05-04 13:00:00,Cluster-Gamma,41.82808987386222,25.77913977090657,375.1936963403303,0.6,0
2026-05-04 14:00:00,Cluster-Alpha,17.369911298381577,53.8704530427948,429.7166176686293,1.2,0
2026-05-04 15:00:00,Cluster-Alpha,19.762518993810787,42.34887589250791,366.9275886731313,0.3,0
2026-05-04 16:00:00,Cluster-Gamma,93.28239888084236,40.078468719771344,800.5110039678739,0.15,0
2026-05-04 17:00:00,Cluster-Alpha,86.80293919419387,22.716867387799454,528.7972931689111,0.15,0
2026-05-04 18:00:00,Cluster-Delta,89.35490231859703,52.710058963611246,576.3788188019088,1.2,1
2026-05-04 19:00:00,Cluster-Beta,97.21254815194695,4.378559404053471,854.4834233980463,0.6,0
2026-05-04 20:00:00,Cluster-Gamma,24.37333127079217,55.98942468496301,807.868871881205,0.3,0
2026-05-04 21:00:00,Cluster-Gamma,38.05585837485774,33.79049378722364,140.8894075920967,0.6,0
2026-05-04 22:00:00,Cluster-Alpha,67.23736978301261,26.691514561531594,716.7754382427979,0.15,0
2026-05-04 23:00:00,Cluster-Gamma,49.9936362070402,32.82437140449651,441.0817676130152,0.15,0
2026-05-05 00:00:00,Cluster-Delta,43.91022660418502,43.37976289309753,301.70241403187543,0.6,0
2026-05-05 01:00:00,Cluster-Alpha,38.27644618821015,2.7914564441096363,59.518632693164484,1.2,0
2026-05-05 02:00:00,Cluster-Alpha,60.22159877074105,56.03621510041136,492.37706474199643,1.2,0
2026-05-05 03:00:00,Cluster-Alpha,58.53018886352763,29.697850569306354,361.88231391728607,0.6,0
2026-05-05 04:00:00,Cluster-Alpha,20.015578567974327,23.26392422140485,258.9979092796368,0.15,0
2026-05-05 05:00:00,Cluster-Delta,48.871804889214836,10.57122506931154,697.7250123009879,0.6,0
2026-05-05 06:00:00,Cluster-Alpha,56.47287518751604,29.246853210223414,771.7905334424312,0.15,0
2026-05-05 07:00:00,Cluster-Gamma,58.036685302019315,32.77201181963149,252.34162383913056,0.6,0
2026-05-05 08:00:00,Cluster-Delta,24.539968940848716,27.026095058595622,58.95296231255379,1.2,0
2026-05-05 09:00:00,Cluster-Beta,74.03123947946267,44.07692581726762,850.2651735595826,0.3,0
2026-05-05 10:00:00,Cluster-Beta,7.343515818359476,28.095584783072013,19.860143792260285,0.15,0
2026-05-05 11:00:00,Cluster-Gamma,37.999362565514126,61.60788982648754,937.7413689822573,0.3,0
2026-05-05 12:00:00,Cluster-Gamma,77.55977631381391,39.155206105062696,631.3436752428788,1.2,0
2026-05-05 13:00:00,Cluster-Delta,57.44204165815242,52.06363201041835,328.6281688493071,0.6,0
2026-05-05 14:00:00,Cluster-Beta,29.288106223510002,8.780065992787689,254.01313048096884,1.2,0
2026-05-05 15:00:00,Cluster-Beta,69.63064009890344,26.632060162646155,18.91560762183049,0.3,0
2026-05-05 16:00:00,Cluster-Beta,57.76735780651482,22.884557489723466,243.11670284076837,1.2,0
2026-05-05 17:00:00,Cluster-Beta,79.050655679444,37.30790806446869,146.3510185019697,1.2,0
2026-05-05 18:00:00,Cluster-Beta,73.35734231565357,55.389038243808386,616.0445585159142,0.6,0
2026-05-05 19:00:00,Cluster-Alpha,61.74003674936982,6.856969501244413,174.88013270786328,0.3,0
2026-05-05 20:00:00,Cluster-Gamma,50.400523803905706,6.499637478772069,533.3435391612531,0.3,0
2026-05-05 21:00:00,Cluster-Alpha,17.385937687079675,54.71969790577113,594.2152581210261,0.3,0
2026-05-05 22:00:00,Cluster-Beta,29.30397066334069,15.19670533437816,305.06128136344535,0.15,0
2026-05-05 23:00:00,Cluster-Delta,43.97625098128893,43.46270177588845,44.71429952853152,1.2,0
