timestamp,server_id,region,server_type,os_type,cpu_usage_pct,memory_usage_pct,disk_io_pct,network_in_mbps,network_out_mbps,temperature_celsius,error_count,response_time_ms,uptime_hours,is_idle,system_crash
2024-01-01 00:00:00,SRV-0069,us-east-1,web,Linux,54.93,25.66,10.25,206.94,104.62,62.53,4,351.08,460.27,0,0
2024-01-01 00:30:00,SRV-0270,eu-central-1,web,RHEL,42.23,44.51,5.93,304.61,207.35,49.76,3,266.82,8400.94,0,0
2024-01-01 01:00:00,SRV-0225,us-east-1,cache,Linux,57.95,52.56,9.39,115.36,92.47,64.97,2,232.04,1473.18,0,0
2024-01-01 01:30:00,SRV-0005,us-west-2,compute,Linux,75.46,93.98,4.93,209.07,229.93,59.54,6,496.76,5855.7,0,0
2024-01-01 02:00:00,SRV-0243,sa-east-1,database,RHEL,40.32,70.02,58.05,22.63,13.43,46.87,2,266.76,7997.01,0,0
2024-01-01 02:30:00,SRV-0118,us-west-2,web,Linux,40.32,35.96,12.65,64.22,26.99,60.22,2,208.95,6112.83,0,0
2024-01-01 03:00:00,SRV-0172,sa-east-1,database,Windows Server,76.58,68.75,7.04,74.03,54.81,67.9,3,284.42,1910.9,0,0
2024-01-01 03:30:00,SRV-0143,eu-central-1,storage,Ubuntu,60.35,32.15,14.87,107.4,104.4,59.2,3,331.07,2767.06,0,0
2024-01-01 04:00:00,SRV-0257,ap-southeast-1,web,Windows Server,35.61,79.49,9.66,396.92,158.32,60.6,2,203.58,265.57,0,0
2024-01-01 04:30:00,SRV-0078,eu-central-1,web,RHEL,96.23,92.61,34.11,311.07,212.22,94.53,5,576.87,5368.15,0,1
2024-01-01 05:00:00,SRV-0057,ap-southeast-1,web,Windows Server,35.73,58.31,88.7,21.67,6.85,58.65,1,160.74,5370.21,0,0
2024-01-01 05:30:00,SRV-0020,sa-east-1,database,Ubuntu,35.69,83.86,14.41,28.45,9.4,53.44,1,161.04,6355.66,0,0
2024-01-01 06:00:00,SRV-0014,ap-southeast-1,cache,Windows Server,49.84,36.83,49.34,66.39,48.77,73.33,3,497.7,97.32,0,0
2024-01-01 06:30:00,SRV-0206,sa-east-1,compute,Linux,6.73,34.85,20.86,51.53,29.29,39.67,0,405.08,7164.47,0,0
2024-01-01 07:00:00,SRV-0237,ap-southeast-1,web,RHEL,10.5,49.5,4.28,143.09,151.76,52.92,3,84.32,6471.37,0,0
2024-01-01 07:30:00,SRV-0181,sa-east-1,compute,Linux,94.51,84.85,29.33,349.61,294.35,91.9,4,459.42,1235.03,0,1
2024-01-01 08:00:00,SRV-0291,ap-southeast-1,compute,Linux,24.74,32.65,18.01,491.68,348.38,41.62,4,149.27,3045.86,0,0
2024-01-01 08:30:00,SRV-0189,sa-east-1,compute,RHEL,51.28,9.02,26.29,159.03,106.09,62.93,2,324.72,5593.84,0,0
2024-01-01 09:00:00,SRV-0147,us-west-2,database,RHEL,26.84,51.88,55.11,273.17,204.2,52.31,1,333.57,4343.68,0,0
2024-01-01 09:30:00,SRV-0042,us-east-1,compute,CentOS,16.75,69.93,14.51,111.73,37.59,41.44,1,110.89,1009.11,0,0
2024-01-01 10:00:00,SRV-0001,us-west-2,storage,Ubuntu,74.31,81.6,57.86,35.04,38.67,65.11,4,300.22,766.06,0,0
2024-01-01 10:30:00,SRV-0104,eu-central-1,database,Linux,40.48,51.66,34.72,111.57,133.71,56.07,3,173.89,6845.78,0,0
2024-01-01 11:00:00,SRV-0255,ap-southeast-1,database,Linux,92.09,93.77,16.77,121.48,56.29,92.66,5,330.76,1367.12,0,1
2024-01-01 11:30:00,SRV-0209,sa-east-1,storage,RHEL,16.51,80.77,23.11,203.49,83.09,34.25,2,102.52,1508.36,0,0
2024-01-01 12:00:00,SRV-0218,us-west-2,cache,RHEL,34.11,26.34,9.85,37.25,15.99,58.91,5,313.62,7279.06,0,0
2024-01-01 12:30:00,SRV-0078,us-west-2,cache,Windows Server,47.22,53.01,100.0,68.9,61.66,56.41,2,227.08,5362.73,0,0
2024-01-01 13:00:00,SRV-0051,sa-east-1,web,Linux,21.98,63.43,27.52,67.89,60.78,42.13,1,183.91,5297.7,0,0
2024-01-01 13:30:00,SRV-0288,ap-southeast-1,cache,Linux,52.51,68.09,1.12,480.74,511.09,65.71,4,362.59,4199.59,0,0
2024-01-01 14:00:00,SRV-0100,eu-central-1,web,RHEL,32.99,50.82,9.89,88.03,85.98,53.08,2,217.27,4984.83,0,0
2024-01-01 14:30:00,SRV-0212,eu-central-1,compute,Linux,39.17,60.62,24.41,211.03,148.72,61.75,4,223.57,5271.9,0,0
2024-01-01 15:00:00,SRV-0237,eu-central-1,web,Ubuntu,88.33,87.73,1.45,208.43,177.49,91.07,5,316.15,8478.19,0,1
2024-01-01 15:30:00,SRV-0295,sa-east-1,cache,CentOS,82.05,48.15,0.6,46.29,42.57,72.81,5,380.08,1954.02,0,0
2024-01-01 16:00:00,SRV-0157,us-west-2,web,RHEL,44.73,68.16,14.95,127.25,96.9,57.13,3,197.51,1880.35,0,0
2024-01-01 16:30:00,SRV-0298,eu-central-1,database,RHEL,23.85,42.32,10.11,337.08,245.42,51.95,3,266.2,502.18,0,0
2024-01-01 17:00:00,SRV-0014,us-west-2,cache,Linux,61.45,61.06,14.42,96.71,85.16,62.51,3,264.16,5766.16,0,0
2024-01-01 17:30:00,SRV-0116,eu-central-1,web,CentOS,20.58,68.04,7.62,435.38,349.06,43.97,3,223.89,4810.06,0,0
2024-01-01 18:00:00,SRV-0139,eu-central-1,cache,CentOS,49.18,53.83,4.5,36.21,31.85,62.72,3,301.44,975.34,0,0
2024-01-01 18:30:00,SRV-0075,ap-southeast-1,storage,RHEL,86.97,84.43,29.21,11.56,9.84,82.71,4,406.78,3194.0,0,1
2024-01-01 19:00:00,SRV-0024,sa-east-1,cache,RHEL,18.44,42.67,18.07,333.09,315.53,47.54,3,136.36,1565.91,0,0
2024-01-01 19:30:00,SRV-0177,ap-southeast-1,storage,RHEL,87.39,90.36,5.58,282.27,247.98,81.4,7,343.25,2904.45,0,0
2024-01-01 20:00:00,SRV-0055,us-west-2,web,Ubuntu,93.23,90.72,9.63,735.74,564.87,82.37,5,528.51,8333.12,0,1
2024-01-01 20:30:00,SRV-0213,us-west-2,storage,Linux,48.43,62.83,22.4,170.63,155.89,59.45,3,196.57,5986.19,0,0
2024-01-01 21:00:00,SRV-0163,sa-east-1,cache,Ubuntu,42.69,49.44,1.87,413.95,291.64,54.08,4,198.09,67.3,0,0
2024-01-01 21:30:00,SRV-0300,eu-central-1,database,RHEL,38.98,64.04,3.99,263.13,136.17,57.74,2,261.14,2212.72,0,0
2024-01-01 22:00:00,SRV-0164,sa-east-1,storage,CentOS,96.08,90.46,1.9,279.1,84.08,89.93,4,508.11,91.76,0,1
2024-01-01 22:30:00,SRV-0089,eu-central-1,cache,Linux,30.6,23.1,41.83,126.3,101.54,56.75,3,186.18,6262.53,0,0
2024-01-01 23:00:00,SRV-0015,us-east-1,database,Linux,35.79,80.86,34.9,72.28,60.11,51.42,1,263.33,4112.67,0,0
2024-01-01 23:30:00,SRV-0122,us-east-1,compute,RHEL,66.14,53.95,34.99,408.99,480.5,64.17,4,329.88,8707.61,0,0
2024-01-02 00:00:00,SRV-0178,sa-east-1,storage,RHEL,51.87,67.66,31.5,84.88,53.08,64.71,2,212.29,6426.46,0,0
2024-01-02 00:30:00,SRV-0269,us-east-1,storage,RHEL,9.74,81.55,27.67,116.09,76.01,45.16,0,176.44,4537.4,0,0
2024-01-02 01:00:00,SRV-0105,us-east-1,web,RHEL,51.48,35.31,16.2,88.62,42.68,56.06,2,372.59,7049.41,0,0
2024-01-02 01:30:00,SRV-0159,us-west-2,compute,RHEL,37.3,47.23,25.7,124.8,45.36,61.45,7,650.49,6174.38,0,0
2024-01-02 02:00:00,SRV-0005,eu-central-1,web,RHEL,31.46,54.81,0.98,95.37,94.95,44.09,2,147.39,2136.24,0,0
2024-01-02 02:30:00,SRV-0141,us-east-1,web,Linux,92.09,89.95,24.29,7.37,3.87,89.4,5,434.18,4645.53,0,1
2024-01-02 03:00:00,SRV-0169,ap-southeast-1,cache,Ubuntu,65.62,91.23,37.61,320.62,271.89,59.92,3,300.4,4870.99,0,0
2024-01-02 03:30:00,SRV-0017,us-west-2,web,CentOS,63.63,44.58,17.35,88.15,81.01,74.88,4,241.86,3953.34,0,0
2024-01-02 04:00:00,SRV-0032,eu-central-1,storage,RHEL,28.22,50.0,11.06,133.35,96.56,43.56,3,229.93,1570.55,0,0
2024-01-02 04:30:00,SRV-0005,us-west-2,web,CentOS,38.82,63.68,8.12,22.48,24.48,61.29,3,179.51,1957.49,0,0
2024-01-02 05:00:00,SRV-0137,ap-southeast-1,database,Linux,51.63,38.36,25.74,0.51,0.36,60.24,4,252.45,2462.69,0,0
2024-01-02 05:30:00,SRV-0107,eu-central-1,storage,CentOS,96.72,93.48,29.51,42.21,23.49,80.83,4,370.44,90.82,0,1
2024-01-02 06:00:00,SRV-0162,sa-east-1,cache,Linux,35.42,65.71,51.19,182.91,202.37,55.09,1,201.06,8032.51,0,0
2024-01-02 06:30:00,SRV-0257,sa-east-1,web,Windows Server,95.79,99.94,10.48,15.67,16.85,80.18,4,405.24,6010.51,0,0
2024-01-02 07:00:00,SRV-0168,us-west-2,database,Ubuntu,22.87,58.32,36.72,359.35,160.86,44.63,1,163.13,6041.36,0,0
2024-01-02 07:30:00,SRV-0288,sa-east-1,database,Windows Server,21.08,50.47,20.6,36.32,11.74,44.35,2,193.69,5014.04,0,0
2024-01-02 08:00:00,SRV-0245,eu-central-1,storage,Linux,89.24,95.7,53.6,34.34,13.08,87.98,5,344.98,6038.67,0,0
2024-01-02 08:30:00,SRV-0113,ap-southeast-1,web,Windows Server,72.12,65.79,18.76,30.04,16.76,60.31,4,367.26,8601.13,0,0
2024-01-02 09:00:00,SRV-0178,ap-southeast-1,database,Linux,43.56,91.59,18.23,2.11,2.48,54.5,4,372.93,3374.62,0,1
2024-01-02 09:30:00,SRV-0190,sa-east-1,web,Windows Server,89.87,88.21,21.56,221.63,177.9,91.96,5,344.98,6242.01,0,1
2024-01-02 10:00:00,SRV-0011,us-east-1,storage,Linux,52.23,64.05,34.59,311.96,198.38,56.05,2,277.6,3150.11,0,0
2024-01-02 10:30:00,SRV-0023,us-east-1,compute,Ubuntu,32.1,72.47,83.59,142.85,157.11,58.58,2,250.9,7483.72,0,0
2024-01-02 11:00:00,SRV-0119,us-east-1,database,Ubuntu,89.42,87.6,1.91,31.28,22.14,91.18,4,401.42,7516.47,0,0
2024-01-02 11:30:00,SRV-0282,sa-east-1,cache,Ubuntu,75.76,90.65,1.37,50.38,29.41,72.85,4,322.8,7903.95,0,1
2024-01-02 12:00:00,SRV-0069,sa-east-1,web,Linux,44.28,63.64,69.33,96.92,111.18,60.99,3,285.63,48.85,0,0
2024-01-02 12:30:00,SRV-0134,sa-east-1,storage,CentOS,76.29,89.37,18.87,463.0,492.89,76.16,3,281.74,2612.86,0,0
2024-01-02 13:00:00,SRV-0253,eu-central-1,storage,Windows Server,0.0,46.81,23.86,42.62,45.15,39.0,1,96.19,1174.04,0,0
2024-01-02 13:30:00,SRV-0051,us-east-1,cache,Windows Server,96.22,92.36,16.46,197.32,150.17,92.47,6,414.71,3977.47,0,1
2024-01-02 14:00:00,SRV-0043,us-west-2,compute,Windows Server,46.74,73.95,2.46,86.83,87.74,55.75,4,192.31,4340.64,0,0
2024-01-02 14:30:00,SRV-0141,eu-central-1,web,Windows Server,39.02,69.95,36.54,53.04,24.47,56.78,2,237.92,2242.46,0,0
2024-01-02 15:00:00,SRV-0025,eu-central-1,compute,Ubuntu,46.84,64.21,34.38,91.3,74.49,59.96,4,296.71,6337.67,0,0
2024-01-02 15:30:00,SRV-0270,sa-east-1,storage,CentOS,5.25,55.53,9.34,11.08,13.14,36.49,2,208.13,2363.91,0,0
2024-01-02 16:00:00,SRV-0104,sa-east-1,database,Windows Server,40.61,81.61,9.14,240.43,135.09,54.81,4,183.85,7480.23,0,0
2024-01-02 16:30:00,SRV-0295,eu-central-1,compute,CentOS,52.14,62.53,45.48,41.82,42.44,61.66,2,672.76,1557.12,0,0
2024-01-02 17:00:00,SRV-0153,sa-east-1,database,Linux,74.56,24.59,1.88,193.87,143.74,67.66,6,366.86,3217.61,0,0
2024-01-02 17:30:00,SRV-0161,us-east-1,cache,Linux,34.63,39.89,53.24,10.62,3.57,66.06,1,199.03,5451.18,0,0
2024-01-02 18:00:00,SRV-0283,eu-central-1,storage,Windows Server,28.83,56.65,7.42,465.49,459.31,47.34,2,165.14,5303.13,0,0
2024-01-02 18:30:00,SRV-0045,eu-central-1,database,RHEL,34.96,65.58,22.47,32.17,14.53,59.88,1,239.97,684.46,0,0
2024-01-02 19:00:00,SRV-0287,eu-central-1,web,Ubuntu,63.31,58.98,68.72,321.51,279.17,69.61,3,453.39,7413.38,0,0
2024-01-02 19:30:00,SRV-0166,sa-east-1,storage,Windows Server,51.58,81.94,28.34,248.69,93.78,60.56,3,278.24,5239.45,0,0
2024-01-02 20:00:00,SRV-0207,eu-central-1,cache,Ubuntu,34.4,24.88,13.38,515.65,594.12,49.44,1,261.53,7620.1,0,0
2024-01-02 20:30:00,SRV-0108,us-west-2,web,Windows Server,95.28,96.84,29.24,97.48,54.84,83.61,6,380.1,7600.62,0,1
2024-01-02 21:00:00,SRV-0065,us-west-2,storage,Ubuntu,46.94,27.28,10.54,194.96,98.22,56.19,4,239.95,4782.7,0,0
2024-01-02 21:30:00,SRV-0267,us-east-1,compute,RHEL,64.37,73.67,8.12,69.47,28.92,56.82,3,276.83,7978.53,0,0
2024-01-02 22:00:00,SRV-0185,eu-central-1,storage,RHEL,30.96,58.3,100.0,30.57,35.2,47.37,2,265.17,7432.2,0,0
2024-01-02 22:30:00,SRV-0224,eu-central-1,web,Linux,38.45,67.55,34.74,87.8,82.59,47.97,2,209.84,8393.2,0,0
2024-01-02 23:00:00,SRV-0153,sa-east-1,database,Windows Server,37.16,44.45,25.87,27.18,26.3,61.59,2,182.63,7450.52,0,0
2024-01-02 23:30:00,SRV-0289,ap-southeast-1,database,RHEL,15.73,83.03,10.97,602.98,451.91,49.38,1,143.3,7193.92,0,0
2024-01-03 00:00:00,SRV-0285,ap-southeast-1,storage,RHEL,50.92,78.75,1.26,15.18,11.04,64.3,3,395.06,4112.13,0,0
2024-01-03 00:30:00,SRV-0186,eu-central-1,storage,Windows Server,50.22,70.5,0.79,133.45,53.25,63.03,2,334.7,1858.18,0,0
2024-01-03 01:00:00,SRV-0226,us-east-1,cache,Windows Server,45.1,57.67,20.2,147.71,118.74,58.88,2,226.05,7977.9,0,0
2024-01-03 01:30:00,SRV-0200,us-west-2,compute,Linux,40.31,70.44,35.89,115.85,60.5,63.43,3,408.24,6329.81,0,0
2024-01-03 02:00:00,SRV-0011,eu-central-1,cache,RHEL,16.69,47.28,19.27,162.79,192.0,43.62,3,107.86,2468.83,0,0
2024-01-03 02:30:00,SRV-0277,eu-central-1,cache,Ubuntu,36.59,75.4,45.94,18.53,18.84,55.17,4,164.86,2987.78,0,0
2024-01-03 03:00:00,SRV-0003,us-east-1,database,Windows Server,38.15,89.69,0.85,121.46,81.58,58.99,4,178.07,6010.36,0,1
2024-01-03 03:30:00,SRV-0278,us-east-1,database,Windows Server,28.95,79.27,11.42,50.79,22.15,44.98,1,149.24,4186.2,0,0
2024-01-03 04:00:00,SRV-0062,ap-southeast-1,web,Windows Server,41.77,46.87,6.76,422.45,425.32,72.19,3,184.52,714.71,0,0
2024-01-03 04:30:00,SRV-0005,eu-central-1,cache,Windows Server,53.08,66.51,14.82,215.37,88.27,61.38,2,317.52,1239.94,0,0
2024-01-03 05:00:00,SRV-0009,eu-central-1,web,RHEL,82.72,36.72,1.88,539.11,253.6,73.8,5,390.01,6532.14,0,0
2024-01-03 05:30:00,SRV-0058,sa-east-1,storage,Ubuntu,48.49,70.3,77.05,5.74,2.82,65.68,2,299.78,2878.94,0,0
2024-01-03 06:00:00,SRV-0280,us-west-2,web,Linux,50.15,68.11,6.32,50.35,40.34,64.64,3,317.05,4447.5,0,0
2024-01-03 06:30:00,SRV-0238,sa-east-1,database,CentOS,43.51,26.34,63.88,32.62,32.89,57.59,4,321.95,6715.84,0,0
2024-01-03 07:00:00,SRV-0127,sa-east-1,cache,RHEL,6.62,39.09,13.87,1.68,0.98,43.3,1,93.09,6580.55,0,0
2024-01-03 07:30:00,SRV-0237,us-west-2,database,RHEL,44.47,54.9,100.0,41.63,15.66,50.27,4,280.78,1463.88,0,0
2024-01-03 08:00:00,SRV-0219,eu-central-1,storage,CentOS,46.2,54.58,20.19,170.34,122.32,55.7,3,275.38,862.83,0,0
2024-01-03 08:30:00,SRV-0178,ap-southeast-1,compute,CentOS,94.26,38.23,66.78,39.42,38.36,80.29,4,620.43,5178.9,0,1
2024-01-03 09:00:00,SRV-0149,us-west-2,cache,Windows Server,41.15,67.0,0.13,106.7,53.3,58.68,4,199.9,6496.96,0,0
2024-01-03 09:30:00,SRV-0038,us-east-1,database,Ubuntu,51.03,64.53,34.48,328.15,163.39,66.52,4,209.14,1306.44,0,0
2024-01-03 10:00:00,SRV-0118,eu-central-1,compute,RHEL,44.31,56.5,58.34,177.51,204.58,57.12,3,288.9,3258.96,0,0
2024-01-03 10:30:00,SRV-0097,us-west-2,storage,RHEL,90.5,84.31,3.76,75.29,87.24,80.31,5,456.27,7623.76,0,1
2024-01-03 11:00:00,SRV-0017,us-west-2,compute,Linux,67.86,78.88,2.53,69.89,83.27,72.43,5,286.86,8271.45,0,0
2024-01-03 11:30:00,SRV-0279,us-west-2,database,CentOS,99.78,93.52,13.82,91.25,93.7,92.97,5,433.94,3978.2,0,1
2024-01-03 12:00:00,SRV-0154,ap-southeast-1,database,CentOS,60.82,51.3,67.83,29.23,13.72,68.82,6,238.6,697.48,0,0
2024-01-03 12:30:00,SRV-0094,sa-east-1,storage,RHEL,26.81,48.98,19.54,150.77,73.99,49.91,3,452.44,2258.16,0,0
2024-01-03 13:00:00,SRV-0175,sa-east-1,storage,CentOS,73.06,68.84,18.74,67.92,41.17,74.44,3,280.81,2041.58,0,0
2024-01-03 13:30:00,SRV-0029,us-west-2,compute,Windows Server,87.94,86.72,3.8,286.95,168.25,80.99,5,320.82,2094.08,0,0
2024-01-03 14:00:00,SRV-0034,us-west-2,compute,Linux,56.74,57.49,0.02,211.93,246.02,63.27,2,224.72,4326.91,0,0
2024-01-03 14:30:00,SRV-0010,sa-east-1,database,RHEL,88.81,73.31,41.54,141.44,142.88,68.96,4,372.16,5109.47,0,0
2024-01-03 15:00:00,SRV-0276,ap-southeast-1,storage,Linux,25.19,25.63,2.29,67.93,64.64,47.14,1,135.79,1074.06,0,0
2024-01-03 15:30:00,SRV-0290,eu-central-1,web,Windows Server,33.67,83.73,25.12,35.35,16.52,56.6,1,287.53,7790.87,0,0
2024-01-03 16:00:00,SRV-0101,sa-east-1,storage,Linux,46.99,61.31,61.52,224.52,251.14,50.77,3,420.12,5431.35,0,0
2024-01-03 16:30:00,SRV-0141,us-west-2,cache,CentOS,34.93,52.59,5.85,99.95,104.46,54.82,1,184.93,5232.33,0,0
2024-01-03 17:00:00,SRV-0087,ap-southeast-1,cache,RHEL,13.99,58.39,27.36,38.19,17.08,47.5,1,191.05,8648.58,0,0
2024-01-03 17:30:00,SRV-0128,ap-southeast-1,storage,Linux,46.37,59.32,2.05,32.57,35.31,66.22,4,193.44,5502.91,0,0
2024-01-03 18:00:00,SRV-0206,us-west-2,compute,Ubuntu,23.75,28.84,23.14,27.12,14.78,56.05,2,170.13,8137.75,0,0
2024-01-03 18:30:00,SRV-0089,us-east-1,cache,RHEL,54.47,86.91,4.48,225.2,83.95,66.11,2,248.08,2508.32,0,0
2024-01-03 19:00:00,SRV-0082,ap-southeast-1,database,Linux,26.61,60.74,33.29,39.01,34.76,39.83,3,155.79,2104.29,0,0
2024-01-03 19:30:00,SRV-0212,sa-east-1,database,RHEL,94.63,95.27,8.96,112.19,99.67,92.43,6,437.36,4525.19,0,1
2024-01-03 20:00:00,SRV-0119,us-east-1,database,Linux,29.33,77.13,15.56,90.1,34.73,55.26,2,151.96,4455.91,0,0
2024-01-03 20:30:00,SRV-0136,eu-central-1,storage,Linux,38.56,41.62,22.87,129.99,76.3,56.7,4,362.8,1984.77,0,0
2024-01-03 21:00:00,SRV-0261,sa-east-1,cache,CentOS,61.27,68.52,4.7,314.52,375.4,55.86,3,343.12,6129.28,0,0
2024-01-03 21:30:00,SRV-0276,us-west-2,compute,Linux,20.38,55.18,33.83,303.46,276.32,44.27,1,235.19,260.56,0,0
2024-01-03 22:00:00,SRV-0208,us-east-1,database,Ubuntu,49.55,75.24,9.01,89.97,86.11,53.99,5,472.52,6050.23,0,0
2024-01-03 22:30:00,SRV-0243,sa-east-1,compute,CentOS,71.14,21.71,27.15,2.32,1.14,58.38,4,548.8,4005.42,0,0
2024-01-03 23:00:00,SRV-0100,ap-southeast-1,database,Ubuntu,12.85,58.22,4.31,83.38,30.93,45.13,0,168.77,6036.02,0,0
2024-01-03 23:30:00,SRV-0115,us-west-2,storage,Ubuntu,48.69,49.15,29.13,139.78,76.77,55.49,3,264.47,4179.75,0,0
2024-01-04 00:00:00,SRV-0016,us-east-1,database,Windows Server,86.2,89.51,3.43,122.39,64.13,83.37,5,349.45,8561.47,0,1
2024-01-04 00:30:00,SRV-0004,ap-southeast-1,storage,Ubuntu,60.64,68.46,13.85,158.05,80.78,63.41,5,357.64,2932.51,0,0
2024-01-04 01:00:00,SRV-0266,us-west-2,cache,Linux,91.94,81.21,7.1,25.1,11.88,88.79,4,403.09,8607.36,0,1
2024-01-04 01:30:00,SRV-0048,us-west-2,cache,RHEL,18.59,47.18,34.5,156.0,127.49,39.59,0,375.89,570.11,0,0
2024-01-04 02:00:00,SRV-0223,us-east-1,compute,CentOS,55.44,58.01,7.6,30.25,18.01,59.53,3,243.58,5990.06,0,0
2024-01-04 02:30:00,SRV-0204,us-east-1,database,CentOS,50.94,43.86,53.37,208.26,216.24,60.86,4,239.96,3979.51,0,0
2024-01-04 03:00:00,SRV-0020,us-east-1,cache,CentOS,50.01,75.16,55.6,62.12,28.92,55.46,3,238.02,7202.1,0,0
2024-01-04 03:30:00,SRV-0288,sa-east-1,web,RHEL,51.93,53.35,5.47,185.63,133.31,58.66,3,369.78,6917.25,0,0
2024-01-04 04:00:00,SRV-0194,us-west-2,web,Ubuntu,31.4,7.67,23.79,7.36,2.3,51.47,2,154.63,7010.04,0,0
2024-01-04 04:30:00,SRV-0011,eu-central-1,compute,Windows Server,49.65,53.25,2.3,78.6,57.66,58.69,3,259.75,830.82,0,0
2024-01-04 05:00:00,SRV-0020,ap-southeast-1,cache,Linux,50.86,41.31,12.42,183.13,64.14,69.62,4,258.37,7204.1,0,0
2024-01-04 05:30:00,SRV-0279,us-east-1,storage,CentOS,30.71,30.64,31.23,38.6,45.54,54.18,2,149.73,1875.78,0,0
2024-01-04 06:00:00,SRV-0035,us-west-2,web,Linux,82.32,37.73,26.93,237.92,240.67,75.32,5,349.84,225.93,0,0
2024-01-04 06:30:00,SRV-0266,ap-southeast-1,cache,Ubuntu,54.48,61.97,24.5,149.45,110.76,64.49,2,285.46,1908.17,0,0
2024-01-04 07:00:00,SRV-0232,eu-central-1,storage,Windows Server,21.17,83.92,8.3,132.85,50.21,51.53,5,120.25,4199.06,0,0
2024-01-04 07:30:00,SRV-0038,ap-southeast-1,database,CentOS,58.13,65.64,11.87,65.44,54.52,62.84,2,295.7,6501.15,0,0
2024-01-04 08:00:00,SRV-0083,eu-central-1,cache,Ubuntu,25.51,49.08,2.72,98.8,97.11,48.6,1,446.52,1916.0,0,0
2024-01-04 08:30:00,SRV-0032,us-east-1,database,Windows Server,60.74,68.21,31.74,136.45,64.36,65.13,4,618.14,990.83,0,0
2024-01-04 09:00:00,SRV-0054,sa-east-1,web,CentOS,68.17,51.74,17.52,95.93,77.84,73.05,6,330.38,5659.03,0,0
2024-01-04 09:30:00,SRV-0225,eu-central-1,database,Ubuntu,28.59,47.5,30.84,179.75,185.65,57.07,2,208.14,8618.96,0,0
2024-01-04 10:00:00,SRV-0107,us-east-1,web,Linux,64.27,39.22,7.16,85.29,84.56,64.51,5,276.42,5264.02,0,0
2024-01-04 10:30:00,SRV-0025,ap-southeast-1,compute,RHEL,53.26,28.47,9.81,33.9,34.67,65.14,5,794.61,6053.97,0,0
2024-01-04 11:00:00,SRV-0045,ap-southeast-1,compute,CentOS,61.44,52.98,10.17,36.11,39.41,63.6,3,266.38,4916.27,0,0
2024-01-04 11:30:00,SRV-0118,ap-southeast-1,web,Windows Server,82.94,62.84,0.65,0.87,1.0,73.34,4,359.12,6853.59,0,0
2024-01-04 12:00:00,SRV-0294,sa-east-1,storage,Windows Server,40.09,58.26,10.43,53.71,35.71,53.67,2,170.57,8548.07,0,0
2024-01-04 12:30:00,SRV-0125,us-west-2,compute,RHEL,29.93,52.51,40.65,207.3,168.3,51.06,2,182.74,4767.03,0,0
2024-01-04 13:00:00,SRV-0036,eu-central-1,storage,RHEL,27.21,42.98,56.9,237.1,239.85,57.59,2,139.04,3651.67,0,0
2024-01-04 13:30:00,SRV-0167,us-west-2,storage,Ubuntu,28.68,70.95,18.26,33.93,31.47,51.94,1,272.24,7536.74,0,0
2024-01-04 14:00:00,SRV-0269,ap-southeast-1,storage,RHEL,43.46,36.29,15.2,479.29,573.21,58.06,5,262.7,8494.85,0,0
2024-01-04 14:30:00,SRV-0194,sa-east-1,cache,CentOS,51.82,73.97,0.78,104.69,32.7,53.49,5,290.37,1132.5,0,0
2024-01-04 15:00:00,SRV-0124,us-east-1,cache,RHEL,50.53,41.96,52.84,373.3,231.3,58.67,3,235.36,5065.2,0,0
2024-01-04 15:30:00,SRV-0271,sa-east-1,storage,CentOS,61.54,46.46,0.33,184.02,101.75,63.41,4,403.31,6942.16,0,0
2024-01-04 16:00:00,SRV-0058,us-west-2,web,Linux,45.26,33.6,72.4,192.25,103.06,53.96,4,186.11,4672.52,0,0
2024-01-04 16:30:00,SRV-0059,ap-southeast-1,compute,RHEL,74.07,50.97,16.8,13.33,6.67,69.74,4,312.8,3585.16,0,0
2024-01-04 17:00:00,SRV-0217,eu-central-1,database,Linux,39.71,77.56,10.46,37.27,34.96,53.74,1,276.85,5740.16,0,0
2024-01-04 17:30:00,SRV-0069,sa-east-1,cache,Windows Server,99.4,69.28,64.5,1.33,0.5,80.16,6,586.72,2367.05,0,0
2024-01-04 18:00:00,SRV-0244,us-west-2,cache,RHEL,96.57,82.53,0.62,188.88,182.74,88.83,7,366.44,3059.06,0,1
2024-01-04 18:30:00,SRV-0103,us-west-2,database,Windows Server,27.86,69.4,21.77,63.34,58.53,46.36,1,211.46,8692.35,0,0
2024-01-04 19:00:00,SRV-0005,us-east-1,storage,Linux,23.58,40.13,19.9,231.72,121.82,47.44,1,197.96,5575.8,0,0
2024-01-04 19:30:00,SRV-0299,eu-central-1,database,Windows Server,87.4,93.26,6.19,62.09,32.75,82.52,4,519.48,7646.97,0,0
2024-01-04 20:00:00,SRV-0264,us-west-2,storage,Linux,40.53,45.96,14.0,256.67,222.27,62.13,3,176.78,7076.24,0,0
2024-01-04 20:30:00,SRV-0241,eu-central-1,cache,Ubuntu,59.28,83.95,26.41,21.01,20.71,65.0,2,283.09,5714.26,0,0
2024-01-04 21:00:00,SRV-0222,ap-southeast-1,database,Linux,54.46,38.46,32.47,28.56,31.1,58.48,3,233.54,7364.95,0,0
2024-01-04 21:30:00,SRV-0229,sa-east-1,web,Ubuntu,43.54,76.09,0.02,62.53,66.71,59.41,3,182.81,2516.22,0,0
2024-01-04 22:00:00,SRV-0032,us-west-2,compute,Windows Server,28.06,76.07,69.06,78.76,92.02,59.76,1,150.1,5581.5,0,0
2024-01-04 22:30:00,SRV-0024,ap-southeast-1,compute,Linux,14.7,92.93,4.49,64.32,52.95,50.46,0,469.06,5174.1,0,0
2024-01-04 23:00:00,SRV-0187,us-east-1,compute,Ubuntu,36.07,52.63,6.65,216.36,241.85,57.17,2,182.4,5452.77,0,0
2024-01-04 23:30:00,SRV-0128,eu-central-1,database,Linux,96.89,81.79,7.65,15.3,15.72,88.88,4,614.05,1478.05,0,1
2024-01-05 00:00:00,SRV-0112,ap-southeast-1,storage,CentOS,49.28,100.0,0.96,64.9,71.73,66.91,3,220.82,2429.37,0,0
2024-01-05 00:30:00,SRV-0294,eu-central-1,cache,CentOS,93.67,99.24,3.28,272.32,84.55,87.16,8,598.81,2511.84,0,1
2024-01-05 01:00:00,SRV-0149,eu-central-1,compute,Windows Server,48.46,32.37,100.0,10.37,12.13,62.22,4,301.7,5273.45,0,0
2024-01-05 01:30:00,SRV-0151,us-west-2,database,CentOS,52.71,26.16,9.47,427.99,310.8,66.43,2,220.13,8519.54,0,0
2024-01-05 02:00:00,SRV-0174,eu-central-1,compute,RHEL,91.41,86.4,3.06,643.74,655.56,91.86,4,411.44,8357.68,0,0
2024-01-05 02:30:00,SRV-0197,ap-southeast-1,storage,Ubuntu,48.07,26.1,2.83,13.91,5.77,51.72,2,232.57,1990.95,0,0
2024-01-05 03:00:00,SRV-0255,us-east-1,web,RHEL,88.99,92.58,31.78,51.64,33.9,86.9,4,365.29,2671.14,0,0
2024-01-05 03:30:00,SRV-0168,us-west-2,web,CentOS,22.14,67.87,48.2,69.88,38.04,49.2,1,174.43,316.87,0,0
2024-01-05 04:00:00,SRV-0082,sa-east-1,cache,Windows Server,52.16,63.33,7.42,224.68,126.38,58.14,6,261.41,3494.23,0,0
2024-01-05 04:30:00,SRV-0070,us-east-1,web,RHEL,56.22,67.66,0.53,135.92,55.86,66.62,4,327.74,7311.91,0,0
2024-01-05 05:00:00,SRV-0013,ap-southeast-1,web,Windows Server,66.66,64.0,6.31,155.08,158.98,57.35,3,396.24,8022.07,0,0
2024-01-05 05:30:00,SRV-0119,us-west-2,database,Linux,66.08,83.02,1.45,212.52,65.52,63.76,3,288.15,2072.47,0,0
2024-01-05 06:00:00,SRV-0212,eu-central-1,database,RHEL,17.45,42.86,2.73,18.83,10.95,44.55,0,360.52,2329.09,0,0
2024-01-05 06:30:00,SRV-0102,us-east-1,cache,Linux,26.24,47.81,14.12,268.65,122.77,42.32,1,407.55,1935.42,0,0
2024-01-05 07:00:00,SRV-0277,us-west-2,cache,RHEL,55.3,46.09,6.53,183.43,152.27,69.59,2,220.06,3067.56,0,0
2024-01-05 07:30:00,SRV-0196,sa-east-1,database,Ubuntu,55.28,74.94,18.14,129.18,68.31,55.31,2,217.33,7049.89,0,0
2024-01-05 08:00:00,SRV-0077,sa-east-1,web,Windows Server,55.3,76.21,7.31,330.73,176.31,59.18,2,271.25,5666.82,0,0
2024-01-05 08:30:00,SRV-0205,sa-east-1,storage,Linux,100.0,68.12,70.56,180.75,133.66,84.54,6,439.32,6885.06,0,0
2024-01-05 09:00:00,SRV-0229,us-west-2,web,CentOS,56.42,81.3,59.1,33.79,29.99,65.8,2,251.81,5107.77,0,0
2024-01-05 09:30:00,SRV-0189,us-east-1,web,RHEL,67.71,38.8,20.91,84.25,34.47,61.54,5,283.17,2258.48,0,0
2024-01-05 10:00:00,SRV-0099,eu-central-1,storage,Linux,64.08,90.01,10.94,102.2,46.8,69.04,4,355.66,1998.0,0,1
2024-01-05 10:30:00,SRV-0218,us-east-1,cache,RHEL,58.03,87.42,12.0,8.52,4.45,64.66,2,316.14,79.84,0,0
2024-01-05 11:00:00,SRV-0194,eu-central-1,database,RHEL,38.69,73.24,13.27,463.96,545.79,67.14,1,184.37,6841.62,0,0
2024-01-05 11:30:00,SRV-0043,us-east-1,cache,RHEL,60.18,92.07,32.51,20.64,13.57,66.09,4,446.39,7420.93,0,0
2024-01-05 12:00:00,SRV-0124,us-east-1,cache,Linux,29.54,30.18,15.02,179.33,150.48,51.11,2,252.57,6730.39,0,0
2024-01-05 12:30:00,SRV-0020,us-west-2,cache,Linux,40.26,50.56,48.58,105.85,54.77,51.82,3,215.82,652.69,0,0
2024-01-05 13:00:00,SRV-0168,sa-east-1,database,RHEL,35.29,46.76,72.1,3.89,2.89,50.4,2,270.96,6677.3,0,0
2024-01-05 13:30:00,SRV-0046,sa-east-1,cache,CentOS,46.64,72.99,10.23,388.04,142.3,54.53,3,201.86,401.88,0,0
2024-01-05 14:00:00,SRV-0223,sa-east-1,cache,Windows Server,91.29,41.1,20.56,286.42,94.88,83.37,6,387.04,925.89,0,0
2024-01-05 14:30:00,SRV-0079,sa-east-1,compute,RHEL,7.65,73.63,2.5,111.43,80.44,43.15,2,91.47,3859.12,0,0
2024-01-05 15:00:00,SRV-0170,us-east-1,web,CentOS,58.73,84.67,5.59,39.0,25.69,66.32,2,230.41,4171.57,0,0
2024-01-05 15:30:00,SRV-0246,sa-east-1,compute,Windows Server,12.75,72.51,13.34,19.45,8.23,52.67,1,129.54,7149.38,0,0
2024-01-05 16:00:00,SRV-0271,us-east-1,database,RHEL,35.56,65.11,5.77,67.74,62.24,42.43,2,173.02,5952.98,0,0
2024-01-05 16:30:00,SRV-0099,eu-central-1,storage,Windows Server,66.78,42.22,52.3,44.24,52.81,73.11,4,350.72,1343.93,0,0
2024-01-05 17:00:00,SRV-0141,ap-southeast-1,storage,RHEL,46.29,44.76,4.31,105.99,69.54,58.79,3,300.96,1981.82,0,0
2024-01-05 17:30:00,SRV-0109,ap-southeast-1,compute,Linux,23.45,82.49,15.2,509.03,438.83,51.55,2,136.43,2503.23,0,0
2024-01-05 18:00:00,SRV-0137,eu-central-1,compute,RHEL,30.69,74.03,23.27,128.33,149.72,48.14,2,144.57,1084.25,0,0
2024-01-05 18:30:00,SRV-0121,us-east-1,compute,RHEL,58.59,59.3,29.43,331.0,347.01,59.66,3,383.19,2520.48,0,0
2024-01-05 19:00:00,SRV-0099,sa-east-1,web,RHEL,30.39,52.48,12.07,157.85,113.21,54.6,2,141.38,6382.79,0,0
2024-01-05 19:30:00,SRV-0066,us-west-2,database,RHEL,49.33,23.54,50.83,96.72,93.22,71.65,4,240.13,2115.44,0,0
2024-01-05 20:00:00,SRV-0144,us-east-1,cache,CentOS,45.91,40.72,21.0,289.25,120.13,63.38,2,255.97,7317.92,0,0
2024-01-05 20:30:00,SRV-0110,us-east-1,compute,Ubuntu,31.97,94.41,14.47,95.62,72.76,59.11,1,316.63,4113.5,0,1
2024-01-05 21:00:00,SRV-0130,eu-central-1,web,CentOS,87.88,36.95,1.74,304.46,167.8,74.19,5,496.0,2829.59,0,0
2024-01-05 21:30:00,SRV-0257,eu-central-1,storage,CentOS,57.68,63.41,15.62,51.71,23.01,60.07,4,352.11,3613.37,0,0
2024-01-05 22:00:00,SRV-0210,us-west-2,storage,Linux,4.5,78.13,42.97,20.68,14.14,37.89,1,91.89,6215.48,0,0
2024-01-05 22:30:00,SRV-0246,sa-east-1,storage,RHEL,48.73,37.41,23.83,289.98,121.19,57.05,2,323.55,4527.59,0,0
2024-01-05 23:00:00,SRV-0154,ap-southeast-1,compute,CentOS,31.76,63.32,44.62,132.8,123.38,42.44,3,173.6,64.75,0,0
2024-01-05 23:30:00,SRV-0133,sa-east-1,storage,Windows Server,62.05,76.88,17.03,329.86,234.4,61.19,6,260.3,8079.63,0,0
2024-01-06 00:00:00,SRV-0021,sa-east-1,storage,RHEL,29.15,60.22,3.15,416.68,324.19,48.86,4,216.66,579.06,0,0
2024-01-06 00:30:00,SRV-0035,us-east-1,storage,Linux,42.71,100.0,0.34,8.27,3.57,56.21,4,291.7,8222.38,0,0
2024-01-06 01:00:00,SRV-0224,us-west-2,cache,Linux,55.1,29.97,9.03,104.26,44.39,62.7,3,220.75,247.59,0,0
2024-01-06 01:30:00,SRV-0124,us-east-1,storage,Windows Server,62.32,79.06,29.93,70.49,58.16,66.74,3,243.14,6754.01,0,0
2024-01-06 02:00:00,SRV-0240,eu-central-1,web,Linux,20.99,56.89,39.05,147.47,174.97,48.32,2,266.31,4684.22,0,0
2024-01-06 02:30:00,SRV-0300,ap-southeast-1,compute,RHEL,38.31,73.89,8.77,236.68,91.51,52.42,3,361.18,4430.66,0,0
2024-01-06 03:00:00,SRV-0004,us-west-2,cache,Ubuntu,35.5,67.94,17.11,49.4,27.52,44.38,2,249.25,638.47,0,0
2024-01-06 03:30:00,SRV-0123,us-west-2,cache,Ubuntu,31.93,46.8,13.67,122.06,132.13,49.9,3,201.81,2092.17,0,0
2024-01-06 04:00:00,SRV-0042,sa-east-1,compute,CentOS,80.31,64.12,13.21,185.02,67.54,67.26,4,477.56,6811.54,0,0
2024-01-06 04:30:00,SRV-0169,us-east-1,storage,Linux,53.1,26.56,6.58,21.66,23.57,63.57,2,339.8,7807.54,0,0
2024-01-06 05:00:00,SRV-0280,sa-east-1,storage,RHEL,19.78,70.86,3.67,252.36,194.78,52.46,2,196.0,4635.55,0,0
2024-01-06 05:30:00,SRV-0225,sa-east-1,database,Windows Server,63.36,65.37,5.48,139.75,93.28,70.04,4,278.6,3095.93,0,0
2024-01-06 06:00:00,SRV-0185,us-west-2,storage,Windows Server,87.44,71.5,1.42,447.98,259.25,78.76,6,334.39,526.04,0,0
2024-01-06 06:30:00,SRV-0011,ap-southeast-1,web,RHEL,65.65,79.05,5.52,62.22,35.3,65.59,6,301.19,5976.2,0,0
2024-01-06 07:00:00,SRV-0173,eu-central-1,storage,RHEL,14.61,66.62,0.23,17.17,9.88,43.24,0,127.64,2439.91,0,0
2024-01-06 07:30:00,SRV-0096,sa-east-1,compute,Windows Server,35.32,62.67,24.67,105.94,116.14,50.39,1,197.39,482.87,0,0
2024-01-06 08:00:00,SRV-0278,ap-southeast-1,storage,Linux,70.34,44.14,9.51,13.46,12.8,60.6,5,333.51,5833.2,0,0
2024-01-06 08:30:00,SRV-0139,sa-east-1,compute,CentOS,30.85,47.18,90.43,523.63,472.71,57.3,2,161.06,4255.42,0,0
2024-01-06 09:00:00,SRV-0166,ap-southeast-1,cache,CentOS,53.88,81.36,5.38,5.92,6.03,60.68,2,375.71,105.78,0,0
2024-01-06 09:30:00,SRV-0187,us-east-1,database,CentOS,98.31,91.54,10.61,210.06,111.63,81.94,5,360.67,972.58,0,1
2024-01-06 10:00:00,SRV-0086,eu-central-1,cache,RHEL,26.46,55.71,11.07,111.7,95.64,46.45,1,194.97,6125.31,0,0
2024-01-06 10:30:00,SRV-0231,us-west-2,compute,Windows Server,43.81,60.83,0.21,68.98,49.25,53.19,3,318.46,558.7,0,0
2024-01-06 11:00:00,SRV-0138,us-east-1,database,Windows Server,0.0,43.72,45.69,10.22,10.26,40.22,1,116.36,7585.97,0,0
2024-01-06 11:30:00,SRV-0019,sa-east-1,cache,Windows Server,99.96,81.33,0.81,146.0,84.43,84.07,6,394.66,2727.91,0,1
2024-01-06 12:00:00,SRV-0156,sa-east-1,storage,Windows Server,39.95,71.98,70.41,132.0,116.01,54.24,3,234.26,777.63,0,0
2024-01-06 12:30:00,SRV-0095,eu-central-1,storage,Windows Server,20.04,94.94,55.66,49.46,54.11,36.76,3,298.96,6655.71,0,1
2024-01-06 13:00:00,SRV-0017,eu-central-1,database,Ubuntu,77.65,44.19,19.17,361.56,239.33,70.11,4,747.87,4594.46,0,0
2024-01-06 13:30:00,SRV-0280,eu-central-1,cache,RHEL,16.4,53.2,19.61,54.38,19.58,45.78,1,198.93,2686.86,0,0
2024-01-06 14:00:00,SRV-0261,sa-east-1,web,RHEL,36.2,64.17,26.52,89.6,68.49,53.36,1,316.32,3558.02,0,0
2024-01-06 14:30:00,SRV-0160,sa-east-1,web,Ubuntu,47.61,71.64,12.24,117.71,71.97,55.91,3,194.3,188.55,0,0
2024-01-06 15:00:00,SRV-0081,us-west-2,web,CentOS,73.83,56.12,26.05,15.84,14.34,70.62,4,483.81,5805.58,0,0
2024-01-06 15:30:00,SRV-0185,eu-central-1,cache,Linux,16.28,44.29,1.15,403.59,466.53,46.84,1,406.87,3204.81,0,0
2024-01-06 16:00:00,SRV-0213,ap-southeast-1,cache,RHEL,68.26,75.87,1.39,70.39,51.88,67.18,3,340.4,6255.26,0,0
2024-01-06 16:30:00,SRV-0167,us-west-2,cache,RHEL,45.2,72.98,15.28,12.63,9.09,60.15,3,325.78,5503.15,0,0
2024-01-06 17:00:00,SRV-0206,ap-southeast-1,compute,Ubuntu,25.37,43.51,19.94,73.48,65.33,48.0,4,198.01,5705.34,0,0
2024-01-06 17:30:00,SRV-0261,us-east-1,web,RHEL,54.24,84.4,54.69,137.52,54.07,59.26,3,246.44,6945.95,0,0
2024-01-06 18:00:00,SRV-0274,eu-central-1,web,RHEL,48.98,81.06,2.76,108.12,57.11,66.49,2,388.17,5529.31,0,0
2024-01-06 18:30:00,SRV-0236,us-west-2,web,CentOS,33.0,62.42,43.24,177.89,200.5,56.0,1,239.83,3668.62,0,0
2024-01-06 19:00:00,SRV-0243,us-west-2,compute,Ubuntu,46.4,61.43,5.89,8.56,7.73,62.69,2,275.79,3416.38,0,0
2024-01-06 19:30:00,SRV-0220,us-east-1,compute,RHEL,37.29,69.97,12.53,50.22,15.68,61.05,2,269.51,1048.42,0,0
2024-01-06 20:00:00,SRV-0070,us-east-1,cache,Windows Server,47.27,44.49,9.52,256.58,124.23,61.54,5,385.61,6828.14,0,0
2024-01-06 20:30:00,SRV-0213,us-east-1,web,Ubuntu,58.24,60.54,12.78,12.49,11.42,67.94,2,356.37,6667.55,0,0
2024-01-06 21:00:00,SRV-0287,us-west-2,web,CentOS,89.36,89.29,4.08,290.16,286.66,91.1,4,341.79,2158.33,0,1
2024-01-06 21:30:00,SRV-0226,sa-east-1,storage,Linux,20.24,75.78,17.51,14.46,15.27,49.12,1,173.62,7557.23,0,0
2024-01-06 22:00:00,SRV-0269,ap-southeast-1,storage,RHEL,87.66,31.89,40.44,269.78,151.87,74.15,4,705.69,5160.08,0,0
2024-01-06 22:30:00,SRV-0279,ap-southeast-1,storage,Windows Server,5.96,87.06,14.56,67.13,76.39,50.77,1,148.74,4193.82,0,0
2024-01-06 23:00:00,SRV-0249,us-east-1,compute,Windows Server,41.96,54.06,16.86,142.09,113.34,61.42,2,454.35,154.25,0,0
2024-01-06 23:30:00,SRV-0196,sa-east-1,cache,Linux,56.77,56.19,47.22,24.89,23.07,59.55,4,388.16,3353.43,0,0
2024-01-07 00:00:00,SRV-0030,sa-east-1,database,Ubuntu,50.62,48.7,30.61,10.27,8.6,62.11,3,311.53,5612.64,0,0
2024-01-07 00:30:00,SRV-0131,us-east-1,web,CentOS,94.57,94.27,16.86,36.49,14.98,83.6,5,376.68,787.1,0,1
2024-01-07 01:00:00,SRV-0012,eu-central-1,storage,RHEL,40.84,85.53,7.45,20.52,23.94,58.61,2,208.8,4026.35,0,0
2024-01-07 01:30:00,SRV-0016,us-west-2,web,RHEL,35.14,15.22,54.05,56.18,23.07,48.96,1,258.54,8702.51,0,0
2024-01-07 02:00:00,SRV-0117,eu-central-1,web,RHEL,33.21,82.99,21.51,108.35,57.36,55.09,1,206.3,6277.16,0,0
2024-01-07 02:30:00,SRV-0149,sa-east-1,web,Windows Server,61.99,66.08,6.25,133.29,137.59,63.66,4,396.3,4791.04,0,0
2024-01-07 03:00:00,SRV-0109,us-east-1,cache,Ubuntu,86.04,82.16,7.84,234.0,200.48,85.94,4,451.02,4669.84,0,0
2024-01-07 03:30:00,SRV-0236,us-west-2,web,Linux,31.14,40.64,40.63,160.17,168.87,48.83,1,180.84,384.34,0,0
2024-01-07 04:00:00,SRV-0005,ap-southeast-1,cache,Ubuntu,62.99,90.18,1.13,140.76,107.57,62.27,4,360.29,8386.12,0,1
2024-01-07 04:30:00,SRV-0180,sa-east-1,database,CentOS,51.15,42.98,100.0,79.6,50.89,66.33,2,271.67,8130.91,0,0
2024-01-07 05:00:00,SRV-0001,us-west-2,database,CentOS,86.78,99.87,3.49,96.31,108.8,89.66,5,349.39,5978.18,0,1
2024-01-07 05:30:00,SRV-0008,us-west-2,compute,Linux,57.59,80.47,39.75,80.3,26.71,58.15,2,276.05,868.24,0,0
2024-01-07 06:00:00,SRV-0144,eu-central-1,web,Windows Server,28.42,66.09,12.55,276.93,296.46,51.11,1,360.98,1821.42,0,0
2024-01-07 06:30:00,SRV-0143,ap-southeast-1,storage,Linux,33.8,43.12,16.94,39.2,19.91,49.66,3,195.94,1611.86,0,0
2024-01-07 07:00:00,SRV-0275,eu-central-1,compute,CentOS,59.95,63.9,53.14,0.86,0.92,59.55,2,263.72,4551.99,0,0
2024-01-07 07:30:00,SRV-0153,eu-central-1,compute,Windows Server,57.21,41.54,13.31,158.04,67.21,63.41,2,264.98,1821.15,0,0
2024-01-07 08:00:00,SRV-0287,eu-central-1,database,Ubuntu,44.58,79.81,19.28,33.93,27.9,50.31,4,207.9,6095.52,0,0
2024-01-07 08:30:00,SRV-0130,eu-central-1,storage,CentOS,47.35,79.1,1.26,331.25,364.14,53.9,6,270.71,4776.67,0,0
2024-01-07 09:00:00,SRV-0121,sa-east-1,web,Windows Server,70.55,69.58,0.06,293.9,213.42,78.49,3,277.61,155.67,0,0
2024-01-07 09:30:00,SRV-0059,ap-southeast-1,web,Windows Server,33.17,66.51,7.02,11.97,11.64,55.56,2,319.58,6518.2,0,0
2024-01-07 10:00:00,SRV-0217,eu-central-1,database,RHEL,55.94,91.7,28.53,16.87,17.28,58.64,3,243.39,1654.95,0,0
2024-01-07 10:30:00,SRV-0031,sa-east-1,cache,Ubuntu,88.53,95.5,3.23,102.53,98.72,80.47,5,406.73,7226.17,0,0
2024-01-07 11:00:00,SRV-0244,sa-east-1,database,Windows Server,40.65,38.73,3.02,140.94,159.66,59.1,3,185.3,3110.84,0,0
2024-01-07 11:30:00,SRV-0140,us-west-2,storage,Linux,66.98,68.09,13.23,48.22,33.86,71.76,4,634.68,2966.97,0,0
2024-01-07 12:00:00,SRV-0213,us-west-2,cache,Ubuntu,61.51,97.55,26.09,189.24,86.26,63.97,5,295.14,104.51,0,1
2024-01-07 12:30:00,SRV-0029,us-east-1,storage,Ubuntu,61.27,41.73,31.13,135.55,46.5,69.39,3,406.5,8652.52,0,0
2024-01-07 13:00:00,SRV-0164,sa-east-1,web,CentOS,98.77,83.68,4.91,58.92,30.74,86.16,5,492.68,5361.55,0,1
2024-01-07 13:30:00,SRV-0104,us-east-1,cache,Ubuntu,45.42,67.5,2.07,3.85,1.65,52.89,4,311.33,3703.69,0,1
2024-01-07 14:00:00,SRV-0063,sa-east-1,storage,Ubuntu,58.64,59.03,70.5,208.03,166.88,64.27,3,401.57,847.31,0,0
2024-01-07 14:30:00,SRV-0015,eu-central-1,web,RHEL,38.79,42.32,7.55,36.26,16.92,57.17,2,176.97,6124.84,0,0
2024-01-07 15:00:00,SRV-0286,eu-central-1,storage,Ubuntu,51.48,80.19,47.99,269.79,90.39,56.03,5,317.92,2477.44,0,0
2024-01-07 15:30:00,SRV-0179,us-east-1,cache,Windows Server,42.4,100.0,49.78,81.78,27.18,58.26,2,208.09,8657.35,0,1
2024-01-07 16:00:00,SRV-0011,eu-central-1,web,Linux,46.94,63.53,37.02,129.08,135.33,55.66,4,344.94,8326.84,0,0
2024-01-07 16:30:00,SRV-0013,eu-central-1,storage,RHEL,56.9,43.73,4.62,309.47,257.58,61.38,2,535.06,6441.46,0,0
2024-01-07 17:00:00,SRV-0215,us-west-2,compute,RHEL,28.64,32.12,43.12,298.85,185.97,56.58,1,367.67,8506.62,0,0
2024-01-07 17:30:00,SRV-0226,eu-central-1,cache,RHEL,86.85,64.64,36.66,69.67,76.97,79.28,5,322.75,926.25,0,0
2024-01-07 18:00:00,SRV-0063,us-west-2,cache,RHEL,24.88,79.87,22.7,35.15,12.76,44.97,1,170.77,2452.78,0,0
2024-01-07 18:30:00,SRV-0255,ap-southeast-1,cache,CentOS,20.72,68.55,10.28,223.85,264.65,43.0,1,157.46,2219.16,0,0
2024-01-07 19:00:00,SRV-0130,sa-east-1,web,RHEL,68.16,59.96,7.61,85.13,72.76,65.21,4,267.53,631.76,0,0
2024-01-07 19:30:00,SRV-0263,us-west-2,cache,CentOS,60.83,49.39,3.25,31.99,14.88,64.2,4,242.83,8516.73,0,0
2024-01-07 20:00:00,SRV-0171,us-west-2,storage,CentOS,57.48,40.34,17.82,352.18,320.89,59.7,4,271.04,526.31,0,0
2024-01-07 20:30:00,SRV-0190,us-west-2,compute,Ubuntu,57.57,75.03,22.0,33.12,32.69,68.23,2,706.43,7504.74,0,0
2024-01-07 21:00:00,SRV-0284,sa-east-1,storage,Linux,44.76,76.45,11.13,3.92,2.69,59.64,4,268.42,6729.33,0,0
2024-01-07 21:30:00,SRV-0025,sa-east-1,storage,Ubuntu,27.05,32.18,16.13,3.07,3.31,52.85,1,228.39,3293.22,0,0
2024-01-07 22:00:00,SRV-0160,sa-east-1,cache,CentOS,46.52,88.62,11.29,146.05,63.63,52.27,5,253.23,165.73,0,1
2024-01-07 22:30:00,SRV-0217,eu-central-1,compute,Ubuntu,31.46,70.33,25.61,162.56,89.56,58.42,2,252.94,54.39,0,0
2024-01-07 23:00:00,SRV-0176,us-west-2,compute,Windows Server,64.5,85.19,57.88,55.89,21.47,51.7,3,557.38,1787.78,0,0
2024-01-07 23:30:00,SRV-0221,sa-east-1,compute,RHEL,42.06,35.84,4.48,57.85,28.34,60.99,4,265.02,4326.86,0,0
2024-01-08 00:00:00,SRV-0280,ap-southeast-1,compute,RHEL,88.93,95.27,12.01,62.21,32.03,81.77,6,323.51,4011.83,0,0
2024-01-08 00:30:00,SRV-0081,sa-east-1,database,CentOS,38.57,57.32,3.8,170.99,192.51,53.27,1,233.62,5127.58,0,0
2024-01-08 01:00:00,SRV-0125,us-east-1,compute,Ubuntu,53.26,69.05,24.52,8.98,3.33,67.67,3,702.47,6762.59,0,0
2024-01-08 01:30:00,SRV-0170,us-east-1,cache,Windows Server,33.73,92.33,32.63,397.01,271.82,53.17,1,200.18,3306.25,0,1
2024-01-08 02:00:00,SRV-0070,us-west-2,compute,Windows Server,28.56,72.71,67.17,37.75,29.42,51.73,2,225.78,1405.63,0,0
2024-01-08 02:30:00,SRV-0078,us-west-2,storage,Windows Server,49.87,55.63,8.17,1000.0,1108.82,61.65,4,210.9,7008.63,0,0
2024-01-08 03:00:00,SRV-0090,us-west-2,database,CentOS,49.9,41.53,75.0,28.22,33.81,75.89,4,214.92,2915.04,0,0
2024-01-08 03:30:00,SRV-0111,eu-central-1,storage,Ubuntu,34.86,82.14,1.63,221.46,216.6,60.67,1,362.27,2513.8,0,0
2024-01-08 04:00:00,SRV-0164,us-east-1,cache,Windows Server,35.58,42.64,23.1,37.93,44.52,57.74,3,192.45,6695.61,0,0
2024-01-08 04:30:00,SRV-0128,us-east-1,cache,Windows Server,49.64,89.31,1.47,12.65,12.75,55.29,2,235.37,8183.13,0,0
2024-01-08 05:00:00,SRV-0155,us-west-2,compute,Ubuntu,92.75,93.07,56.05,311.84,363.88,82.01,5,377.23,8015.15,0,1
2024-01-08 05:30:00,SRV-0194,us-east-1,cache,Ubuntu,16.85,88.63,18.87,293.58,274.96,42.67,1,440.11,1204.86,0,0
2024-01-08 06:00:00,SRV-0173,us-east-1,database,RHEL,30.63,72.22,27.67,77.52,28.82,56.36,1,150.71,4408.16,0,0
2024-01-08 06:30:00,SRV-0300,eu-central-1,storage,Linux,40.73,57.53,44.53,181.8,120.3,56.99,4,342.99,814.45,0,0
2024-01-08 07:00:00,SRV-0021,ap-southeast-1,cache,Linux,51.22,50.65,4.07,122.15,107.73,54.86,2,245.44,8418.19,0,0
2024-01-08 07:30:00,SRV-0109,us-west-2,cache,Windows Server,74.51,53.86,0.98,287.55,177.03,70.21,5,462.88,1886.18,0,0
2024-01-08 08:00:00,SRV-0129,ap-southeast-1,database,Ubuntu,62.15,67.71,52.77,56.76,31.0,60.61,4,716.28,1730.29,0,0
2024-01-08 08:30:00,SRV-0280,ap-southeast-1,web,RHEL,41.8,61.39,9.46,111.25,91.18,57.48,3,218.28,7786.75,0,0
2024-01-08 09:00:00,SRV-0027,eu-central-1,web,CentOS,44.62,49.31,3.45,99.65,113.61,53.55,2,197.71,8478.4,0,0
2024-01-08 09:30:00,SRV-0092,us-east-1,database,Linux,24.95,57.02,15.8,65.52,21.72,50.12,1,140.44,6111.56,0,0
2024-01-08 10:00:00,SRV-0295,us-west-2,cache,Linux,44.63,61.41,22.8,333.09,330.53,61.6,2,326.08,1060.88,0,0
2024-01-08 10:30:00,SRV-0055,sa-east-1,database,Ubuntu,39.23,21.68,0.79,27.21,25.86,55.43,2,183.34,4256.61,0,0
2024-01-08 11:00:00,SRV-0196,ap-southeast-1,database,CentOS,51.45,68.25,8.04,24.29,28.36,58.63,2,234.53,7153.64,0,0
2024-01-08 11:30:00,SRV-0221,ap-southeast-1,web,Linux,28.46,42.37,0.83,129.03,146.78,52.4,3,158.23,5015.33,0,0
2024-01-08 12:00:00,SRV-0156,eu-central-1,compute,RHEL,55.39,39.24,13.63,160.72,158.47,65.64,3,260.12,1162.4,0,0
2024-01-08 12:30:00,SRV-0101,ap-southeast-1,cache,Linux,75.65,29.63,56.37,32.47,24.95,64.73,5,284.69,1506.56,0,0
2024-01-08 13:00:00,SRV-0236,ap-southeast-1,storage,Ubuntu,42.82,27.71,100.0,74.32,35.96,58.43,3,372.79,7570.02,0,0
2024-01-08 13:30:00,SRV-0285,ap-southeast-1,database,Ubuntu,53.03,35.6,25.34,439.39,347.43,67.8,3,405.82,4617.25,0,0
2024-01-08 14:00:00,SRV-0069,eu-central-1,web,CentOS,58.8,47.24,4.41,42.48,42.0,66.39,2,279.67,6183.42,0,0
2024-01-08 14:30:00,SRV-0267,us-east-1,compute,Linux,36.98,95.16,59.07,165.56,183.12,55.08,4,255.62,3268.65,0,1
2024-01-08 15:00:00,SRV-0138,ap-southeast-1,cache,CentOS,49.48,50.53,18.15,202.15,204.32,62.99,3,301.15,4665.04,0,0
2024-01-08 15:30:00,SRV-0248,us-west-2,database,Linux,45.25,63.2,4.17,89.17,42.42,60.36,3,324.09,8559.45,0,0
2024-01-08 16:00:00,SRV-0103,ap-southeast-1,web,Windows Server,46.95,67.21,63.69,415.95,349.28,62.55,2,264.4,2888.87,0,0
2024-01-08 16:30:00,SRV-0108,ap-southeast-1,database,Linux,88.32,81.58,35.42,200.14,119.88,84.82,4,386.38,5911.47,0,1
2024-01-08 17:00:00,SRV-0200,us-west-2,storage,Ubuntu,45.49,58.61,32.89,91.85,28.32,50.43,3,286.25,1511.98,0,0
2024-01-08 17:30:00,SRV-0215,eu-central-1,cache,Ubuntu,54.96,38.48,30.88,126.36,60.68,67.01,3,336.3,1067.32,0,0
2024-01-08 18:00:00,SRV-0155,sa-east-1,cache,Windows Server,74.02,86.12,5.59,176.95,71.11,62.08,3,314.64,6864.9,0,0
2024-01-08 18:30:00,SRV-0087,us-west-2,cache,Linux,64.19,92.53,5.92,134.54,142.41,67.68,5,282.66,7394.54,0,0
2024-01-08 19:00:00,SRV-0209,sa-east-1,cache,Linux,88.06,29.71,29.14,316.42,168.54,73.47,4,345.62,5854.74,0,0
2024-01-08 19:30:00,SRV-0178,us-east-1,web,Ubuntu,29.65,41.57,6.2,66.22,36.83,46.88,2,218.55,1386.64,0,0
2024-01-08 20:00:00,SRV-0074,us-east-1,storage,Windows Server,62.45,54.96,14.44,53.48,62.24,66.73,4,281.99,2108.31,0,0
2024-01-08 20:30:00,SRV-0258,ap-southeast-1,database,Ubuntu,48.67,42.64,38.08,36.09,23.14,60.47,3,273.72,7981.99,0,1
2024-01-08 21:00:00,SRV-0273,ap-southeast-1,web,Windows Server,97.07,84.05,38.31,5.78,1.78,84.98,5,393.31,2529.76,0,1
2024-01-08 21:30:00,SRV-0024,eu-central-1,compute,Ubuntu,28.83,46.89,15.09,6.59,3.66,48.41,3,317.74,7173.4,0,0
2024-01-08 22:00:00,SRV-0071,sa-east-1,cache,RHEL,28.21,98.97,39.28,306.1,124.69,58.48,1,142.21,2505.52,0,0
2024-01-08 22:30:00,SRV-0083,us-east-1,cache,Linux,33.01,81.43,45.6,170.16,66.79,54.97,1,233.95,8229.75,0,1
2024-01-08 23:00:00,SRV-0292,us-east-1,database,CentOS,2.52,63.83,26.59,162.06,59.92,37.7,2,143.28,8010.69,0,0
2024-01-08 23:30:00,SRV-0010,ap-southeast-1,cache,RHEL,34.48,78.49,6.48,143.04,119.28,57.79,2,201.86,379.94,0,0
2024-01-09 00:00:00,SRV-0043,ap-southeast-1,cache,Ubuntu,93.82,86.41,8.01,283.79,133.5,89.57,6,386.1,6749.06,0,1
2024-01-09 00:30:00,SRV-0051,eu-central-1,database,Windows Server,48.01,49.85,9.45,98.17,61.37,59.38,2,355.03,1485.32,0,0
2024-01-09 01:00:00,SRV-0207,ap-southeast-1,storage,CentOS,51.84,45.31,3.11,306.51,329.75,62.07,4,238.45,1886.56,0,0
2024-01-09 01:30:00,SRV-0107,ap-southeast-1,web,Windows Server,82.52,61.41,7.98,66.81,45.56,70.02,6,502.68,4028.78,0,0
2024-01-09 02:00:00,SRV-0259,eu-central-1,storage,Windows Server,64.01,75.51,5.88,391.99,440.65,61.47,3,468.69,5048.97,0,0
2024-01-09 02:30:00,SRV-0194,ap-southeast-1,database,Linux,33.46,62.5,15.19,179.93,134.61,57.18,1,255.55,2854.68,0,0
2024-01-09 03:00:00,SRV-0235,ap-southeast-1,cache,Ubuntu,99.19,94.7,59.77,44.59,29.39,89.92,6,495.78,5040.78,0,1
2024-01-09 03:30:00,SRV-0163,ap-southeast-1,cache,Linux,54.84,45.55,2.76,124.55,121.48,61.53,2,309.43,1495.8,0,0
2024-01-09 04:00:00,SRV-0069,sa-east-1,storage,Windows Server,18.6,58.67,31.85,114.22,41.79,48.84,2,180.28,196.66,0,0
2024-01-09 04:30:00,SRV-0292,us-east-1,compute,Linux,81.63,58.64,29.06,22.26,8.47,73.98,4,635.04,5004.35,0,0
2024-01-09 05:00:00,SRV-0257,us-west-2,web,RHEL,68.59,95.51,2.52,134.2,119.0,60.29,4,288.99,4533.04,0,1
2024-01-09 05:30:00,SRV-0185,us-east-1,cache,Windows Server,35.62,35.05,63.96,56.7,41.86,60.68,1,173.59,6041.68,0,1
2024-01-09 06:00:00,SRV-0255,sa-east-1,database,Windows Server,10.74,69.1,21.01,8.07,8.16,44.9,2,116.11,5692.79,0,0
2024-01-09 06:30:00,SRV-0116,us-west-2,storage,RHEL,72.08,86.8,11.3,445.38,500.9,67.82,4,361.59,7862.08,0,0
2024-01-09 07:00:00,SRV-0014,us-east-1,web,Windows Server,42.71,100.0,35.32,153.87,99.94,59.24,3,198.61,4025.49,0,0
2024-01-09 07:30:00,SRV-0215,eu-central-1,compute,CentOS,69.76,52.72,7.44,314.24,262.94,69.09,3,498.75,74.31,0,0
2024-01-09 08:00:00,SRV-0093,sa-east-1,cache,CentOS,13.11,68.85,29.56,169.08,126.91,49.08,1,142.27,5524.89,0,0
2024-01-09 08:30:00,SRV-0234,eu-central-1,storage,Ubuntu,33.01,70.26,1.01,66.24,78.39,55.89,3,338.72,5914.48,0,0
2024-01-09 09:00:00,SRV-0180,eu-central-1,cache,Ubuntu,45.1,63.52,45.72,107.83,113.0,61.63,4,213.98,4568.77,0,0
2024-01-09 09:30:00,SRV-0054,us-east-1,storage,Linux,45.94,58.22,14.86,168.93,189.3,65.13,2,225.39,6038.62,0,0
2024-01-09 10:00:00,SRV-0030,us-west-2,compute,Linux,36.0,67.85,25.31,483.78,255.87,58.82,2,164.1,2835.27,0,0
2024-01-09 10:30:00,SRV-0012,ap-southeast-1,database,RHEL,57.46,14.42,6.25,43.89,43.68,62.18,2,252.18,1304.41,0,0
2024-01-09 11:00:00,SRV-0111,ap-southeast-1,database,RHEL,23.65,72.28,28.26,311.89,168.08,43.84,1,188.34,5821.83,0,0
2024-01-09 11:30:00,SRV-0112,sa-east-1,web,Windows Server,42.15,62.27,36.99,386.71,188.66,65.2,2,468.59,2148.59,0,0
2024-01-09 12:00:00,SRV-0169,eu-central-1,cache,Ubuntu,88.68,84.3,16.02,166.49,191.43,85.29,5,365.28,3997.87,0,0
2024-01-09 12:30:00,SRV-0104,sa-east-1,cache,Ubuntu,55.29,96.84,24.04,401.63,127.47,59.75,2,317.96,4307.12,0,0
2024-01-09 13:00:00,SRV-0011,us-east-1,cache,Ubuntu,59.23,47.85,15.24,76.09,88.94,55.01,4,283.51,4180.79,0,0
2024-01-09 13:30:00,SRV-0272,eu-central-1,database,Ubuntu,22.51,52.74,56.13,458.69,199.23,50.7,2,122.31,5242.82,0,0
2024-01-09 14:00:00,SRV-0014,ap-southeast-1,web,Linux,14.32,95.85,17.22,181.99,188.82,46.47,1,162.98,258.99,0,0
2024-01-09 14:30:00,SRV-0175,us-east-1,database,CentOS,70.55,45.02,46.1,6.44,3.53,60.65,6,268.48,8669.63,0,0
2024-01-09 15:00:00,SRV-0158,us-east-1,storage,RHEL,98.6,82.46,40.41,356.07,219.21,84.18,5,560.96,6275.16,0,1
2024-01-09 15:30:00,SRV-0110,sa-east-1,cache,RHEL,30.03,57.35,13.21,99.38,49.2,49.52,5,279.94,3726.97,0,0
2024-01-09 16:00:00,SRV-0152,sa-east-1,storage,Ubuntu,76.02,75.13,6.54,92.52,76.51,83.86,4,325.66,1676.86,0,1
2024-01-09 16:30:00,SRV-0234,us-west-2,compute,Ubuntu,47.31,63.74,13.03,125.37,76.89,56.08,3,294.17,703.27,0,0
2024-01-09 17:00:00,SRV-0141,ap-southeast-1,storage,Linux,68.59,36.73,43.75,24.27,21.64,65.26,7,267.64,5888.72,0,0
2024-01-09 17:30:00,SRV-0119,ap-southeast-1,storage,Linux,46.35,50.42,6.46,95.0,29.84,54.17,2,310.3,2777.21,0,0
2024-01-09 18:00:00,SRV-0009,sa-east-1,storage,RHEL,86.21,49.07,18.58,266.79,95.49,80.88,5,481.65,2011.0,0,0
2024-01-09 18:30:00,SRV-0177,ap-southeast-1,database,Ubuntu,80.11,58.61,41.01,2.34,0.91,70.18,4,462.77,3329.02,0,0
2024-01-09 19:00:00,SRV-0049,ap-southeast-1,storage,Ubuntu,40.02,67.67,10.9,47.81,32.37,52.38,4,203.51,5194.41,0,0
2024-01-09 19:30:00,SRV-0298,us-east-1,cache,RHEL,64.43,67.53,25.7,0.37,0.38,69.31,6,273.91,5884.47,0,0
2024-01-09 20:00:00,SRV-0149,eu-central-1,web,Linux,57.91,28.03,7.05,80.6,88.61,56.26,3,297.41,5652.04,0,0
2024-01-09 20:30:00,SRV-0157,eu-central-1,compute,RHEL,72.37,79.15,2.89,195.47,101.71,72.07,3,610.61,7562.34,0,0
2024-01-09 21:00:00,SRV-0092,us-west-2,cache,Linux,25.7,64.55,39.54,240.5,196.47,59.19,3,380.33,1917.1,0,0
2024-01-09 21:30:00,SRV-0152,eu-central-1,web,Linux,58.72,84.92,2.61,435.58,431.89,66.32,3,270.74,5578.26,0,0
2024-01-09 22:00:00,SRV-0170,ap-southeast-1,cache,Linux,66.17,68.0,7.92,140.67,78.77,69.66,5,399.84,886.66,0,0
2024-01-09 22:30:00,SRV-0084,us-east-1,storage,Ubuntu,9.83,79.82,48.29,44.08,29.45,48.28,2,333.71,4800.36,0,0
2024-01-09 23:00:00,SRV-0048,eu-central-1,compute,RHEL,21.33,68.4,10.63,386.85,298.48,57.08,2,144.24,5115.89,0,0
2024-01-09 23:30:00,SRV-0217,ap-southeast-1,cache,Linux,4.22,84.23,90.34,223.96,94.37,47.74,1,240.02,1895.02,0,0
2024-01-10 00:00:00,SRV-0077,ap-southeast-1,compute,CentOS,39.61,69.4,97.47,128.15,41.44,58.04,2,200.02,3431.84,0,0
2024-01-10 00:30:00,SRV-0043,sa-east-1,database,Linux,59.35,58.24,7.81,178.43,78.07,68.26,4,270.1,7246.38,0,0
2024-01-10 01:00:00,SRV-0264,sa-east-1,database,Linux,75.05,100.0,1.05,387.18,334.59,65.59,5,297.31,1300.91,0,1
2024-01-10 01:30:00,SRV-0063,eu-central-1,storage,Linux,46.48,76.0,30.52,186.92,68.46,62.47,2,260.19,3806.84,0,0
2024-01-10 02:00:00,SRV-0245,sa-east-1,storage,Windows Server,77.57,70.33,14.99,68.92,32.44,66.0,7,468.07,8170.81,0,0
2024-01-10 02:30:00,SRV-0120,ap-southeast-1,database,CentOS,17.4,37.03,2.65,187.26,113.12,45.12,2,177.28,4416.49,0,0
2024-01-10 03:00:00,SRV-0262,ap-southeast-1,cache,Ubuntu,10.93,36.81,30.73,6.17,2.28,28.96,2,95.97,6352.45,0,0
2024-01-10 03:30:00,SRV-0250,sa-east-1,web,RHEL,43.89,65.27,0.79,73.27,34.62,59.56,2,210.67,7243.52,0,0
2024-01-10 04:00:00,SRV-0052,us-east-1,web,RHEL,52.68,62.62,51.04,78.21,87.61,57.85,2,290.79,1785.86,0,0
2024-01-10 04:30:00,SRV-0277,sa-east-1,database,RHEL,44.35,48.95,3.73,27.38,8.69,63.29,3,270.55,1912.36,0,0
2024-01-10 05:00:00,SRV-0142,us-east-1,web,Ubuntu,3.65,62.54,3.4,3.5,3.11,43.41,0,146.97,6645.5,0,0
2024-01-10 05:30:00,SRV-0251,sa-east-1,cache,Linux,43.22,88.6,4.83,21.47,13.87,62.91,4,187.67,6599.21,0,1
2024-01-10 06:00:00,SRV-0225,ap-southeast-1,web,CentOS,18.91,72.52,80.64,159.47,144.38,42.15,0,246.85,528.15,0,0
2024-01-10 06:30:00,SRV-0153,ap-southeast-1,web,RHEL,58.39,39.46,29.54,243.14,201.76,68.55,4,465.34,2825.76,0,0
2024-01-10 07:00:00,SRV-0056,sa-east-1,database,Windows Server,52.33,57.99,40.41,665.99,333.76,71.46,3,278.44,3491.75,0,0
2024-01-10 07:30:00,SRV-0009,us-west-2,compute,Windows Server,98.31,85.05,12.67,63.78,67.77,86.49,4,471.8,7262.56,0,1
2024-01-10 08:00:00,SRV-0241,us-east-1,compute,CentOS,34.72,53.02,10.25,137.21,101.91,57.84,2,399.53,3696.09,0,0
2024-01-10 08:30:00,SRV-0164,us-west-2,cache,RHEL,23.82,52.55,6.68,415.04,431.76,50.37,3,224.34,8111.21,0,0
2024-01-10 09:00:00,SRV-0133,ap-southeast-1,compute,Linux,43.75,51.4,16.38,27.42,18.24,54.88,5,293.43,8730.29,0,0
2024-01-10 09:30:00,SRV-0081,us-east-1,storage,RHEL,64.1,37.41,20.06,189.69,225.01,69.45,6,370.11,6839.38,0,0
2024-01-10 10:00:00,SRV-0135,sa-east-1,database,Linux,25.29,57.7,24.98,210.96,209.58,42.58,1,156.03,5837.88,0,0
2024-01-10 10:30:00,SRV-0134,us-east-1,compute,RHEL,55.08,49.91,7.43,13.98,16.35,59.94,3,302.63,3433.63,0,0
2024-01-10 11:00:00,SRV-0052,us-east-1,web,Windows Server,34.39,7.27,74.23,296.26,226.02,44.9,2,337.81,588.2,0,0
2024-01-10 11:30:00,SRV-0202,eu-central-1,compute,Ubuntu,29.14,96.95,4.65,251.58,182.73,48.14,2,172.55,5021.12,0,0
2024-01-10 12:00:00,SRV-0198,us-east-1,database,CentOS,42.86,79.6,84.28,5.1,4.99,60.35,5,406.05,3169.17,0,0
2024-01-10 12:30:00,SRV-0106,ap-southeast-1,web,Linux,24.3,53.23,0.37,14.33,15.65,52.25,1,219.74,3074.52,0,0
2024-01-10 13:00:00,SRV-0244,us-west-2,web,Ubuntu,33.93,60.34,16.4,7.56,8.82,53.83,1,206.8,6024.65,0,0
2024-01-10 13:30:00,SRV-0233,us-west-2,database,Linux,21.04,38.91,10.14,61.14,36.2,49.27,2,210.73,4062.02,0,0
2024-01-10 14:00:00,SRV-0014,sa-east-1,cache,CentOS,84.29,90.52,14.91,106.78,108.8,64.29,5,354.28,6588.59,0,0
2024-01-10 14:30:00,SRV-0225,eu-central-1,cache,Ubuntu,45.71,94.15,21.14,114.0,55.81,56.42,3,369.15,3488.6,0,1
2024-01-10 15:00:00,SRV-0211,us-west-2,database,Ubuntu,31.01,62.82,14.3,46.73,36.96,49.0,2,208.86,1322.41,0,0
2024-01-10 15:30:00,SRV-0201,us-west-2,database,CentOS,49.28,78.42,13.4,363.88,168.06,56.42,2,429.32,4041.94,0,0
2024-01-10 16:00:00,SRV-0165,us-east-1,database,CentOS,42.75,63.16,32.99,68.89,42.21,60.1,2,249.56,8330.92,0,0
2024-01-10 16:30:00,SRV-0049,ap-southeast-1,web,Linux,40.58,35.94,28.95,6.99,7.96,51.93,2,279.73,7021.55,0,0
2024-01-10 17:00:00,SRV-0133,ap-southeast-1,web,Ubuntu,57.28,52.59,44.78,53.55,23.11,59.89,3,831.28,1803.16,0,0
2024-01-10 17:30:00,SRV-0070,sa-east-1,database,CentOS,60.15,62.37,7.19,113.61,98.74,53.62,3,246.35,3428.4,0,0
2024-01-10 18:00:00,SRV-0119,ap-southeast-1,web,Linux,34.39,51.82,23.51,78.69,65.6,52.29,2,286.63,8127.53,0,0
2024-01-10 18:30:00,SRV-0139,us-west-2,storage,RHEL,33.48,56.06,22.0,48.0,19.62,47.95,1,165.4,1084.48,0,0
2024-01-10 19:00:00,SRV-0243,us-east-1,database,CentOS,39.5,58.35,11.54,21.12,12.53,56.2,2,351.05,2225.35,0,0
2024-01-10 19:30:00,SRV-0181,ap-southeast-1,web,Ubuntu,0.0,58.54,16.64,256.53,206.93,35.24,1,140.75,2297.81,0,0
2024-01-10 20:00:00,SRV-0183,eu-central-1,cache,RHEL,14.7,60.94,9.41,833.77,390.59,46.4,0,372.41,5001.8,0,0
2024-01-10 20:30:00,SRV-0050,eu-central-1,database,CentOS,72.34,40.91,3.82,59.97,61.2,68.21,4,467.97,3598.61,0,0
2024-01-10 21:00:00,SRV-0181,eu-central-1,database,Windows Server,77.9,47.09,6.01,72.1,84.71,79.52,3,291.48,700.59,0,0
2024-01-10 21:30:00,SRV-0125,ap-southeast-1,database,Ubuntu,40.02,36.88,2.79,144.36,71.21,58.49,4,184.83,5512.0,0,0
2024-01-10 22:00:00,SRV-0231,us-east-1,compute,Ubuntu,56.53,77.6,28.73,190.11,89.01,53.41,5,311.52,868.82,0,0
2024-01-10 22:30:00,SRV-0003,ap-southeast-1,database,Linux,51.23,22.1,27.02,74.64,52.96,54.17,3,276.72,5312.59,0,0
2024-01-10 23:00:00,SRV-0173,us-west-2,cache,Windows Server,100.0,80.76,75.2,352.97,343.44,80.28,6,368.46,4441.89,0,1
2024-01-10 23:30:00,SRV-0081,ap-southeast-1,web,CentOS,67.39,84.95,32.7,123.15,68.16,62.31,3,266.03,4325.04,0,0
2024-01-11 00:00:00,SRV-0275,eu-central-1,database,Windows Server,42.44,54.56,1.34,89.78,28.54,42.13,4,260.33,592.2,0,0
2024-01-11 00:30:00,SRV-0219,eu-central-1,storage,CentOS,25.89,13.14,53.91,156.05,122.83,57.1,2,132.68,5599.93,0,0
2024-01-11 01:00:00,SRV-0140,us-east-1,web,Linux,12.87,53.5,49.64,458.02,531.73,48.75,1,295.55,3778.93,0,0
2024-01-11 01:30:00,SRV-0063,sa-east-1,cache,RHEL,49.07,58.84,14.64,237.38,154.81,62.23,3,361.76,3601.88,0,0
2024-01-11 02:00:00,SRV-0027,eu-central-1,compute,Windows Server,29.87,41.81,22.04,6.13,4.15,48.91,2,293.5,5225.32,0,0
2024-01-11 02:30:00,SRV-0196,eu-central-1,cache,Ubuntu,16.55,50.73,93.32,60.59,71.01,48.76,0,101.28,5311.13,0,0
2024-01-11 03:00:00,SRV-0152,sa-east-1,compute,CentOS,32.07,87.54,19.0,95.39,88.25,49.31,2,151.09,132.68,0,0
2024-01-11 03:30:00,SRV-0252,ap-southeast-1,web,Windows Server,23.37,71.97,58.93,56.64,53.66,50.37,2,199.92,1097.85,0,0
2024-01-11 04:00:00,SRV-0248,eu-central-1,compute,CentOS,78.74,43.36,2.17,180.69,145.71,66.89,4,805.19,2072.66,0,0
2024-01-11 04:30:00,SRV-0154,us-east-1,web,Windows Server,85.92,82.55,5.3,262.54,309.05,85.39,6,349.65,5939.4,0,1
2024-01-11 05:00:00,SRV-0210,ap-southeast-1,cache,Ubuntu,44.84,54.11,14.53,197.15,181.37,50.09,3,226.74,5052.68,0,0
2024-01-11 05:30:00,SRV-0022,ap-southeast-1,cache,CentOS,74.6,56.16,21.97,681.09,752.97,76.0,3,288.22,6637.07,0,0
2024-01-11 06:00:00,SRV-0070,eu-central-1,compute,CentOS,46.55,68.93,42.35,47.73,44.36,58.81,2,301.83,6487.98,0,0
2024-01-11 06:30:00,SRV-0019,ap-southeast-1,storage,RHEL,27.77,50.36,100.0,311.9,299.93,48.66,3,237.36,7474.03,0,0
2024-01-11 07:00:00,SRV-0101,ap-southeast-1,cache,Linux,75.46,69.21,12.31,218.26,122.53,71.02,4,287.07,3301.52,0,0
2024-01-11 07:30:00,SRV-0162,us-east-1,compute,Windows Server,95.62,93.02,1.21,67.45,38.66,89.89,5,399.86,3023.41,0,1
2024-01-11 08:00:00,SRV-0139,ap-southeast-1,database,Ubuntu,24.26,74.68,40.38,198.71,199.64,56.54,3,232.75,7279.86,0,0
2024-01-11 08:30:00,SRV-0088,eu-central-1,web,RHEL,41.19,59.13,23.18,16.48,9.35,58.04,3,241.61,2082.15,0,0
2024-01-11 09:00:00,SRV-0037,eu-central-1,database,RHEL,27.49,56.7,5.53,233.62,188.41,46.54,2,244.66,4040.41,0,0
2024-01-11 09:30:00,SRV-0171,sa-east-1,database,Linux,17.34,53.58,17.07,114.0,59.78,47.22,1,271.46,1703.1,0,0
2024-01-11 10:00:00,SRV-0260,us-west-2,database,Ubuntu,63.52,81.25,33.9,51.86,53.69,74.49,5,356.35,8005.33,0,0
2024-01-11 10:30:00,SRV-0271,sa-east-1,compute,Windows Server,96.44,93.32,36.79,159.97,63.9,91.58,4,435.06,3572.95,0,1
2024-01-11 11:00:00,SRV-0255,us-east-1,cache,CentOS,17.03,60.81,17.31,153.92,161.08,51.36,1,293.22,1862.17,0,1
2024-01-11 11:30:00,SRV-0140,us-east-1,database,Linux,56.26,60.92,9.1,35.26,29.71,66.48,2,449.63,6062.35,0,0
2024-01-11 12:00:00,SRV-0068,eu-central-1,compute,CentOS,31.99,50.97,91.0,4.63,2.17,56.29,3,195.21,2143.84,0,0
2024-01-11 12:30:00,SRV-0068,us-west-2,cache,RHEL,35.26,35.3,27.22,85.27,67.18,59.9,2,174.8,8265.15,0,0
2024-01-11 13:00:00,SRV-0169,sa-east-1,web,CentOS,33.15,65.81,13.12,126.43,70.07,50.98,4,319.75,3220.96,0,0
2024-01-11 13:30:00,SRV-0105,us-west-2,cache,Windows Server,27.72,58.9,8.23,313.86,185.53,44.31,2,157.21,5822.59,0,0
2024-01-11 14:00:00,SRV-0058,eu-central-1,cache,Windows Server,45.97,69.0,32.84,395.12,243.54,58.73,2,452.35,3025.0,0,0
2024-01-11 14:30:00,SRV-0187,ap-southeast-1,database,CentOS,93.17,88.58,6.93,112.87,40.29,93.63,5,331.82,7071.66,0,1
2024-01-11 15:00:00,SRV-0056,eu-central-1,compute,CentOS,50.41,81.97,4.71,210.24,249.64,54.89,4,455.4,7857.15,0,0
2024-01-11 15:30:00,SRV-0004,eu-central-1,storage,Linux,44.0,44.22,18.87,86.79,28.5,54.0,2,270.95,6902.38,0,0
2024-01-11 16:00:00,SRV-0285,us-west-2,web,Windows Server,40.22,90.82,8.56,205.61,184.28,68.51,5,319.71,7433.0,0,1
2024-01-11 16:30:00,SRV-0017,us-east-1,compute,CentOS,26.85,28.54,24.78,34.37,21.8,51.42,1,181.38,893.37,0,0
2024-01-11 17:00:00,SRV-0237,ap-southeast-1,database,Ubuntu,33.46,67.83,3.14,69.56,61.31,55.2,1,629.74,8094.88,0,0
2024-01-11 17:30:00,SRV-0250,ap-southeast-1,compute,Linux,60.11,68.56,26.6,150.86,93.63,57.93,4,256.14,5469.25,0,0
2024-01-11 18:00:00,SRV-0024,us-east-1,storage,Linux,55.02,45.68,8.33,2.75,2.49,52.79,4,245.75,7614.48,0,0
2024-01-11 18:30:00,SRV-0300,us-west-2,web,Linux,25.45,67.64,0.01,192.27,183.87,46.08,4,131.63,5995.98,0,0
2024-01-11 19:00:00,SRV-0116,us-west-2,cache,Linux,46.99,83.03,3.39,270.76,249.5,65.99,6,473.09,1768.98,0,0
2024-01-11 19:30:00,SRV-0238,us-east-1,web,CentOS,60.03,20.1,67.81,76.41,30.76,65.68,3,290.97,5340.09,0,0
2024-01-11 20:00:00,SRV-0169,sa-east-1,storage,RHEL,11.61,69.05,50.5,89.12,79.42,47.64,0,197.18,797.6,0,0
2024-01-11 20:30:00,SRV-0288,us-west-2,web,Ubuntu,55.87,15.12,6.65,285.86,157.79,66.04,2,333.9,6094.84,0,0
2024-01-11 21:00:00,SRV-0241,us-east-1,web,RHEL,31.75,42.62,37.67,224.19,73.07,49.74,1,352.79,3583.44,0,0
2024-01-11 21:30:00,SRV-0298,sa-east-1,database,RHEL,56.41,89.32,23.45,50.98,34.33,69.5,3,328.58,1330.03,0,0
2024-01-11 22:00:00,SRV-0290,eu-central-1,cache,CentOS,29.73,49.53,88.43,58.73,40.53,48.73,3,221.76,8578.07,0,0
2024-01-11 22:30:00,SRV-0251,ap-southeast-1,storage,Linux,85.45,80.38,11.69,170.39,122.76,90.35,4,430.25,7893.6,0,0
2024-01-11 23:00:00,SRV-0165,us-east-1,database,Linux,12.45,56.44,28.6,124.24,116.08,47.19,5,226.37,7827.55,0,0
2024-01-11 23:30:00,SRV-0141,us-west-2,web,CentOS,45.96,97.22,1.64,26.55,15.35,49.44,2,208.46,6910.28,0,0
2024-01-12 00:00:00,SRV-0120,ap-southeast-1,web,CentOS,50.19,27.03,12.61,55.64,32.48,56.34,3,212.2,6062.06,0,0
2024-01-12 00:30:00,SRV-0161,sa-east-1,compute,Windows Server,26.91,41.08,82.98,345.36,122.43,41.84,3,138.52,5738.84,0,0
2024-01-12 01:00:00,SRV-0105,ap-southeast-1,database,Linux,57.77,86.95,19.36,174.8,160.49,68.93,2,270.16,930.28,0,0
2024-01-12 01:30:00,SRV-0092,us-east-1,storage,Ubuntu,11.77,93.44,8.49,640.03,519.09,44.58,1,154.22,7889.06,0,1
2024-01-12 02:00:00,SRV-0204,eu-central-1,storage,Windows Server,43.68,58.14,3.2,218.52,134.27,46.33,3,276.66,7718.8,0,0
2024-01-12 02:30:00,SRV-0040,sa-east-1,storage,RHEL,20.78,37.7,30.4,427.03,399.13,50.19,5,429.43,6551.44,0,0
2024-01-12 03:00:00,SRV-0054,sa-east-1,storage,Linux,31.96,97.73,25.88,36.54,28.63,50.1,1,186.06,8123.35,0,0
2024-01-12 03:30:00,SRV-0089,sa-east-1,web,CentOS,45.95,88.7,11.71,221.42,159.94,50.96,2,330.92,4845.46,0,1
2024-01-12 04:00:00,SRV-0135,ap-southeast-1,web,CentOS,27.79,72.22,75.37,3.06,2.33,59.51,3,209.17,3921.9,0,0
2024-01-12 04:30:00,SRV-0002,eu-central-1,database,CentOS,37.31,45.38,0.56,166.65,145.43,55.46,2,186.78,8479.25,0,0
2024-01-12 05:00:00,SRV-0097,us-east-1,cache,Linux,65.13,59.12,9.05,95.03,84.96,64.58,3,340.91,4066.33,0,0
2024-01-12 05:30:00,SRV-0056,us-east-1,storage,Ubuntu,33.46,57.11,63.48,63.87,35.77,51.39,2,492.05,5618.36,0,0
2024-01-12 06:00:00,SRV-0124,ap-southeast-1,web,CentOS,61.71,65.96,9.68,297.52,126.94,57.12,3,248.42,3268.65,0,0
2024-01-12 06:30:00,SRV-0185,us-east-1,database,Linux,22.41,86.12,7.27,288.9,127.4,42.44,2,188.0,5574.58,0,0
2024-01-12 07:00:00,SRV-0125,us-east-1,storage,RHEL,55.6,75.83,19.1,3.38,2.96,68.66,2,222.09,6308.35,0,0
2024-01-12 07:30:00,SRV-0264,eu-central-1,cache,Windows Server,73.83,40.61,43.4,141.05,153.12,67.16,4,310.24,5472.36,0,0
2024-01-12 08:00:00,SRV-0191,ap-southeast-1,storage,Linux,89.91,91.51,2.72,68.79,45.99,91.87,4,416.65,4508.06,0,0
2024-01-12 08:30:00,SRV-0215,ap-southeast-1,compute,Linux,86.42,91.71,71.63,80.59,36.47,88.56,4,493.17,2629.67,0,1
2024-01-12 09:00:00,SRV-0221,sa-east-1,storage,CentOS,56.54,72.37,39.63,267.61,262.51,56.03,2,350.68,5640.44,0,0
2024-01-12 09:30:00,SRV-0199,us-east-1,compute,Windows Server,40.94,86.4,5.0,55.62,58.36,59.42,2,234.97,7957.93,0,0
2024-01-12 10:00:00,SRV-0174,us-west-2,cache,Windows Server,52.42,39.99,31.12,429.83,469.6,62.86,3,447.2,61.55,0,0
2024-01-12 10:30:00,SRV-0217,eu-central-1,compute,CentOS,32.92,59.36,12.15,29.7,25.13,61.93,1,184.82,1174.08,0,0
2024-01-12 11:00:00,SRV-0206,eu-central-1,cache,Ubuntu,46.73,50.43,12.87,163.03,175.2,65.41,2,330.43,1050.09,0,0
2024-01-12 11:30:00,SRV-0067,us-west-2,database,Linux,41.89,31.78,38.23,167.26,52.5,55.6,2,239.91,8087.36,0,0
2024-01-12 12:00:00,SRV-0174,sa-east-1,compute,CentOS,68.36,66.24,82.28,43.59,17.28,69.71,4,483.97,5806.01,0,0
2024-01-12 12:30:00,SRV-0078,us-west-2,storage,Ubuntu,50.09,100.0,3.39,58.9,22.58,58.45,2,359.93,8337.71,0,0
2024-01-12 13:00:00,SRV-0042,us-west-2,storage,CentOS,51.75,26.88,13.65,270.09,254.25,70.97,3,437.0,5105.86,0,0
2024-01-12 13:30:00,SRV-0064,sa-east-1,database,RHEL,36.76,59.42,16.39,215.2,78.04,60.45,1,184.4,4045.32,0,0
2024-01-12 14:00:00,SRV-0199,us-west-2,web,Ubuntu,35.25,71.53,11.8,59.87,44.71,54.95,2,266.05,6941.13,0,0
2024-01-12 14:30:00,SRV-0090,sa-east-1,cache,Ubuntu,36.35,62.22,11.28,114.52,83.08,55.54,1,293.16,1410.69,0,0
2024-01-12 15:00:00,SRV-0007,us-east-1,web,Windows Server,52.89,57.96,1.34,9.55,5.54,68.38,4,344.31,3341.14,0,0
2024-01-12 15:30:00,SRV-0263,sa-east-1,web,Linux,36.58,36.61,28.92,35.12,38.05,57.53,1,229.86,4085.1,0,0
2024-01-12 16:00:00,SRV-0122,ap-southeast-1,database,CentOS,50.8,64.19,14.33,99.78,45.24,68.11,3,203.52,2615.2,0,0
2024-01-12 16:30:00,SRV-0164,ap-southeast-1,database,CentOS,86.51,46.38,5.42,13.48,8.32,63.63,6,339.83,3253.09,0,0
2024-01-12 17:00:00,SRV-0116,us-west-2,compute,Linux,62.42,20.58,42.33,278.04,277.14,67.28,5,276.32,685.12,0,0
2024-01-12 17:30:00,SRV-0013,ap-southeast-1,compute,Linux,38.48,81.5,40.56,189.88,62.16,52.81,3,356.52,1735.14,0,0
2024-01-12 18:00:00,SRV-0020,sa-east-1,compute,Windows Server,69.02,77.25,16.66,431.38,390.68,76.39,5,440.89,2939.62,0,0
2024-01-12 18:30:00,SRV-0201,us-east-1,compute,Linux,36.84,60.93,8.86,177.36,183.53,62.47,3,171.57,6972.2,0,0
2024-01-12 19:00:00,SRV-0254,sa-east-1,compute,RHEL,4.24,64.12,25.41,423.02,481.84,41.86,1,361.96,1599.49,0,0
2024-01-12 19:30:00,SRV-0086,eu-central-1,storage,Windows Server,24.84,79.34,8.5,121.29,132.04,57.61,1,144.66,3037.22,0,0
2024-01-12 20:00:00,SRV-0180,us-west-2,database,Ubuntu,7.58,64.04,6.73,137.53,80.79,51.95,0,126.26,569.64,0,0
2024-01-12 20:30:00,SRV-0237,us-east-1,cache,Linux,37.97,76.27,32.78,565.65,468.2,55.56,3,188.14,4880.68,0,0
2024-01-12 21:00:00,SRV-0061,us-west-2,cache,Ubuntu,45.37,54.65,1.03,154.14,56.96,70.51,3,382.95,5354.95,0,0
2024-01-12 21:30:00,SRV-0215,eu-central-1,cache,Windows Server,78.53,83.62,2.49,4.69,2.5,71.25,5,423.98,7582.06,0,0
2024-01-12 22:00:00,SRV-0215,ap-southeast-1,cache,RHEL,51.54,65.77,0.17,193.0,74.26,59.54,2,248.24,7175.64,0,0
2024-01-12 22:30:00,SRV-0090,eu-central-1,cache,RHEL,98.82,88.16,4.15,353.82,206.52,86.94,4,461.0,2500.63,0,1
2024-01-12 23:00:00,SRV-0096,ap-southeast-1,storage,Linux,61.59,37.14,1.79,238.14,259.01,62.87,3,255.14,1200.58,0,0
2024-01-12 23:30:00,SRV-0061,us-west-2,database,RHEL,0.78,65.17,100.0,131.5,80.54,40.74,1,100.51,1368.13,0,0
2024-01-13 00:00:00,SRV-0056,us-west-2,compute,CentOS,49.71,45.02,8.52,166.89,134.47,66.93,5,246.48,8488.16,0,0
2024-01-13 00:30:00,SRV-0220,us-west-2,compute,Windows Server,60.42,48.51,4.04,693.68,478.67,64.26,7,258.42,5897.78,0,0
2024-01-13 01:00:00,SRV-0094,sa-east-1,compute,RHEL,15.43,45.32,6.89,14.26,10.16,37.7,0,305.28,373.88,0,0
2024-01-13 01:30:00,SRV-0040,us-east-1,database,Windows Server,67.88,40.81,68.77,165.05,193.54,68.99,6,367.21,1199.05,0,0
2024-01-13 02:00:00,SRV-0248,sa-east-1,database,Windows Server,51.77,98.25,18.36,49.99,28.32,57.23,3,238.15,4256.12,0,1
2024-01-13 02:30:00,SRV-0217,eu-central-1,storage,CentOS,36.69,83.96,11.35,153.29,132.53,59.0,1,187.81,1821.37,0,0
2024-01-13 03:00:00,SRV-0154,us-east-1,storage,Linux,57.66,94.57,51.67,140.33,95.15,66.54,3,224.78,7040.25,0,1
2024-01-13 03:30:00,SRV-0062,us-west-2,compute,Windows Server,90.41,37.99,12.56,24.99,8.87,83.52,7,363.8,5021.81,0,0
2024-01-13 04:00:00,SRV-0240,us-west-2,database,CentOS,48.64,61.28,10.2,34.74,25.72,63.99,3,270.73,5367.05,0,0
2024-01-13 04:30:00,SRV-0190,us-west-2,compute,RHEL,49.96,36.72,5.81,145.78,150.45,65.44,6,232.43,4054.89,0,0
2024-01-13 05:00:00,SRV-0146,ap-southeast-1,storage,Ubuntu,35.81,47.48,11.86,20.58,8.0,50.98,1,277.99,2243.85,0,0
2024-01-13 05:30:00,SRV-0010,eu-central-1,compute,Linux,28.0,43.47,9.52,46.22,16.76,55.22,1,187.07,5163.59,0,1
2024-01-13 06:00:00,SRV-0292,sa-east-1,storage,Ubuntu,61.61,82.31,28.28,270.49,118.55,74.48,6,272.85,6280.94,0,0
2024-01-13 06:30:00,SRV-0130,eu-central-1,web,CentOS,27.88,52.87,8.55,59.42,58.71,47.71,2,413.42,3250.13,0,0
2024-01-13 07:00:00,SRV-0060,ap-southeast-1,cache,Windows Server,92.55,89.57,21.52,100.43,95.57,81.85,4,358.13,4423.8,0,1
2024-01-13 07:30:00,SRV-0175,ap-southeast-1,web,CentOS,35.45,70.87,1.7,424.89,343.53,51.43,2,207.13,7355.79,0,0
2024-01-13 08:00:00,SRV-0073,eu-central-1,compute,Linux,54.58,100.0,5.31,38.65,27.88,57.57,2,261.91,1303.3,0,0
2024-01-13 08:30:00,SRV-0239,ap-southeast-1,compute,Linux,51.67,33.37,13.08,74.05,81.42,62.15,3,232.62,4776.62,0,0
2024-01-13 09:00:00,SRV-0179,us-east-1,database,RHEL,88.89,81.73,69.1,139.89,138.49,82.86,5,341.2,3052.75,0,0
2024-01-13 09:30:00,SRV-0067,us-west-2,cache,CentOS,34.8,80.64,11.84,211.18,217.68,58.48,2,190.41,6156.78,0,0
2024-01-13 10:00:00,SRV-0081,sa-east-1,storage,Linux,39.6,42.48,27.27,347.89,359.0,51.03,2,368.49,165.76,0,0
2024-01-13 10:30:00,SRV-0077,ap-southeast-1,compute,CentOS,25.42,78.13,7.36,370.6,325.55,52.34,3,271.98,5873.68,0,0
2024-01-13 11:00:00,SRV-0248,sa-east-1,storage,RHEL,36.11,66.05,3.4,224.85,160.14,51.02,1,272.6,902.28,0,0
2024-01-13 11:30:00,SRV-0195,us-west-2,storage,RHEL,52.55,55.91,1.51,38.88,41.92,53.57,4,268.72,568.3,0,0
2024-01-13 12:00:00,SRV-0068,eu-central-1,storage,CentOS,60.14,45.17,9.11,3.77,4.27,59.41,4,301.3,6347.98,0,0
2024-01-13 12:30:00,SRV-0056,us-west-2,web,Linux,26.56,47.06,4.29,72.62,23.34,46.87,1,160.75,5609.76,0,0
2024-01-13 13:00:00,SRV-0099,sa-east-1,storage,Windows Server,91.82,93.87,4.78,22.89,7.93,91.55,5,333.19,7839.74,0,1
2024-01-13 13:30:00,SRV-0270,us-east-1,database,Windows Server,72.11,60.01,35.76,185.88,216.16,74.61,4,306.54,4552.66,0,0
2024-01-13 14:00:00,SRV-0076,eu-central-1,web,RHEL,53.27,74.08,0.4,162.32,89.19,53.94,3,278.24,4643.48,0,0
2024-01-13 14:30:00,SRV-0066,ap-southeast-1,web,Linux,82.54,45.76,20.4,6.75,7.33,74.77,6,303.51,6193.77,0,0
2024-01-13 15:00:00,SRV-0033,us-east-1,compute,RHEL,29.52,45.96,11.93,271.73,176.6,45.93,1,147.81,2833.64,0,0
2024-01-13 15:30:00,SRV-0269,us-west-2,cache,RHEL,20.11,79.48,17.66,42.9,17.47,51.19,3,140.84,324.32,0,0
2024-01-13 16:00:00,SRV-0030,sa-east-1,cache,RHEL,9.43,35.71,20.69,84.91,31.62,40.66,0,124.02,2015.97,0,0
2024-01-13 16:30:00,SRV-0026,sa-east-1,compute,RHEL,74.92,52.53,9.4,165.36,72.9,64.71,3,324.74,2085.76,0,0
2024-01-13 17:00:00,SRV-0210,sa-east-1,cache,CentOS,58.09,60.61,8.74,84.16,44.18,67.23,3,236.81,2941.04,0,0
2024-01-13 17:30:00,SRV-0269,us-west-2,storage,CentOS,94.96,94.53,33.05,87.32,64.59,89.42,6,360.47,8264.79,0,1
2024-01-13 18:00:00,SRV-0123,eu-central-1,database,Linux,50.6,56.78,51.25,10.18,9.48,58.66,3,232.13,7050.62,0,0
2024-01-13 18:30:00,SRV-0033,ap-southeast-1,storage,Linux,22.49,67.12,5.35,76.99,91.44,37.9,1,124.47,8199.04,0,0
2024-01-13 19:00:00,SRV-0143,us-east-1,cache,Ubuntu,93.92,72.47,2.57,217.13,151.42,82.3,5,371.21,8747.82,0,0
2024-01-13 19:30:00,SRV-0145,us-west-2,cache,Windows Server,47.58,73.22,57.02,370.08,283.61,63.14,3,200.25,3800.47,0,0
2024-01-13 20:00:00,SRV-0262,sa-east-1,database,CentOS,47.19,42.26,10.77,80.04,61.6,58.9,2,313.12,1989.94,0,0
2024-01-13 20:30:00,SRV-0005,ap-southeast-1,web,Linux,59.52,54.89,20.04,82.64,64.91,56.17,3,277.33,4906.08,0,0
2024-01-13 21:00:00,SRV-0161,sa-east-1,web,RHEL,54.62,81.51,11.14,181.92,139.34,67.89,2,253.42,7718.86,0,0
2024-01-13 21:30:00,SRV-0144,us-west-2,database,CentOS,49.48,76.1,3.36,429.11,132.12,56.46,4,211.96,4080.35,0,0
2024-01-13 22:00:00,SRV-0152,sa-east-1,web,Windows Server,29.19,35.29,22.25,46.6,14.05,49.41,4,163.25,4427.79,0,0
2024-01-13 22:30:00,SRV-0005,us-west-2,cache,CentOS,54.43,66.33,18.62,87.01,33.75,73.33,4,239.78,1178.55,0,0
2024-01-13 23:00:00,SRV-0195,sa-east-1,web,Windows Server,82.64,24.39,5.67,238.43,93.32,69.54,5,719.26,3683.77,0,0
2024-01-13 23:30:00,SRV-0125,us-west-2,cache,Ubuntu,71.91,60.84,15.03,141.12,131.87,72.47,4,446.12,3390.69,0,0
2024-01-14 00:00:00,SRV-0076,sa-east-1,compute,Linux,76.86,94.16,39.86,17.58,8.52,73.56,6,282.13,3081.44,0,0
2024-01-14 00:30:00,SRV-0169,ap-southeast-1,storage,Windows Server,34.78,42.94,22.32,148.22,163.82,55.86,2,250.26,7772.85,0,0
2024-01-14 01:00:00,SRV-0217,ap-southeast-1,web,Ubuntu,25.21,44.98,2.55,31.01,35.22,51.49,3,155.18,520.42,0,0
2024-01-14 01:30:00,SRV-0183,sa-east-1,compute,CentOS,42.48,73.75,19.85,107.07,126.16,58.88,2,188.48,8516.04,0,0
2024-01-14 02:00:00,SRV-0113,sa-east-1,web,Linux,46.11,32.23,30.33,112.97,129.37,59.81,3,310.63,73.23,0,0
2024-01-14 02:30:00,SRV-0276,us-west-2,compute,Windows Server,66.88,48.61,39.34,313.37,170.69,66.49,5,264.76,8283.46,0,0
2024-01-14 03:00:00,SRV-0178,us-west-2,database,Windows Server,11.15,70.74,24.8,93.12,70.66,52.02,0,142.1,4801.35,0,0
2024-01-14 03:30:00,SRV-0125,us-west-2,compute,Linux,75.59,48.58,4.14,49.16,22.51,63.67,3,376.79,6153.72,0,0
2024-01-14 04:00:00,SRV-0291,eu-central-1,cache,CentOS,41.84,55.75,30.96,39.39,40.4,61.84,3,256.37,1640.1,0,0
2024-01-14 04:30:00,SRV-0199,sa-east-1,database,CentOS,36.46,73.4,28.28,311.02,342.0,58.7,2,539.39,5731.24,0,0
2024-01-14 05:00:00,SRV-0138,sa-east-1,database,RHEL,24.76,67.59,0.62,28.13,29.99,53.4,2,278.33,7726.07,0,0
2024-01-14 05:30:00,SRV-0218,sa-east-1,cache,CentOS,11.9,64.8,13.26,83.23,57.43,50.35,0,234.52,1222.71,0,0
2024-01-14 06:00:00,SRV-0297,sa-east-1,web,Linux,61.46,53.9,10.12,31.09,30.55,64.12,4,278.33,1114.11,0,0
2024-01-14 06:30:00,SRV-0168,us-west-2,database,Ubuntu,46.47,66.66,27.67,222.62,86.34,49.24,3,190.24,2663.54,0,0
2024-01-14 07:00:00,SRV-0134,us-west-2,web,Linux,19.2,57.77,6.09,96.47,32.44,47.32,2,240.18,1417.56,0,0
2024-01-14 07:30:00,SRV-0161,eu-central-1,storage,Windows Server,19.1,68.24,22.34,64.88,63.45,42.68,0,929.78,970.15,0,0
2024-01-14 08:00:00,SRV-0272,us-west-2,compute,RHEL,38.28,51.06,61.11,67.2,45.89,51.65,1,216.92,5942.4,0,0
2024-01-14 08:30:00,SRV-0280,sa-east-1,compute,RHEL,78.38,56.71,39.96,286.8,343.01,65.14,4,708.63,1873.91,0,0
2024-01-14 09:00:00,SRV-0248,sa-east-1,cache,Ubuntu,39.81,42.18,63.6,121.04,46.91,53.54,3,184.71,5843.38,0,0
2024-01-14 09:30:00,SRV-0222,us-east-1,cache,Windows Server,14.94,59.37,96.0,189.81,203.11,42.99,0,129.98,7550.64,0,0
2024-01-14 10:00:00,SRV-0172,us-west-2,compute,CentOS,40.09,45.4,0.27,341.01,249.61,44.15,2,188.98,5712.09,0,0
2024-01-14 10:30:00,SRV-0259,us-east-1,storage,CentOS,39.55,39.95,24.37,348.02,363.49,59.32,1,233.11,1046.54,0,0
2024-01-14 11:00:00,SRV-0256,sa-east-1,cache,CentOS,0.0,64.66,13.31,59.74,61.85,51.1,1,209.45,5024.97,0,0
2024-01-14 11:30:00,SRV-0168,us-west-2,storage,Linux,43.91,63.83,49.13,456.9,513.74,60.6,4,223.39,3448.79,0,0
2024-01-14 12:00:00,SRV-0120,sa-east-1,cache,CentOS,40.38,74.09,7.25,3.78,2.15,55.14,3,407.83,3008.59,0,0
2024-01-14 12:30:00,SRV-0019,us-east-1,database,Windows Server,58.92,52.24,99.12,70.94,81.92,63.3,2,305.48,2791.02,0,0
2024-01-14 13:00:00,SRV-0296,us-east-1,web,RHEL,81.98,67.34,23.78,339.21,148.07,70.69,4,358.57,8141.9,0,0
2024-01-14 13:30:00,SRV-0247,ap-southeast-1,compute,Linux,67.53,69.91,39.44,48.16,18.0,67.46,3,407.26,6504.62,0,0
2024-01-14 14:00:00,SRV-0205,ap-southeast-1,web,CentOS,39.62,68.01,2.24,47.84,32.94,55.66,2,179.56,1173.38,0,0
2024-01-14 14:30:00,SRV-0067,us-west-2,compute,Windows Server,22.87,45.14,5.07,54.06,56.52,44.94,1,267.22,4170.33,0,0
2024-01-14 15:00:00,SRV-0185,us-west-2,cache,Ubuntu,96.47,62.69,35.51,142.13,103.2,87.0,6,367.23,2788.32,0,1
2024-01-14 15:30:00,SRV-0108,us-west-2,web,Windows Server,46.18,66.55,0.56,86.53,90.54,51.04,2,221.52,8566.76,0,0
2024-01-14 16:00:00,SRV-0165,us-west-2,storage,RHEL,45.28,60.13,42.44,194.6,186.17,61.7,4,277.33,8567.56,0,0
2024-01-14 16:30:00,SRV-0121,us-west-2,cache,Windows Server,44.52,22.44,0.35,337.94,165.08,57.3,4,415.76,2799.8,0,0
2024-01-14 17:00:00,SRV-0084,us-west-2,database,Windows Server,48.96,62.89,26.76,168.22,194.13,69.09,3,283.26,3085.16,0,0
2024-01-14 17:30:00,SRV-0261,us-west-2,web,Linux,42.11,99.83,11.36,34.31,12.17,58.55,2,281.02,5251.27,0,1
2024-01-14 18:00:00,SRV-0107,us-east-1,web,RHEL,33.53,53.52,23.64,404.75,448.64,51.61,2,300.46,4199.25,0,0
2024-01-14 18:30:00,SRV-0123,us-east-1,database,CentOS,34.06,46.89,29.77,46.08,26.45,52.39,2,182.21,1867.55,0,1
2024-01-14 19:00:00,SRV-0073,us-east-1,compute,RHEL,44.34,66.72,10.48,24.36,18.27,57.94,3,358.62,5785.55,0,0
2024-01-14 19:30:00,SRV-0154,sa-east-1,cache,Ubuntu,34.13,65.62,2.86,14.14,9.62,47.94,2,206.52,2927.63,0,0
2024-01-14 20:00:00,SRV-0289,eu-central-1,database,RHEL,30.74,81.47,1.8,124.31,56.52,48.46,4,161.55,5726.9,0,1
2024-01-14 20:30:00,SRV-0097,sa-east-1,storage,Linux,47.13,37.36,22.23,18.12,11.27,49.93,4,234.48,3361.67,0,0
2024-01-14 21:00:00,SRV-0292,us-west-2,cache,CentOS,39.9,73.16,18.38,22.41,10.61,51.35,1,197.96,6134.14,0,0
2024-01-14 21:30:00,SRV-0278,eu-central-1,database,RHEL,75.08,70.63,33.89,53.51,25.87,70.5,3,301.21,5850.26,0,0
2024-01-14 22:00:00,SRV-0254,us-east-1,database,CentOS,0.0,57.44,17.82,49.62,23.24,41.5,2,83.21,4457.69,0,0
2024-01-14 22:30:00,SRV-0082,us-east-1,web,Linux,66.83,66.1,13.72,139.04,102.91,56.84,4,270.45,6173.82,0,0
2024-01-14 23:00:00,SRV-0017,ap-southeast-1,web,Windows Server,69.92,78.53,12.69,254.53,259.15,67.28,4,369.94,4038.6,0,0
2024-01-14 23:30:00,SRV-0300,us-west-2,web,Ubuntu,3.53,75.7,0.67,214.91,174.53,44.23,0,147.34,1018.26,0,0
2024-01-15 00:00:00,SRV-0180,us-west-2,cache,RHEL,38.15,39.43,10.22,45.67,50.41,54.44,2,268.98,1596.07,0,0
2024-01-15 00:30:00,SRV-0216,ap-southeast-1,compute,CentOS,37.57,74.76,93.26,42.22,36.85,51.86,3,204.83,2155.65,0,0
2024-01-15 01:00:00,SRV-0022,sa-east-1,cache,RHEL,16.85,58.84,51.7,506.29,465.99,44.68,0,247.4,554.82,0,0
2024-01-15 01:30:00,SRV-0236,ap-southeast-1,web,Linux,29.44,61.31,9.99,1.24,1.12,49.07,5,152.21,6231.99,0,0
2024-01-15 02:00:00,SRV-0211,us-west-2,web,Windows Server,22.79,61.32,22.16,317.69,223.82,45.93,2,203.03,3218.97,0,0
2024-01-15 02:30:00,SRV-0286,us-east-1,cache,Linux,80.05,57.3,46.98,33.42,30.76,72.89,6,322.36,820.17,0,0
2024-01-15 03:00:00,SRV-0207,ap-southeast-1,database,CentOS,63.71,81.45,14.55,441.43,160.12,77.02,4,316.14,7183.01,0,0
2024-01-15 03:30:00,SRV-0255,eu-central-1,database,RHEL,70.43,58.49,0.45,62.85,67.5,64.45,4,300.4,5989.13,0,0
2024-01-15 04:00:00,SRV-0011,us-east-1,web,CentOS,91.2,96.7,1.94,87.07,87.07,89.46,5,479.91,3962.03,0,1
2024-01-15 04:30:00,SRV-0034,sa-east-1,web,Linux,22.42,52.92,17.85,184.2,95.91,48.71,2,339.15,2168.2,0,0
2024-01-15 05:00:00,SRV-0121,us-east-1,compute,RHEL,34.51,63.22,87.2,132.89,131.72,50.37,2,289.23,1330.14,0,0
2024-01-15 05:30:00,SRV-0236,sa-east-1,database,CentOS,54.79,82.13,29.54,57.4,17.87,67.41,3,233.67,4015.9,0,0
2024-01-15 06:00:00,SRV-0183,us-east-1,compute,RHEL,20.56,70.86,1.84,121.06,59.99,36.37,2,143.81,7754.87,0,0
2024-01-15 06:30:00,SRV-0078,us-west-2,web,Ubuntu,59.26,44.69,5.25,196.79,70.57,61.05,3,479.55,1651.15,0,0
2024-01-15 07:00:00,SRV-0123,sa-east-1,web,Linux,40.19,100.0,36.89,6.49,6.5,60.17,5,228.07,4981.89,0,0
2024-01-15 07:30:00,SRV-0276,sa-east-1,compute,Linux,37.5,64.77,46.04,1.69,1.66,53.53,2,445.84,8424.41,0,0
2024-01-15 08:00:00,SRV-0208,ap-southeast-1,compute,Ubuntu,59.22,82.96,24.04,91.89,94.86,59.58,3,277.49,5581.5,0,0
2024-01-15 08:30:00,SRV-0186,us-east-1,web,Windows Server,53.89,57.27,25.85,21.21,6.45,63.76,3,514.84,3854.65,0,0
2024-01-15 09:00:00,SRV-0017,sa-east-1,storage,CentOS,37.78,69.6,0.72,163.75,122.99,59.64,2,423.36,6275.71,0,0
2024-01-15 09:30:00,SRV-0290,sa-east-1,web,Windows Server,68.19,75.11,44.08,36.13,33.76,68.33,5,362.6,7223.48,0,0
2024-01-15 10:00:00,SRV-0254,us-east-1,database,RHEL,23.38,81.93,38.81,85.07,37.42,45.35,1,121.02,5173.33,0,0
2024-01-15 10:30:00,SRV-0099,us-east-1,web,CentOS,57.32,79.03,7.5,33.04,29.23,65.21,2,273.09,7637.38,0,0
2024-01-15 11:00:00,SRV-0147,eu-central-1,cache,CentOS,56.86,75.7,30.83,119.27,44.81,60.73,4,462.76,4508.31,0,0
2024-01-15 11:30:00,SRV-0114,ap-southeast-1,web,CentOS,38.81,54.33,6.05,18.5,8.57,59.25,1,382.81,7271.22,0,0
2024-01-15 12:00:00,SRV-0097,sa-east-1,storage,Ubuntu,51.52,49.71,1.03,3.51,2.55,68.03,5,225.32,8339.74,0,0
2024-01-15 12:30:00,SRV-0170,us-east-1,database,Linux,19.98,65.99,5.61,7.87,6.99,34.96,0,160.88,4391.39,0,0
2024-01-15 13:00:00,SRV-0199,sa-east-1,web,Ubuntu,63.48,76.8,4.92,462.71,199.56,65.95,4,420.93,5300.21,0,0
2024-01-15 13:30:00,SRV-0177,eu-central-1,compute,Ubuntu,41.3,55.99,10.3,23.02,10.74,47.84,4,260.15,5339.33,0,0
2024-01-15 14:00:00,SRV-0124,eu-central-1,database,Ubuntu,34.55,79.17,13.55,184.9,89.49,66.03,1,341.56,6845.59,0,0
2024-01-15 14:30:00,SRV-0157,sa-east-1,database,Windows Server,65.98,86.15,17.76,10.55,5.43,64.05,3,423.14,7209.36,0,0
2024-01-15 15:00:00,SRV-0095,ap-southeast-1,storage,Ubuntu,30.91,43.51,16.19,17.17,8.65,56.1,2,380.77,239.5,0,0
2024-01-15 15:30:00,SRV-0286,us-west-2,compute,Linux,16.83,44.94,7.89,106.66,69.93,46.56,0,112.96,6424.5,0,0
2024-01-15 16:00:00,SRV-0099,sa-east-1,cache,CentOS,13.87,57.47,0.74,93.79,83.32,41.53,0,107.29,6866.44,0,0
2024-01-15 16:30:00,SRV-0235,eu-central-1,web,Windows Server,57.12,65.54,23.23,454.18,315.3,58.24,3,230.0,6136.06,0,0
2024-01-15 17:00:00,SRV-0190,ap-southeast-1,cache,Ubuntu,19.39,50.56,12.59,434.62,433.91,55.68,1,381.93,6252.26,0,0
2024-01-15 17:30:00,SRV-0294,us-east-1,compute,Ubuntu,80.1,84.34,8.87,226.85,214.91,76.82,5,354.75,363.65,0,0
2024-01-15 18:00:00,SRV-0273,ap-southeast-1,database,CentOS,3.36,67.63,50.42,138.23,57.21,51.06,1,66.73,3872.82,0,0
2024-01-15 18:30:00,SRV-0018,ap-southeast-1,storage,CentOS,78.93,60.71,34.33,91.03,31.31,71.85,3,325.58,7167.44,0,0
2024-01-15 19:00:00,SRV-0174,sa-east-1,storage,Windows Server,49.22,34.15,48.76,66.05,72.0,61.13,3,240.96,8181.97,0,0
2024-01-15 19:30:00,SRV-0120,ap-southeast-1,database,Linux,43.07,36.32,17.08,440.87,163.94,55.89,2,345.04,2010.91,0,0
2024-01-15 20:00:00,SRV-0256,us-east-1,storage,Windows Server,34.1,65.06,3.51,138.54,60.06,52.21,3,285.29,5074.17,0,0
2024-01-15 20:30:00,SRV-0096,sa-east-1,cache,CentOS,52.98,21.61,29.79,129.79,41.52,55.98,3,325.87,7046.13,0,1
2024-01-15 21:00:00,SRV-0031,eu-central-1,database,Linux,44.25,78.23,5.77,39.58,34.25,58.12,4,184.95,6591.34,0,0
2024-01-15 21:30:00,SRV-0097,us-east-1,web,Ubuntu,67.07,57.15,14.55,7.17,5.91,62.88,3,492.77,5421.86,0,0
2024-01-15 22:00:00,SRV-0193,sa-east-1,web,Ubuntu,47.28,100.0,1.68,435.58,517.56,61.12,2,216.13,164.72,0,0
2024-01-15 22:30:00,SRV-0233,sa-east-1,compute,RHEL,48.01,100.0,43.62,56.47,62.02,60.05,3,293.19,6341.52,0,0
2024-01-15 23:00:00,SRV-0046,us-west-2,database,CentOS,37.73,56.73,3.37,87.67,58.72,56.53,2,169.56,6773.83,0,0
2024-01-15 23:30:00,SRV-0291,us-east-1,cache,RHEL,43.86,58.09,58.35,18.26,11.59,65.92,2,190.09,6332.44,0,0
2024-01-16 00:00:00,SRV-0236,ap-southeast-1,database,Windows Server,51.16,77.92,49.92,272.03,154.29,60.27,2,204.43,6708.72,0,0
2024-01-16 00:30:00,SRV-0049,us-east-1,database,Windows Server,10.8,90.66,15.62,4.2,1.84,48.1,0,165.84,3775.38,0,0
2024-01-16 01:00:00,SRV-0162,us-east-1,cache,Linux,18.04,30.52,34.1,269.36,114.28,57.47,1,203.37,8705.28,0,0
2024-01-16 01:30:00,SRV-0285,us-west-2,storage,CentOS,59.87,27.85,24.15,22.67,9.5,70.48,3,234.77,6752.32,0,0
2024-01-16 02:00:00,SRV-0134,ap-southeast-1,cache,Linux,48.42,48.8,40.62,326.48,131.47,65.13,6,229.57,5069.66,0,0
2024-01-16 02:30:00,SRV-0257,us-west-2,database,Linux,41.32,70.49,14.13,196.27,101.37,54.99,7,364.65,8183.58,0,0
2024-01-16 03:00:00,SRV-0183,us-west-2,database,Windows Server,45.37,68.94,38.52,26.99,15.55,59.3,2,196.79,7955.91,0,0
2024-01-16 03:30:00,SRV-0027,us-west-2,database,Windows Server,51.95,79.26,15.52,125.14,145.85,54.19,2,230.26,7135.79,0,0
2024-01-16 04:00:00,SRV-0140,us-east-1,database,CentOS,34.2,38.41,70.74,56.24,46.15,56.18,2,207.85,4938.4,0,0
2024-01-16 04:30:00,SRV-0260,us-west-2,compute,Windows Server,29.43,18.31,16.66,29.44,35.01,53.15,2,322.99,4617.88,0,0
2024-01-16 05:00:00,SRV-0080,eu-central-1,storage,CentOS,48.92,75.44,15.53,294.04,186.78,59.68,3,226.17,2880.15,0,0
2024-01-16 05:30:00,SRV-0180,ap-southeast-1,database,RHEL,25.43,45.09,38.44,77.51,55.17,55.31,3,711.89,2198.44,0,0
2024-01-16 06:00:00,SRV-0267,ap-southeast-1,compute,Ubuntu,53.17,23.67,43.09,76.26,45.16,55.23,3,253.39,4488.76,0,0
2024-01-16 06:30:00,SRV-0052,us-west-2,database,RHEL,10.95,62.61,20.21,27.93,12.98,52.55,0,131.69,5061.79,0,0
2024-01-16 07:00:00,SRV-0084,us-east-1,storage,Windows Server,96.81,97.52,4.96,72.45,31.07,91.11,4,353.46,2142.81,0,1
2024-01-16 07:30:00,SRV-0156,sa-east-1,storage,Ubuntu,54.45,57.8,15.77,307.91,354.27,61.43,3,327.36,8082.06,0,0
2024-01-16 08:00:00,SRV-0104,sa-east-1,cache,Ubuntu,50.12,51.76,86.11,67.68,80.41,59.3,3,228.26,4882.16,0,0
2024-01-16 08:30:00,SRV-0097,us-east-1,compute,Linux,64.65,57.13,34.96,454.25,154.63,68.26,4,343.08,4612.66,0,0
2024-01-16 09:00:00,SRV-0125,us-west-2,storage,Ubuntu,78.31,53.33,41.67,438.68,190.96,78.93,5,310.18,3816.76,0,0
2024-01-16 09:30:00,SRV-0183,us-west-2,web,CentOS,65.29,35.74,0.83,23.48,15.99,66.62,5,294.94,509.65,0,0
2024-01-16 10:00:00,SRV-0054,eu-central-1,database,Windows Server,8.18,47.14,15.77,29.28,13.69,43.99,1,268.81,7729.95,0,0
2024-01-16 10:30:00,SRV-0164,sa-east-1,storage,Windows Server,19.41,69.38,26.01,297.81,186.87,47.85,2,242.51,2777.55,0,0
2024-01-16 11:00:00,SRV-0149,sa-east-1,compute,Linux,32.5,65.79,44.3,74.82,31.14,61.91,2,164.3,5628.31,0,0
2024-01-16 11:30:00,SRV-0290,ap-southeast-1,compute,Linux,45.52,63.03,1.26,0.66,0.47,56.36,2,280.14,5321.51,0,0
2024-01-16 12:00:00,SRV-0087,us-west-2,compute,Windows Server,55.35,42.09,47.84,48.0,26.14,61.99,4,315.12,5120.52,0,0
2024-01-16 12:30:00,SRV-0162,us-east-1,cache,Linux,30.49,56.73,19.87,136.56,84.22,59.51,1,150.95,4605.71,0,0
2024-01-16 13:00:00,SRV-0168,us-west-2,database,Ubuntu,48.74,20.81,5.49,240.87,92.7,60.23,3,258.91,1590.23,0,0
2024-01-16 13:30:00,SRV-0135,us-west-2,web,Ubuntu,29.89,63.21,9.54,21.47,14.72,57.64,1,169.88,2458.83,0,0
2024-01-16 14:00:00,SRV-0090,eu-central-1,compute,CentOS,32.77,85.72,8.28,17.57,20.82,48.55,1,211.26,4592.36,0,0
2024-01-16 14:30:00,SRV-0081,us-east-1,database,Linux,16.87,33.47,18.92,382.84,228.15,45.72,3,250.69,6914.85,0,0
2024-01-16 15:00:00,SRV-0231,eu-central-1,compute,Windows Server,26.54,49.45,1.33,208.63,227.16,58.04,1,146.83,3784.79,0,0
2024-01-16 15:30:00,SRV-0089,eu-central-1,compute,RHEL,17.97,65.92,4.32,133.66,141.53,43.8,0,117.06,1787.16,0,0
2024-01-16 16:00:00,SRV-0293,eu-central-1,web,Windows Server,25.48,82.55,41.88,219.92,254.42,49.44,2,157.83,771.31,0,0
2024-01-16 16:30:00,SRV-0002,eu-central-1,database,RHEL,66.07,51.93,3.56,84.02,84.95,67.71,4,552.45,5808.31,0,0
2024-01-16 17:00:00,SRV-0222,us-west-2,compute,RHEL,26.01,47.54,6.64,213.11,190.44,45.46,1,265.8,3709.03,0,0
2024-01-16 17:30:00,SRV-0017,ap-southeast-1,cache,CentOS,99.8,87.02,15.1,69.74,74.68,92.06,5,351.37,1099.12,0,0
2024-01-16 18:00:00,SRV-0196,us-west-2,compute,RHEL,54.87,61.86,18.2,41.98,15.45,62.51,3,265.85,5908.66,0,0
2024-01-16 18:30:00,SRV-0120,eu-central-1,database,Ubuntu,48.7,96.76,36.06,195.85,140.34,59.71,2,225.85,1819.18,0,0
2024-01-16 19:00:00,SRV-0242,eu-central-1,storage,Ubuntu,27.83,64.99,14.82,81.62,97.16,57.53,3,235.15,4459.47,0,0
2024-01-16 19:30:00,SRV-0174,ap-southeast-1,compute,CentOS,85.3,95.58,39.0,597.5,593.11,85.25,7,367.39,2682.9,0,0
2024-01-16 20:00:00,SRV-0032,sa-east-1,cache,Windows Server,33.49,65.8,24.08,64.5,75.2,49.11,1,484.28,8161.67,0,1
2024-01-16 20:30:00,SRV-0275,us-east-1,cache,Windows Server,47.44,59.8,3.0,382.13,382.77,59.53,2,217.04,2000.58,0,0
2024-01-16 21:00:00,SRV-0195,eu-central-1,compute,Windows Server,96.2,45.37,4.25,405.38,440.8,81.85,5,427.24,3679.07,0,0
2024-01-16 21:30:00,SRV-0004,eu-central-1,database,Windows Server,43.08,74.82,14.36,41.53,38.87,64.81,2,299.7,8405.2,0,0
2024-01-16 22:00:00,SRV-0281,us-west-2,compute,Ubuntu,67.99,64.06,12.64,240.09,236.35,70.79,4,428.58,2792.71,0,0
2024-01-16 22:30:00,SRV-0021,eu-central-1,cache,Ubuntu,30.94,60.32,34.02,85.13,65.62,53.83,2,195.06,5646.99,0,0
2024-01-16 23:00:00,SRV-0238,eu-central-1,compute,CentOS,44.3,42.44,21.73,374.29,423.62,61.05,2,299.03,2775.21,0,0
2024-01-16 23:30:00,SRV-0093,us-east-1,cache,CentOS,80.42,83.46,12.28,89.71,93.53,75.54,4,327.37,970.4,0,0
2024-01-17 00:00:00,SRV-0089,us-west-2,storage,CentOS,32.46,71.96,4.68,204.56,216.74,48.35,2,204.56,5497.69,0,0
2024-01-17 00:30:00,SRV-0113,sa-east-1,compute,Windows Server,81.25,50.05,6.43,94.38,85.48,73.46,4,519.73,8024.52,0,0
2024-01-17 01:00:00,SRV-0221,eu-central-1,web,Windows Server,59.16,78.03,21.42,38.78,22.26,70.96,2,526.85,3965.01,0,0
2024-01-17 01:30:00,SRV-0098,eu-central-1,compute,Ubuntu,33.75,51.04,13.77,33.35,11.07,52.46,4,278.13,5485.68,0,0
2024-01-17 02:00:00,SRV-0142,sa-east-1,cache,Ubuntu,57.65,45.92,18.09,83.12,94.93,63.71,2,269.84,5334.34,0,0
2024-01-17 02:30:00,SRV-0150,ap-southeast-1,database,Linux,64.45,46.33,4.68,211.28,174.83,64.57,4,414.87,3636.77,0,0
2024-01-17 03:00:00,SRV-0048,sa-east-1,cache,Linux,57.44,28.12,27.18,139.36,79.2,51.41,3,224.93,5386.88,0,0
2024-01-17 03:30:00,SRV-0051,sa-east-1,storage,Windows Server,13.6,68.49,47.85,175.02,76.0,45.54,1,101.63,2272.37,0,0
2024-01-17 04:00:00,SRV-0208,us-west-2,database,Ubuntu,95.99,95.21,7.46,49.76,52.08,94.56,4,446.24,3312.23,0,1
2024-01-17 04:30:00,SRV-0011,sa-east-1,web,Windows Server,40.05,37.89,16.91,98.5,103.71,53.46,4,204.57,3875.27,0,0
2024-01-17 05:00:00,SRV-0270,us-west-2,web,RHEL,43.51,22.64,92.75,6.81,7.04,51.63,2,482.92,7568.85,0,0
2024-01-17 05:30:00,SRV-0263,sa-east-1,storage,Linux,57.41,58.45,10.13,255.18,224.7,58.56,5,279.52,3052.05,0,0
2024-01-17 06:00:00,SRV-0197,eu-central-1,storage,CentOS,48.55,57.29,22.6,689.17,433.77,63.24,3,251.76,5564.17,0,0
2024-01-17 06:30:00,SRV-0186,eu-central-1,storage,Windows Server,18.29,54.12,2.36,78.35,44.95,57.18,1,218.22,1870.2,0,0
2024-01-17 07:00:00,SRV-0296,ap-southeast-1,storage,RHEL,52.6,41.23,23.29,1.65,0.51,67.95,2,353.73,2213.26,0,0
2024-01-17 07:30:00,SRV-0221,sa-east-1,compute,CentOS,57.21,38.9,2.35,27.91,29.31,56.16,2,286.18,5680.59,0,0
2024-01-17 08:00:00,SRV-0081,us-east-1,cache,RHEL,56.2,68.36,80.0,158.56,60.05,66.75,3,242.67,6678.07,0,0
2024-01-17 08:30:00,SRV-0222,sa-east-1,compute,Ubuntu,66.62,50.09,31.44,142.04,123.25,63.33,6,398.26,4048.68,0,0
2024-01-17 09:00:00,SRV-0170,us-east-1,database,Ubuntu,61.68,65.69,38.8,232.58,175.29,61.76,5,273.65,2936.14,0,0
2024-01-17 09:30:00,SRV-0086,sa-east-1,web,Ubuntu,54.18,44.07,30.44,43.93,34.0,59.36,3,231.8,7974.07,0,0
2024-01-17 10:00:00,SRV-0044,us-west-2,web,CentOS,43.6,63.26,22.27,216.35,245.36,60.97,3,280.66,1190.54,0,0
2024-01-17 10:30:00,SRV-0261,eu-central-1,database,CentOS,11.78,83.46,14.94,174.71,57.38,49.51,1,94.82,6313.74,0,0
2024-01-17 11:00:00,SRV-0104,us-east-1,web,Ubuntu,53.59,70.55,48.86,58.47,58.24,60.95,2,566.05,6046.21,0,1
2024-01-17 11:30:00,SRV-0284,us-east-1,storage,CentOS,49.15,52.58,78.57,118.28,41.02,59.26,4,297.54,6046.86,0,0
2024-01-17 12:00:00,SRV-0228,sa-east-1,storage,Ubuntu,91.01,90.53,17.28,23.9,7.99,81.46,5,749.14,8194.35,0,1
2024-01-17 12:30:00,SRV-0188,eu-central-1,storage,Windows Server,19.47,55.67,67.04,90.38,62.07,50.63,3,149.78,6379.22,0,0
2024-01-17 13:00:00,SRV-0121,ap-southeast-1,database,Ubuntu,23.38,60.14,21.89,319.54,114.0,55.23,1,474.89,2642.41,0,0
2024-01-17 13:30:00,SRV-0149,us-east-1,cache,Linux,66.06,54.14,19.33,82.02,82.86,60.0,3,263.92,3096.51,0,0
2024-01-17 14:00:00,SRV-0057,eu-central-1,database,Windows Server,44.21,57.04,15.15,274.48,213.16,57.78,2,186.78,3426.74,0,0
2024-01-17 14:30:00,SRV-0189,eu-central-1,cache,Ubuntu,58.63,63.82,5.87,133.83,43.65,58.11,4,229.24,270.85,0,0
2024-01-17 15:00:00,SRV-0038,us-east-1,web,Linux,45.57,42.12,0.09,31.96,10.75,57.97,3,249.22,8002.44,0,0
2024-01-17 15:30:00,SRV-0201,us-west-2,web,Ubuntu,45.6,41.71,6.91,130.52,111.13,57.11,3,195.45,645.25,0,0
2024-01-17 16:00:00,SRV-0229,us-west-2,web,Windows Server,63.77,35.01,17.82,105.78,108.48,65.27,4,313.08,6130.5,0,0
2024-01-17 16:30:00,SRV-0131,sa-east-1,cache,Ubuntu,34.68,31.2,11.95,76.28,52.94,49.87,2,193.71,6396.48,0,0
2024-01-17 17:00:00,SRV-0171,sa-east-1,web,CentOS,46.92,38.09,14.88,19.11,15.27,51.33,2,231.66,7391.1,0,0
2024-01-17 17:30:00,SRV-0035,eu-central-1,database,Ubuntu,35.75,62.87,98.62,80.86,82.47,43.83,2,258.22,4847.9,0,0
2024-01-17 18:00:00,SRV-0201,us-east-1,cache,Windows Server,36.31,43.93,10.78,11.33,9.63,53.87,4,176.74,6353.59,0,0
2024-01-17 18:30:00,SRV-0168,us-west-2,storage,RHEL,38.82,69.25,15.05,15.6,7.84,53.37,1,311.93,2652.55,0,0
2024-01-17 19:00:00,SRV-0246,eu-central-1,cache,Ubuntu,49.44,60.62,3.58,80.66,68.7,56.4,3,285.56,6531.57,0,0
2024-01-17 19:30:00,SRV-0224,us-west-2,database,CentOS,35.43,24.57,1.23,54.66,47.3,60.78,2,402.72,3008.98,0,0
2024-01-17 20:00:00,SRV-0058,us-east-1,database,Windows Server,70.12,71.79,37.34,389.63,374.32,63.75,4,305.73,7908.96,0,0
2024-01-17 20:30:00,SRV-0290,us-west-2,database,Linux,27.11,74.59,21.14,70.67,60.69,57.93,1,537.12,1432.06,0,0
2024-01-17 21:00:00,SRV-0025,ap-southeast-1,web,RHEL,41.26,42.11,35.75,212.73,249.39,64.62,3,259.55,2766.72,0,0
2024-01-17 21:30:00,SRV-0032,sa-east-1,storage,Ubuntu,36.21,67.56,4.06,113.33,54.12,44.73,1,521.31,4369.72,0,0
2024-01-17 22:00:00,SRV-0110,us-west-2,storage,Windows Server,73.94,44.58,21.21,182.65,211.14,70.04,3,274.56,6796.68,0,0
2024-01-17 22:30:00,SRV-0101,us-east-1,compute,CentOS,86.47,92.15,7.31,45.19,35.45,84.39,5,439.61,6559.73,0,0
2024-01-17 23:00:00,SRV-0150,us-east-1,database,CentOS,65.64,37.24,6.47,426.85,386.2,51.7,4,416.53,1846.67,0,0
2024-01-17 23:30:00,SRV-0193,ap-southeast-1,web,Windows Server,15.29,27.72,0.29,113.28,44.12,38.89,0,101.33,1264.36,0,0
2024-01-18 00:00:00,SRV-0109,us-east-1,cache,CentOS,50.34,53.11,3.49,266.97,171.53,64.01,3,287.53,2663.47,0,0
2024-01-18 00:30:00,SRV-0277,ap-southeast-1,web,RHEL,62.79,57.77,9.25,68.13,67.62,75.21,4,400.3,4238.2,0,0
2024-01-18 01:00:00,SRV-0233,eu-central-1,database,Linux,46.65,52.84,3.11,15.84,14.83,63.17,2,272.27,4722.15,0,0
2024-01-18 01:30:00,SRV-0021,us-west-2,web,CentOS,66.31,38.69,100.0,168.0,56.47,68.14,4,255.52,3759.82,0,0
2024-01-18 02:00:00,SRV-0252,us-east-1,database,CentOS,34.65,52.8,9.23,1.17,0.93,53.76,1,272.2,5809.01,0,0
2024-01-18 02:30:00,SRV-0014,sa-east-1,cache,Linux,97.74,87.18,3.49,96.74,36.71,92.27,6,349.47,3745.99,0,1
2024-01-18 03:00:00,SRV-0215,us-west-2,cache,RHEL,90.98,59.19,5.55,32.13,38.43,87.13,7,493.02,8289.9,0,1
2024-01-18 03:30:00,SRV-0024,ap-southeast-1,storage,RHEL,99.74,97.28,22.15,148.08,164.01,90.82,5,353.62,2286.83,0,1
2024-01-18 04:00:00,SRV-0020,us-west-2,compute,RHEL,36.09,47.94,1.65,582.51,185.81,44.44,1,173.05,5496.15,0,0
2024-01-18 04:30:00,SRV-0202,us-west-2,web,CentOS,74.07,81.09,49.59,93.66,100.47,59.14,3,304.38,5356.06,0,0
2024-01-18 05:00:00,SRV-0052,us-east-1,compute,CentOS,76.59,38.83,81.43,255.15,287.68,77.25,7,380.11,2467.31,0,0
2024-01-18 05:30:00,SRV-0186,sa-east-1,web,RHEL,34.54,68.78,7.08,106.33,65.73,53.58,1,528.11,3606.97,0,0
2024-01-18 06:00:00,SRV-0207,eu-central-1,storage,CentOS,36.6,81.27,14.95,102.73,97.34,55.55,3,172.33,3202.18,0,0
2024-01-18 06:30:00,SRV-0095,sa-east-1,storage,Ubuntu,39.36,68.66,0.56,399.8,279.02,46.79,1,183.49,1511.92,0,0
2024-01-18 07:00:00,SRV-0266,ap-southeast-1,cache,CentOS,18.11,56.35,25.59,331.04,294.53,43.48,0,150.36,4181.63,0,0
2024-01-18 07:30:00,SRV-0015,sa-east-1,cache,RHEL,26.63,50.49,13.36,231.13,140.13,49.17,1,310.8,3387.77,0,0
2024-01-18 08:00:00,SRV-0175,sa-east-1,cache,Windows Server,24.92,78.65,7.87,52.7,31.11,51.01,1,187.72,1562.88,0,0
2024-01-18 08:30:00,SRV-0219,ap-southeast-1,web,RHEL,29.64,34.39,5.79,118.12,80.56,49.86,1,177.74,3941.5,0,0
2024-01-18 09:00:00,SRV-0010,sa-east-1,compute,Windows Server,44.31,42.54,26.53,38.02,16.39,52.54,4,265.29,3695.93,0,0
2024-01-18 09:30:00,SRV-0019,eu-central-1,compute,CentOS,49.68,52.84,13.46,88.03,92.25,55.95,2,229.23,1151.63,0,0
2024-01-18 10:00:00,SRV-0068,us-west-2,cache,CentOS,76.01,82.28,4.95,99.31,60.96,76.45,3,329.31,1150.07,0,0
2024-01-18 10:30:00,SRV-0278,eu-central-1,storage,Windows Server,25.03,66.84,29.21,267.25,176.42,51.24,3,165.54,5672.52,0,0
2024-01-18 11:00:00,SRV-0294,us-west-2,compute,RHEL,64.69,42.58,20.81,339.55,375.08,68.94,5,407.1,6189.94,0,0
2024-01-18 11:30:00,SRV-0015,us-west-2,storage,Linux,40.72,54.41,48.92,80.32,60.0,51.79,2,430.2,8244.8,0,0
2024-01-18 12:00:00,SRV-0114,sa-east-1,cache,Linux,44.01,48.94,3.12,2.68,2.12,42.84,3,324.57,763.07,0,0
2024-01-18 12:30:00,SRV-0300,us-west-2,web,RHEL,96.03,94.51,38.51,296.83,344.57,93.93,4,395.92,1033.35,0,1
2024-01-18 13:00:00,SRV-0158,ap-southeast-1,database,CentOS,22.55,77.62,27.98,28.72,31.54,44.69,2,187.82,454.87,0,1
2024-01-18 13:30:00,SRV-0104,eu-central-1,compute,Windows Server,52.65,35.31,3.05,145.88,66.01,62.8,3,221.31,4662.79,0,0
2024-01-18 14:00:00,SRV-0280,us-west-2,cache,Windows Server,48.33,88.96,29.67,3.79,2.75,75.76,2,332.37,5455.64,0,1
2024-01-18 14:30:00,SRV-0086,sa-east-1,cache,RHEL,54.85,74.91,14.56,76.5,89.82,65.42,4,305.3,3535.46,0,0
2024-01-18 15:00:00,SRV-0094,sa-east-1,compute,RHEL,86.14,82.63,72.5,639.88,406.41,90.22,7,541.16,6989.83,0,0
2024-01-18 15:30:00,SRV-0174,sa-east-1,database,Ubuntu,87.92,88.24,3.82,15.92,10.1,89.9,5,336.16,6015.8,0,0
2024-01-18 16:00:00,SRV-0242,us-east-1,web,Windows Server,32.25,57.3,25.74,82.67,39.31,49.75,4,289.33,8635.98,0,0
2024-01-18 16:30:00,SRV-0262,eu-central-1,compute,Ubuntu,91.77,99.83,12.03,55.04,22.18,94.51,4,440.72,1208.82,0,1
2024-01-18 17:00:00,SRV-0294,sa-east-1,web,CentOS,32.54,50.56,78.56,353.22,341.31,61.92,1,178.52,511.79,0,0
2024-01-18 17:30:00,SRV-0282,ap-southeast-1,cache,Windows Server,33.89,68.89,10.01,305.27,303.15,62.7,1,261.75,2408.01,0,0
2024-01-18 18:00:00,SRV-0147,sa-east-1,compute,RHEL,32.25,83.33,81.88,40.71,47.72,50.02,1,404.95,167.86,0,0
2024-01-18 18:30:00,SRV-0002,us-east-1,web,RHEL,68.78,40.07,57.94,12.7,12.65,68.78,4,506.98,8169.74,0,0
2024-01-18 19:00:00,SRV-0068,eu-central-1,storage,CentOS,73.41,53.42,7.88,147.98,76.81,62.22,4,397.39,2663.31,0,0
2024-01-18 19:30:00,SRV-0069,us-west-2,storage,Linux,33.59,57.28,40.68,61.5,20.67,57.56,2,155.68,4839.74,0,0
2024-01-18 20:00:00,SRV-0047,eu-central-1,storage,Ubuntu,87.96,89.92,100.0,167.25,198.51,93.47,4,519.65,2786.97,0,1
2024-01-18 20:30:00,SRV-0064,us-west-2,web,RHEL,54.43,70.64,7.28,4.9,2.97,61.97,3,320.51,2154.04,0,0
2024-01-18 21:00:00,SRV-0080,us-west-2,storage,Windows Server,97.69,81.5,14.35,21.48,12.47,81.98,5,380.25,1335.56,0,1
2024-01-18 21:30:00,SRV-0254,sa-east-1,cache,Windows Server,57.66,56.48,18.36,173.93,194.0,64.86,3,243.71,2807.09,0,0
2024-01-18 22:00:00,SRV-0237,ap-southeast-1,web,Windows Server,49.06,51.86,8.74,35.81,29.6,61.71,2,209.53,5391.45,0,0
2024-01-18 22:30:00,SRV-0139,ap-southeast-1,cache,CentOS,14.69,45.79,0.38,292.35,144.24,46.28,1,99.21,8511.43,0,0
2024-01-18 23:00:00,SRV-0264,sa-east-1,database,Linux,75.95,59.87,6.22,9.06,9.96,71.27,3,418.13,4889.33,0,0
2024-01-18 23:30:00,SRV-0154,us-east-1,web,Ubuntu,85.1,85.93,8.28,36.4,43.47,82.68,5,332.21,4667.0,0,0
2024-01-19 00:00:00,SRV-0132,us-west-2,storage,Windows Server,32.74,53.31,14.66,981.49,371.01,58.08,2,150.69,309.87,0,0
2024-01-19 00:30:00,SRV-0226,ap-southeast-1,storage,Windows Server,37.25,46.89,4.69,85.13,91.6,58.58,3,212.37,7359.43,0,0
2024-01-19 01:00:00,SRV-0092,eu-central-1,database,RHEL,50.72,65.75,51.64,182.09,118.62,55.37,2,268.05,393.77,0,0
2024-01-19 01:30:00,SRV-0118,us-east-1,compute,Linux,51.69,89.77,30.51,30.26,23.35,55.62,3,223.61,7938.69,0,0
2024-01-19 02:00:00,SRV-0126,sa-east-1,database,RHEL,58.17,62.52,2.23,141.19,158.6,62.0,3,229.02,4719.23,0,0
2024-01-19 02:30:00,SRV-0227,us-east-1,storage,CentOS,85.2,77.93,26.25,194.25,228.45,77.77,5,326.58,1476.6,0,0
2024-01-19 03:00:00,SRV-0179,ap-southeast-1,storage,CentOS,41.46,34.98,26.51,56.64,30.35,57.32,2,288.05,3957.51,0,0
2024-01-19 03:30:00,SRV-0085,sa-east-1,compute,Ubuntu,29.03,62.84,78.22,264.82,130.18,48.4,5,145.68,8716.07,0,0
2024-01-19 04:00:00,SRV-0164,ap-southeast-1,database,CentOS,17.41,40.25,0.08,138.73,51.67,48.27,2,183.22,2673.22,0,0
2024-01-19 04:30:00,SRV-0230,us-west-2,cache,Ubuntu,30.38,33.42,7.12,73.93,59.56,50.5,2,156.97,2361.2,0,0
2024-01-19 05:00:00,SRV-0206,us-east-1,database,RHEL,97.29,87.53,65.7,122.35,38.2,90.34,5,363.63,1034.61,0,1
2024-01-19 05:30:00,SRV-0104,us-west-2,cache,Windows Server,80.89,81.45,67.26,128.97,86.5,74.02,5,342.61,5231.37,0,0
2024-01-19 06:00:00,SRV-0114,eu-central-1,storage,Windows Server,34.65,77.1,31.88,27.14,9.94,52.28,1,164.57,782.54,0,0
2024-01-19 06:30:00,SRV-0188,us-west-2,storage,Linux,49.48,64.37,36.29,77.31,51.39,60.95,3,217.45,6710.46,0,0
2024-01-19 07:00:00,SRV-0271,us-east-1,database,CentOS,44.67,32.41,2.4,63.11,21.2,64.44,4,226.93,8052.48,0,0
2024-01-19 07:30:00,SRV-0051,eu-central-1,storage,Linux,68.77,56.47,18.03,76.85,80.82,64.66,4,296.3,8163.26,0,0
2024-01-19 08:00:00,SRV-0222,ap-southeast-1,compute,Linux,95.54,65.43,6.59,214.76,104.97,80.23,6,474.95,946.24,0,0
2024-01-19 08:30:00,SRV-0111,eu-central-1,web,Windows Server,34.38,63.16,5.0,98.82,58.85,53.4,3,160.92,4890.82,0,0
2024-01-19 09:00:00,SRV-0055,us-east-1,cache,CentOS,35.21,26.81,41.56,422.8,457.92,56.22,3,352.57,851.59,0,0
2024-01-19 09:30:00,SRV-0012,sa-east-1,storage,Windows Server,65.88,43.97,3.63,52.15,50.67,63.08,4,417.06,5011.29,0,0
2024-01-19 10:00:00,SRV-0190,eu-central-1,cache,Linux,58.64,58.85,15.81,80.6,40.07,64.01,2,371.15,7139.41,0,0
2024-01-19 10:30:00,SRV-0155,ap-southeast-1,database,CentOS,81.93,69.65,69.75,231.94,84.59,78.31,5,332.82,4711.5,0,0
2024-01-19 11:00:00,SRV-0265,eu-central-1,compute,Windows Server,56.68,20.47,5.14,118.46,111.84,57.99,3,393.13,7639.32,0,0
2024-01-19 11:30:00,SRV-0104,us-west-2,cache,Ubuntu,37.81,57.08,95.41,118.79,77.41,48.48,1,183.63,7022.87,0,0
2024-01-19 12:00:00,SRV-0163,sa-east-1,storage,Ubuntu,88.14,93.68,100.0,8.22,8.14,82.74,5,327.7,2423.29,0,0
2024-01-19 12:30:00,SRV-0141,us-east-1,web,RHEL,67.17,75.29,20.28,76.27,53.45,61.02,3,256.12,5520.07,0,0
2024-01-19 13:00:00,SRV-0237,sa-east-1,compute,RHEL,61.41,72.47,4.66,47.36,28.95,67.54,6,514.43,65.92,0,0
2024-01-19 13:30:00,SRV-0044,us-west-2,database,CentOS,55.15,70.49,9.5,1000.0,706.08,55.03,4,252.25,3469.93,0,0
2024-01-19 14:00:00,SRV-0239,sa-east-1,storage,RHEL,66.33,45.6,13.81,55.3,53.85,65.04,3,498.64,2085.29,0,0
2024-01-19 14:30:00,SRV-0097,us-west-2,compute,CentOS,68.39,25.66,9.25,323.77,360.03,70.45,3,286.99,8209.2,0,0
2024-01-19 15:00:00,SRV-0098,eu-central-1,storage,Linux,72.64,52.93,8.23,169.16,58.32,71.14,5,506.06,3551.8,0,0
2024-01-19 15:30:00,SRV-0053,us-east-1,database,Ubuntu,57.97,78.03,89.59,62.54,48.26,61.26,3,458.19,5729.95,0,0
2024-01-19 16:00:00,SRV-0109,us-west-2,database,CentOS,41.66,85.08,4.16,117.64,38.77,57.62,2,432.25,6412.43,0,0
2024-01-19 16:30:00,SRV-0257,us-west-2,web,Linux,47.93,72.79,33.04,275.39,198.71,59.71,4,262.35,6773.57,0,0
2024-01-19 17:00:00,SRV-0011,eu-central-1,compute,Ubuntu,69.13,67.73,0.01,322.31,353.5,66.53,4,458.34,6445.65,0,0
2024-01-19 17:30:00,SRV-0178,us-west-2,web,Windows Server,28.66,66.83,22.67,26.22,16.4,50.41,3,437.1,2533.8,0,0
2024-01-19 18:00:00,SRV-0294,us-east-1,web,Linux,52.37,49.99,61.91,62.23,70.89,72.13,2,246.37,6010.27,0,0
2024-01-19 18:30:00,SRV-0025,ap-southeast-1,web,Windows Server,93.28,93.74,8.49,61.25,53.13,85.39,4,384.12,4809.77,0,1
2024-01-19 19:00:00,SRV-0126,sa-east-1,cache,RHEL,91.53,98.78,5.13,6.44,7.35,84.84,4,451.61,5233.39,0,1
2024-01-19 19:30:00,SRV-0266,us-west-2,database,CentOS,70.57,43.03,26.37,136.78,134.25,65.74,4,297.43,8.14,0,0
2024-01-19 20:00:00,SRV-0133,sa-east-1,web,Ubuntu,48.82,89.07,31.17,289.47,113.79,59.1,2,336.63,2263.08,0,0
2024-01-19 20:30:00,SRV-0278,sa-east-1,cache,RHEL,45.93,54.2,29.12,72.09,36.62,51.71,3,195.46,8152.86,0,0
2024-01-19 21:00:00,SRV-0042,ap-southeast-1,cache,Linux,17.8,83.86,9.62,202.08,132.31,43.07,4,177.54,2541.78,0,0
2024-01-19 21:30:00,SRV-0101,us-west-2,cache,RHEL,87.01,93.91,7.27,148.21,67.15,89.73,4,324.08,3837.58,0,1
2024-01-19 22:00:00,SRV-0284,us-east-1,web,Windows Server,57.91,70.55,78.04,70.66,52.67,60.55,4,258.45,1636.08,0,0
2024-01-19 22:30:00,SRV-0277,us-west-2,cache,Windows Server,88.27,46.74,64.2,22.81,16.52,84.9,5,344.72,1215.02,0,1
2024-01-19 23:00:00,SRV-0139,sa-east-1,web,CentOS,38.84,34.53,15.28,185.33,215.1,49.32,1,349.13,1828.73,0,0
2024-01-19 23:30:00,SRV-0221,eu-central-1,compute,RHEL,49.38,63.93,46.8,289.2,199.65,54.49,5,219.66,4850.4,0,0
2024-01-20 00:00:00,SRV-0069,ap-southeast-1,database,Ubuntu,49.99,78.17,15.05,173.68,174.91,58.29,3,365.22,8050.77,0,0
2024-01-20 00:30:00,SRV-0293,us-east-1,storage,Windows Server,76.55,44.79,13.81,2.71,3.11,70.3,3,437.62,2858.18,0,0
2024-01-20 01:00:00,SRV-0177,us-east-1,web,Linux,43.09,33.02,4.26,36.55,39.81,61.85,2,248.37,2833.73,0,0
2024-01-20 01:30:00,SRV-0197,sa-east-1,database,RHEL,50.58,58.35,13.9,10.8,5.27,62.49,2,228.38,4942.31,0,0
2024-01-20 02:00:00,SRV-0033,us-east-1,web,Ubuntu,57.16,58.43,19.27,126.73,94.59,60.78,3,247.21,3125.71,0,0
2024-01-20 02:30:00,SRV-0228,sa-east-1,compute,Ubuntu,48.73,69.87,0.57,211.88,129.88,58.83,5,258.73,7975.33,0,0
2024-01-20 03:00:00,SRV-0136,us-east-1,database,Ubuntu,36.07,77.09,14.68,17.58,11.6,52.83,3,159.1,3310.57,0,0
2024-01-20 03:30:00,SRV-0134,us-east-1,database,Ubuntu,48.88,58.93,38.01,273.34,170.76,54.98,4,272.44,4296.78,0,0
2024-01-20 04:00:00,SRV-0143,sa-east-1,cache,Windows Server,66.47,93.4,28.49,121.62,126.94,62.15,4,554.71,4672.96,0,0
2024-01-20 04:30:00,SRV-0245,ap-southeast-1,web,CentOS,24.47,64.04,25.21,175.66,124.18,54.93,2,140.22,6851.13,0,0
2024-01-20 05:00:00,SRV-0137,us-east-1,web,RHEL,47.66,53.76,60.08,533.16,411.24,49.92,5,278.16,4940.25,0,0
2024-01-20 05:30:00,SRV-0061,us-west-2,storage,Windows Server,31.0,30.99,0.45,13.11,15.52,60.49,1,469.43,2095.76,0,0
2024-01-20 06:00:00,SRV-0056,eu-central-1,cache,CentOS,68.9,55.27,20.36,347.24,122.91,65.85,4,453.69,1087.0,0,0
2024-01-20 06:30:00,SRV-0133,sa-east-1,cache,Ubuntu,14.54,53.95,38.7,20.22,14.95,41.95,0,283.57,8214.97,0,0
2024-01-20 07:00:00,SRV-0208,us-east-1,storage,Linux,94.17,81.97,19.49,74.87,74.62,83.31,4,505.04,7021.89,0,1
2024-01-20 07:30:00,SRV-0126,ap-southeast-1,cache,Ubuntu,52.54,68.32,9.79,286.01,124.72,68.44,4,244.6,202.15,0,0
2024-01-20 08:00:00,SRV-0123,us-west-2,cache,CentOS,76.31,38.77,3.66,355.08,301.95,76.11,4,500.22,7196.77,0,0
2024-01-20 08:30:00,SRV-0231,sa-east-1,compute,CentOS,43.68,63.1,54.63,105.9,54.59,59.98,2,464.66,5174.05,0,0
2024-01-20 09:00:00,SRV-0035,us-west-2,database,Linux,33.9,72.09,15.91,135.25,146.16,58.99,2,220.16,4545.99,0,0
2024-01-20 09:30:00,SRV-0266,eu-central-1,storage,Windows Server,82.62,87.5,52.62,184.73,109.8,64.47,5,341.65,108.12,0,0
2024-01-20 10:00:00,SRV-0091,ap-southeast-1,compute,Linux,16.04,75.98,22.04,268.25,159.92,43.81,2,151.6,6840.59,0,0
2024-01-20 10:30:00,SRV-0021,sa-east-1,compute,Ubuntu,1.02,73.7,28.04,19.43,16.29,35.85,0,93.75,1735.85,0,0
2024-01-20 11:00:00,SRV-0140,sa-east-1,compute,RHEL,53.8,61.08,40.77,249.16,115.91,67.64,2,235.28,6377.39,0,0
2024-01-20 11:30:00,SRV-0265,us-east-1,cache,Windows Server,34.96,66.99,26.91,98.46,54.78,52.07,2,251.23,139.99,0,0
2024-01-20 12:00:00,SRV-0120,us-west-2,storage,RHEL,24.58,82.49,12.69,89.85,60.64,54.06,1,206.42,6976.26,0,0
2024-01-20 12:30:00,SRV-0221,sa-east-1,cache,RHEL,59.17,36.01,18.02,82.72,51.14,66.35,4,289.6,202.8,0,0
2024-01-20 13:00:00,SRV-0023,us-west-2,cache,Windows Server,49.88,53.71,40.62,106.76,82.46,55.64,5,209.7,2067.19,0,0
2024-01-20 13:30:00,SRV-0039,eu-central-1,compute,Ubuntu,33.72,46.09,11.7,435.2,365.43,50.55,4,310.56,2350.85,0,0
2024-01-20 14:00:00,SRV-0235,us-east-1,web,CentOS,19.39,66.82,12.28,119.18,96.53,54.23,2,127.41,1380.62,0,0
2024-01-20 14:30:00,SRV-0241,eu-central-1,storage,Ubuntu,62.45,82.14,2.51,459.21,408.12,61.1,4,249.51,4214.59,0,0
2024-01-20 15:00:00,SRV-0128,us-east-1,storage,CentOS,58.0,49.25,61.51,29.82,17.21,63.83,2,321.58,2485.82,0,0
2024-01-20 15:30:00,SRV-0022,us-east-1,compute,CentOS,43.02,16.97,2.39,193.18,79.93,53.29,4,229.91,8701.21,0,0
2024-01-20 16:00:00,SRV-0055,us-west-2,compute,Windows Server,81.93,52.58,26.12,250.89,247.06,71.2,6,301.97,5080.95,0,0
2024-01-20 16:30:00,SRV-0047,us-east-1,database,Windows Server,23.6,76.44,13.33,170.51,181.71,49.21,2,164.73,4962.78,0,0
2024-01-20 17:00:00,SRV-0234,eu-central-1,compute,Linux,14.49,69.68,13.01,140.06,74.42,41.88,1,241.21,1935.6,0,0
2024-01-20 17:30:00,SRV-0027,eu-central-1,cache,RHEL,31.16,67.71,28.45,124.8,83.16,47.66,2,239.0,3580.71,0,0
2024-01-20 18:00:00,SRV-0048,eu-central-1,compute,RHEL,44.09,54.96,1.74,295.92,221.56,59.07,2,227.33,1086.92,0,0
2024-01-20 18:30:00,SRV-0167,us-west-2,storage,RHEL,90.97,88.02,22.52,258.6,201.71,82.08,5,344.22,6679.99,0,1
2024-01-20 19:00:00,SRV-0271,us-west-2,web,RHEL,40.18,69.28,36.96,19.57,17.48,52.02,2,270.44,2901.62,0,0
2024-01-20 19:30:00,SRV-0081,ap-southeast-1,web,Linux,52.04,44.98,44.04,283.16,95.55,56.12,2,424.65,6587.47,0,0
2024-01-20 20:00:00,SRV-0118,sa-east-1,cache,CentOS,19.97,99.31,4.67,80.18,76.12,47.6,2,213.83,3256.69,0,0
2024-01-20 20:30:00,SRV-0045,ap-southeast-1,web,Linux,73.88,70.27,56.93,43.89,15.62,74.27,4,439.24,8661.52,0,0
2024-01-20 21:00:00,SRV-0275,ap-southeast-1,compute,Windows Server,43.36,49.55,26.69,305.77,220.6,64.88,5,253.79,1499.85,0,0
2024-01-20 21:30:00,SRV-0181,us-east-1,web,Ubuntu,67.35,49.0,53.4,84.85,88.66,63.31,4,378.61,14.35,0,0
2024-01-20 22:00:00,SRV-0232,us-east-1,compute,CentOS,51.85,58.33,16.6,247.82,174.99,71.49,2,432.12,5211.08,0,0
2024-01-20 22:30:00,SRV-0086,ap-southeast-1,database,CentOS,54.14,55.69,19.52,45.86,19.91,56.63,2,360.76,8347.92,0,0
2024-01-20 23:00:00,SRV-0105,sa-east-1,storage,Linux,56.4,80.1,62.84,0.59,0.7,67.98,4,459.82,5668.55,0,0
2024-01-20 23:30:00,SRV-0243,ap-southeast-1,cache,Windows Server,53.95,63.36,57.54,102.62,112.91,57.97,3,268.27,751.85,0,0
2024-01-21 00:00:00,SRV-0177,us-west-2,database,Windows Server,57.85,46.83,14.86,15.84,15.75,58.79,2,458.13,4735.07,0,0
2024-01-21 00:30:00,SRV-0234,eu-central-1,web,CentOS,71.58,94.03,8.02,210.59,141.17,64.91,4,361.92,7967.2,0,0
2024-01-21 01:00:00,SRV-0078,ap-southeast-1,cache,Linux,48.93,60.89,12.49,48.46,22.56,59.31,3,400.85,57.99,0,0
2024-01-21 01:30:00,SRV-0126,us-east-1,compute,RHEL,59.18,73.84,12.27,87.95,100.91,66.57,3,231.56,1462.98,0,0
2024-01-21 02:00:00,SRV-0189,sa-east-1,database,CentOS,43.21,49.05,8.45,13.66,10.64,60.63,3,286.87,7135.74,0,0
2024-01-21 02:30:00,SRV-0060,us-east-1,storage,RHEL,73.8,66.54,7.82,50.67,54.07,64.8,4,459.78,7830.73,0,0
2024-01-21 03:00:00,SRV-0220,us-west-2,storage,Ubuntu,31.47,65.6,49.34,228.14,138.68,47.64,2,163.56,6195.02,0,0
2024-01-21 03:30:00,SRV-0076,us-east-1,database,Windows Server,92.72,93.19,1.81,24.66,14.84,85.9,4,436.57,8686.08,0,1
2024-01-21 04:00:00,SRV-0091,us-east-1,database,CentOS,44.2,96.27,28.3,156.26,185.48,57.12,3,356.86,791.2,0,0
2024-01-21 04:30:00,SRV-0116,sa-east-1,database,Ubuntu,16.38,83.23,4.74,374.11,287.93,45.5,0,133.11,4780.58,0,0
2024-01-21 05:00:00,SRV-0280,sa-east-1,web,RHEL,47.56,52.85,10.56,170.84,72.88,54.27,2,244.65,6000.87,0,0
2024-01-21 05:30:00,SRV-0167,us-east-1,storage,CentOS,31.38,40.16,1.59,249.92,124.39,53.9,3,228.42,6155.47,0,0
2024-01-21 06:00:00,SRV-0126,us-east-1,storage,Ubuntu,61.81,66.26,7.87,17.31,12.7,76.04,4,308.66,6951.13,0,0
2024-01-21 06:30:00,SRV-0233,ap-southeast-1,web,CentOS,31.95,61.56,36.57,43.3,14.64,50.26,1,149.84,8038.49,0,0
2024-01-21 07:00:00,SRV-0114,us-west-2,cache,Ubuntu,36.08,66.4,54.07,337.41,241.68,52.26,3,168.62,3168.62,0,0
2024-01-21 07:30:00,SRV-0100,ap-southeast-1,storage,Ubuntu,7.21,63.45,6.26,188.35,127.52,45.68,0,82.22,377.32,0,0
2024-01-21 08:00:00,SRV-0151,sa-east-1,cache,RHEL,35.95,69.11,15.57,153.06,153.28,51.59,2,188.28,3175.63,0,0
2024-01-21 08:30:00,SRV-0072,ap-southeast-1,cache,Windows Server,0.0,86.05,15.89,163.49,101.28,43.34,0,78.22,5883.67,0,0
2024-01-21 09:00:00,SRV-0167,ap-southeast-1,cache,Linux,13.32,70.23,51.7,80.22,95.0,41.74,2,225.53,1870.66,0,0
2024-01-21 09:30:00,SRV-0072,us-east-1,storage,Ubuntu,60.21,41.11,35.97,6.84,3.16,73.24,4,315.66,7095.55,0,0
2024-01-21 10:00:00,SRV-0011,us-east-1,compute,Windows Server,60.72,84.53,17.99,230.18,191.48,66.01,4,376.53,1925.92,0,0
2024-01-21 10:30:00,SRV-0298,us-west-2,cache,Linux,53.51,89.53,27.77,170.31,64.84,58.3,4,217.77,89.15,0,1
2024-01-21 11:00:00,SRV-0229,eu-central-1,compute,RHEL,98.52,88.69,46.99,96.03,92.23,94.05,6,411.97,4451.28,0,1
2024-01-21 11:30:00,SRV-0126,eu-central-1,web,CentOS,44.05,39.78,0.24,345.03,412.4,55.05,5,221.26,6364.08,0,0
2024-01-21 12:00:00,SRV-0153,ap-southeast-1,compute,Windows Server,44.93,64.37,12.89,61.46,63.74,64.83,2,374.46,3063.63,0,0
2024-01-21 12:30:00,SRV-0162,us-west-2,compute,CentOS,21.83,22.52,59.44,52.29,41.84,42.39,1,238.53,6560.58,0,0
2024-01-21 13:00:00,SRV-0278,us-west-2,database,CentOS,75.07,69.96,33.71,309.29,227.72,66.69,3,478.66,3840.98,0,0
2024-01-21 13:30:00,SRV-0179,sa-east-1,cache,Linux,62.55,50.13,19.57,239.17,251.5,62.21,4,242.4,1505.05,0,0
2024-01-21 14:00:00,SRV-0144,us-east-1,storage,Windows Server,40.58,94.62,18.86,108.53,123.99,56.15,2,299.33,794.2,0,0
2024-01-21 14:30:00,SRV-0139,sa-east-1,database,Ubuntu,45.54,46.06,10.68,21.02,25.02,56.86,3,264.27,6225.03,0,0
2024-01-21 15:00:00,SRV-0206,eu-central-1,compute,Linux,49.17,29.59,18.38,36.32,23.86,52.21,4,371.8,3379.48,0,0
2024-01-21 15:30:00,SRV-0096,us-west-2,web,Windows Server,90.33,99.51,26.63,160.17,190.89,87.61,4,391.74,7995.99,0,1
2024-01-21 16:00:00,SRV-0214,eu-central-1,storage,Ubuntu,40.06,24.44,13.55,72.93,32.11,55.52,2,247.87,4733.09,0,0
2024-01-21 16:30:00,SRV-0069,us-east-1,web,CentOS,31.36,73.52,31.31,271.62,143.47,49.4,2,149.4,3052.92,0,0
2024-01-21 17:00:00,SRV-0019,us-east-1,compute,RHEL,24.97,22.83,49.37,449.22,170.76,53.42,2,235.32,3057.81,0,0
2024-01-21 17:30:00,SRV-0101,us-east-1,web,RHEL,39.38,60.51,4.2,245.7,133.8,60.35,3,200.04,1152.26,0,0
2024-01-21 18:00:00,SRV-0081,eu-central-1,database,Linux,80.95,22.6,15.02,71.11,70.48,71.99,6,294.85,5202.0,0,0
2024-01-21 18:30:00,SRV-0183,us-west-2,web,Ubuntu,57.82,54.23,13.11,233.16,248.93,64.28,4,230.33,5100.2,0,0
2024-01-21 19:00:00,SRV-0018,sa-east-1,database,Ubuntu,33.58,89.58,29.08,64.95,65.02,42.63,2,466.05,7008.14,0,1
2024-01-21 19:30:00,SRV-0155,us-west-2,cache,RHEL,56.45,66.49,7.19,27.43,23.8,60.48,2,261.83,1763.28,0,0
2024-01-21 20:00:00,SRV-0129,us-west-2,storage,Ubuntu,72.99,44.46,25.56,5.09,3.88,74.22,3,471.51,2548.03,0,0
2024-01-21 20:30:00,SRV-0161,ap-southeast-1,web,Windows Server,63.49,59.44,52.49,73.09,68.55,63.28,4,561.56,852.71,0,0
2024-01-21 21:00:00,SRV-0119,us-west-2,database,Windows Server,46.19,60.32,13.54,350.82,228.65,54.79,2,475.52,2587.9,0,0
2024-01-21 21:30:00,SRV-0173,sa-east-1,compute,RHEL,32.06,68.51,60.48,40.97,43.31,64.21,1,359.66,3750.75,0,0
2024-01-21 22:00:00,SRV-0153,ap-southeast-1,compute,CentOS,58.96,35.4,100.0,34.7,31.56,72.68,5,452.12,8444.92,0,0
2024-01-21 22:30:00,SRV-0020,us-west-2,database,CentOS,52.87,70.67,2.8,525.09,487.3,63.49,3,242.72,5721.21,0,0
2024-01-21 23:00:00,SRV-0034,ap-southeast-1,storage,CentOS,62.9,11.32,6.63,3.8,2.97,70.86,3,255.14,6858.19,0,0
2024-01-21 23:30:00,SRV-0060,us-west-2,cache,RHEL,57.7,48.66,75.08,231.11,253.46,51.95,3,325.07,2852.14,0,0
2024-01-22 00:00:00,SRV-0158,us-east-1,cache,Linux,65.99,51.21,79.45,58.15,30.64,62.46,3,314.94,1266.79,0,0
2024-01-22 00:30:00,SRV-0206,us-east-1,storage,Ubuntu,34.3,71.4,2.57,5.73,3.69,51.37,2,163.28,2249.61,0,0
2024-01-22 01:00:00,SRV-0093,us-west-2,web,Windows Server,71.35,60.41,0.38,374.79,374.75,67.36,4,377.22,2247.4,0,0
2024-01-22 01:30:00,SRV-0218,ap-southeast-1,database,Windows Server,48.95,34.7,4.39,22.56,16.77,57.13,5,279.61,5108.51,0,0
2024-01-22 02:00:00,SRV-0089,sa-east-1,cache,Linux,86.51,42.27,100.0,120.37,132.44,61.85,6,508.34,2991.95,0,0
2024-01-22 02:30:00,SRV-0173,us-east-1,storage,Ubuntu,31.22,63.58,4.96,48.04,29.39,54.42,2,237.6,7510.96,0,0
2024-01-22 03:00:00,SRV-0040,ap-southeast-1,cache,CentOS,79.72,58.58,17.46,10.11,6.39,74.61,4,374.48,8659.66,0,0
2024-01-22 03:30:00,SRV-0203,sa-east-1,cache,Windows Server,48.96,49.58,47.17,7.68,8.45,67.59,6,254.99,3007.95,0,0
2024-01-22 04:00:00,SRV-0221,ap-southeast-1,web,CentOS,31.97,51.34,0.52,18.42,13.22,48.85,1,208.05,6176.62,0,0
2024-01-22 04:30:00,SRV-0047,us-west-2,cache,CentOS,35.32,72.53,23.19,11.11,8.49,49.78,2,464.71,5759.92,0,0
2024-01-22 05:00:00,SRV-0243,us-east-1,database,RHEL,38.59,50.68,8.11,214.42,128.54,42.04,1,180.68,1704.3,0,0
2024-01-22 05:30:00,SRV-0088,us-east-1,storage,RHEL,53.48,58.41,49.57,99.7,54.74,59.93,3,269.55,8041.84,0,0
2024-01-22 06:00:00,SRV-0157,us-east-1,web,Ubuntu,55.46,99.06,8.33,62.99,56.08,66.69,3,323.03,1747.92,0,0
2024-01-22 06:30:00,SRV-0162,us-west-2,web,Windows Server,33.53,34.37,29.02,81.29,33.15,50.35,3,207.32,6456.01,0,0
2024-01-22 07:00:00,SRV-0020,sa-east-1,storage,RHEL,44.51,26.67,28.04,396.65,432.88,68.52,2,216.84,3045.71,0,0
2024-01-22 07:30:00,SRV-0148,sa-east-1,database,Ubuntu,88.7,97.62,6.26,362.45,362.92,87.14,6,349.97,3216.27,0,1
2024-01-22 08:00:00,SRV-0201,us-east-1,cache,Linux,79.55,47.78,0.89,188.65,88.98,72.56,4,315.27,3990.28,0,0
2024-01-22 08:30:00,SRV-0151,sa-east-1,cache,CentOS,53.73,54.27,13.16,324.01,299.59,54.68,4,253.32,7573.23,0,0
2024-01-22 09:00:00,SRV-0100,us-east-1,database,Windows Server,45.76,45.94,8.53,57.77,48.67,59.74,3,392.6,1229.47,0,0
2024-01-22 09:30:00,SRV-0247,sa-east-1,compute,Windows Server,47.4,55.32,41.38,71.97,33.55,49.06,2,262.57,478.97,0,0
2024-01-22 10:00:00,SRV-0113,us-east-1,storage,Ubuntu,57.27,88.77,40.28,142.68,77.88,66.38,4,249.29,3522.48,0,0
2024-01-22 10:30:00,SRV-0219,sa-east-1,database,RHEL,91.52,94.17,15.27,146.58,97.93,93.42,4,373.1,487.87,0,1
2024-01-22 11:00:00,SRV-0025,ap-southeast-1,cache,CentOS,39.85,75.52,23.32,98.58,91.61,62.74,3,180.74,6023.7,0,0
2024-01-22 11:30:00,SRV-0289,us-east-1,storage,CentOS,11.63,34.51,23.17,76.79,67.18,39.55,0,319.26,6660.69,0,0
2024-01-22 12:00:00,SRV-0103,us-east-1,storage,Windows Server,52.98,39.28,43.88,642.25,500.32,62.0,3,261.41,7487.43,0,0
2024-01-22 12:30:00,SRV-0079,eu-central-1,cache,Windows Server,98.59,92.98,13.83,258.16,255.98,84.07,5,738.95,6516.31,0,1
2024-01-22 13:00:00,SRV-0016,us-east-1,database,CentOS,98.04,95.27,8.05,85.63,84.11,89.75,4,386.81,8027.32,0,1
2024-01-22 13:30:00,SRV-0059,sa-east-1,compute,Linux,76.48,77.22,7.7,194.9,166.85,66.27,5,460.45,6555.37,0,0
2024-01-22 14:00:00,SRV-0194,ap-southeast-1,storage,Ubuntu,20.48,69.31,19.21,47.12,47.51,36.23,5,141.08,8200.09,0,0
2024-01-22 14:30:00,SRV-0125,ap-southeast-1,storage,Linux,15.71,56.01,14.91,15.83,9.51,48.02,1,105.06,1692.46,0,0
2024-01-22 15:00:00,SRV-0032,sa-east-1,storage,RHEL,49.49,59.6,14.5,65.18,71.25,59.03,2,201.69,4379.3,0,0
2024-01-22 15:30:00,SRV-0178,us-west-2,database,Linux,65.94,47.6,2.39,77.37,66.03,63.54,3,341.01,8706.84,0,0
2024-01-22 16:00:00,SRV-0219,us-east-1,storage,Linux,78.68,63.69,31.7,2.5,2.6,75.29,3,323.37,5970.94,0,0
2024-01-22 16:30:00,SRV-0100,ap-southeast-1,cache,RHEL,35.82,73.79,6.01,252.94,200.24,54.1,2,216.08,7697.02,0,0
2024-01-22 17:00:00,SRV-0103,sa-east-1,cache,Ubuntu,66.57,30.91,5.48,66.75,33.15,60.03,3,420.45,267.22,0,0
2024-01-22 17:30:00,SRV-0118,ap-southeast-1,web,CentOS,44.23,65.39,13.31,130.27,102.68,48.03,3,211.21,7636.73,0,0
2024-01-22 18:00:00,SRV-0243,ap-southeast-1,storage,Linux,41.55,76.78,6.46,11.53,7.31,50.97,3,211.55,6112.27,0,0
2024-01-22 18:30:00,SRV-0119,sa-east-1,compute,Ubuntu,62.67,52.53,21.92,28.86,26.77,77.03,3,424.67,1496.65,0,0
2024-01-22 19:00:00,SRV-0007,eu-central-1,web,RHEL,58.05,72.61,11.61,330.67,240.8,66.83,2,292.02,225.94,0,0
2024-01-22 19:30:00,SRV-0010,ap-southeast-1,storage,Ubuntu,13.47,100.0,14.9,140.74,148.13,46.33,0,266.25,2277.7,0,0
2024-01-22 20:00:00,SRV-0281,ap-southeast-1,storage,Linux,74.53,58.12,19.26,450.21,409.81,68.9,4,320.51,8022.26,0,0
2024-01-22 20:30:00,SRV-0042,us-west-2,database,CentOS,72.6,67.08,5.69,1000.0,916.09,67.8,3,318.62,5853.18,0,0
2024-01-22 21:00:00,SRV-0047,eu-central-1,database,RHEL,32.49,46.71,4.23,69.75,34.56,58.83,2,165.76,8054.63,0,0
2024-01-22 21:30:00,SRV-0096,us-west-2,cache,RHEL,52.92,63.26,53.09,53.24,63.14,58.71,3,456.85,3908.83,0,0
2024-01-22 22:00:00,SRV-0246,sa-east-1,web,Linux,54.88,68.28,14.22,293.17,310.03,64.84,4,441.73,8204.92,0,0
2024-01-22 22:30:00,SRV-0224,us-east-1,web,Ubuntu,50.21,63.51,13.28,986.92,996.89,58.34,5,615.52,4056.07,0,0
2024-01-22 23:00:00,SRV-0114,sa-east-1,web,CentOS,33.99,41.65,0.91,148.99,88.98,63.3,2,203.47,1790.07,0,0
2024-01-22 23:30:00,SRV-0032,eu-central-1,cache,RHEL,31.57,63.71,17.23,237.81,185.99,56.34,1,315.42,1327.06,0,0
2024-01-23 00:00:00,SRV-0153,sa-east-1,compute,Linux,44.49,86.32,20.2,228.31,96.67,64.02,4,237.07,8705.8,0,0
2024-01-23 00:30:00,SRV-0217,eu-central-1,compute,Linux,68.45,68.08,20.46,65.85,51.67,64.46,5,315.93,2925.3,0,0
2024-01-23 01:00:00,SRV-0246,us-west-2,compute,Windows Server,55.87,77.32,30.69,128.09,55.25,67.64,3,394.81,1402.9,0,0
2024-01-23 01:30:00,SRV-0272,ap-southeast-1,web,Windows Server,37.59,55.73,4.88,268.52,214.2,53.47,3,182.29,74.65,0,0
2024-01-23 02:00:00,SRV-0261,sa-east-1,storage,Ubuntu,60.43,73.5,7.27,174.77,154.47,64.72,5,256.19,2502.3,0,0
2024-01-23 02:30:00,SRV-0007,sa-east-1,web,Linux,0.0,65.03,41.61,3.21,2.09,48.18,0,87.79,7788.77,0,0
2024-01-23 03:00:00,SRV-0205,ap-southeast-1,storage,Ubuntu,67.98,42.88,73.52,61.58,46.1,61.98,5,409.13,4678.39,0,0
2024-01-23 03:30:00,SRV-0264,sa-east-1,database,Ubuntu,10.21,65.73,3.65,23.41,25.47,45.1,1,127.24,5540.5,0,0
2024-01-23 04:00:00,SRV-0289,sa-east-1,cache,CentOS,37.75,42.15,17.21,39.78,15.82,57.29,1,207.6,8080.22,0,0
2024-01-23 04:30:00,SRV-0202,us-east-1,compute,Windows Server,22.61,48.61,6.03,353.86,358.3,51.64,2,791.73,4492.96,0,0
2024-01-23 05:00:00,SRV-0116,us-east-1,web,Ubuntu,19.11,63.41,1.55,5.64,2.56,45.39,0,155.74,7343.49,0,0
2024-01-23 05:30:00,SRV-0212,ap-southeast-1,web,CentOS,68.22,65.35,9.84,37.23,12.4,77.72,3,283.12,2837.46,0,0
2024-01-23 06:00:00,SRV-0160,us-west-2,database,CentOS,35.65,38.59,3.88,55.57,25.95,47.78,1,254.55,8559.44,0,0
2024-01-23 06:30:00,SRV-0129,sa-east-1,storage,Windows Server,51.93,78.97,30.94,143.91,142.26,68.07,2,367.68,691.33,0,0
2024-01-23 07:00:00,SRV-0148,sa-east-1,compute,Windows Server,44.06,70.3,19.07,114.57,76.14,63.7,3,189.4,6349.78,0,0
2024-01-23 07:30:00,SRV-0078,us-west-2,cache,Linux,96.53,87.35,3.88,36.94,40.09,81.16,6,436.07,5786.9,0,0
2024-01-23 08:00:00,SRV-0262,sa-east-1,storage,Ubuntu,46.54,32.32,0.23,26.91,20.78,50.67,3,193.25,1679.85,0,0
2024-01-23 08:30:00,SRV-0052,us-west-2,storage,CentOS,19.34,57.39,41.28,40.53,12.97,43.39,1,182.75,3406.88,0,0
2024-01-23 09:00:00,SRV-0258,ap-southeast-1,compute,Linux,92.35,92.05,4.85,104.73,98.98,92.77,6,356.75,2741.07,0,1
2024-01-23 09:30:00,SRV-0221,ap-southeast-1,cache,Ubuntu,35.12,62.04,23.3,47.45,18.94,44.66,2,192.0,828.66,0,0
2024-01-23 10:00:00,SRV-0039,us-west-2,compute,Ubuntu,13.87,53.46,10.27,442.33,446.95,37.52,0,154.55,5123.16,0,0
2024-01-23 10:30:00,SRV-0248,us-west-2,compute,Linux,36.44,23.87,22.02,93.51,42.2,52.13,3,421.19,8704.55,0,0
2024-01-23 11:00:00,SRV-0288,eu-central-1,web,CentOS,75.02,53.01,9.48,9.09,5.55,70.97,5,399.06,4902.43,0,0
2024-01-23 11:30:00,SRV-0254,us-east-1,cache,Linux,62.0,54.5,2.27,195.99,193.08,72.76,4,512.23,4776.93,0,0
2024-01-23 12:00:00,SRV-0116,us-east-1,storage,Ubuntu,38.03,71.41,6.31,59.81,69.31,54.28,2,271.95,354.11,0,0
2024-01-23 12:30:00,SRV-0197,sa-east-1,compute,Linux,38.01,47.43,5.21,158.98,100.84,52.16,1,164.76,1220.43,0,0
2024-01-23 13:00:00,SRV-0214,sa-east-1,database,Linux,38.57,90.22,13.97,49.19,51.48,56.98,2,196.57,4496.29,0,0
2024-01-23 13:30:00,SRV-0092,us-west-2,cache,Ubuntu,86.53,25.59,26.84,126.86,59.84,76.96,4,545.81,8630.18,0,0
2024-01-23 14:00:00,SRV-0032,us-west-2,database,Windows Server,52.64,83.6,7.66,221.86,227.73,63.26,4,311.04,7679.21,0,0
2024-01-23 14:30:00,SRV-0093,us-east-1,storage,CentOS,53.6,55.96,0.3,394.68,351.96,60.55,2,610.6,2980.89,0,0
2024-01-23 15:00:00,SRV-0232,sa-east-1,cache,Ubuntu,86.28,92.47,18.29,45.39,21.49,93.55,6,325.81,4757.17,0,0
2024-01-23 15:30:00,SRV-0131,us-east-1,web,Windows Server,88.24,96.19,23.27,61.16,35.0,88.62,6,349.91,4842.12,0,0
2024-01-23 16:00:00,SRV-0223,ap-southeast-1,cache,Linux,39.82,80.51,82.33,93.62,39.19,63.03,1,214.46,6004.07,0,0
2024-01-23 16:30:00,SRV-0013,us-east-1,storage,Windows Server,41.07,53.03,22.26,392.95,253.33,57.36,3,212.75,6025.28,0,0
2024-01-23 17:00:00,SRV-0021,us-east-1,web,Ubuntu,43.57,40.22,15.93,347.48,167.93,55.81,2,209.74,6918.79,0,0
2024-01-23 17:30:00,SRV-0014,us-west-2,storage,Ubuntu,44.26,85.57,21.3,14.13,12.43,63.29,2,241.37,219.72,0,0
2024-01-23 18:00:00,SRV-0107,sa-east-1,cache,Linux,59.55,57.96,65.74,21.22,25.36,58.17,3,331.46,8266.69,0,0
2024-01-23 18:30:00,SRV-0128,ap-southeast-1,storage,Ubuntu,46.04,63.99,44.06,102.63,31.9,57.29,3,225.41,614.67,0,0
2024-01-23 19:00:00,SRV-0032,us-east-1,cache,RHEL,59.65,82.23,9.75,16.91,13.31,64.55,3,237.26,4171.69,0,0
2024-01-23 19:30:00,SRV-0169,us-east-1,web,Windows Server,43.39,41.42,6.77,63.6,51.92,55.15,2,303.44,8055.59,0,0
2024-01-23 20:00:00,SRV-0288,us-west-2,cache,RHEL,46.57,70.72,7.62,24.09,27.05,59.13,4,251.15,4272.49,0,0
2024-01-23 20:30:00,SRV-0081,eu-central-1,storage,RHEL,5.04,49.38,17.55,151.61,114.52,41.08,1,146.41,558.4,0,0
2024-01-23 21:00:00,SRV-0182,sa-east-1,storage,Windows Server,63.33,57.62,34.07,447.85,353.5,58.33,4,300.75,2008.91,0,0
2024-01-23 21:30:00,SRV-0190,sa-east-1,storage,Ubuntu,51.93,61.3,17.49,858.62,622.06,61.68,4,426.84,5069.54,0,0
2024-01-23 22:00:00,SRV-0255,sa-east-1,database,Windows Server,64.96,33.0,1.76,70.56,38.24,59.34,3,326.69,770.58,0,0
2024-01-23 22:30:00,SRV-0299,us-east-1,database,Linux,0.0,45.98,32.15,137.07,48.03,40.83,0,306.76,3711.99,0,0
2024-01-23 23:00:00,SRV-0166,us-east-1,database,RHEL,86.77,84.32,40.99,290.97,194.31,81.58,4,381.75,2883.53,0,0
2024-01-23 23:30:00,SRV-0256,us-east-1,compute,RHEL,42.21,75.95,8.54,18.74,6.51,55.48,5,211.24,7141.4,0,0
2024-01-24 00:00:00,SRV-0198,eu-central-1,cache,Ubuntu,67.16,58.87,27.28,175.47,139.57,61.01,3,295.41,965.65,0,0
2024-01-24 00:30:00,SRV-0213,us-east-1,database,Windows Server,24.2,64.38,13.9,78.85,45.46,49.05,3,196.45,5981.63,0,0
2024-01-24 01:00:00,SRV-0045,sa-east-1,storage,CentOS,57.26,54.7,54.98,34.63,27.02,58.74,3,297.27,3562.31,0,0
2024-01-24 01:30:00,SRV-0013,sa-east-1,storage,Ubuntu,23.93,84.42,46.64,77.31,32.54,52.55,1,238.06,5149.11,0,0
2024-01-24 02:00:00,SRV-0052,us-west-2,database,Ubuntu,32.52,56.39,18.63,11.85,13.5,52.27,3,173.0,1801.25,0,0
2024-01-24 02:30:00,SRV-0265,eu-central-1,database,Ubuntu,83.28,64.17,29.4,178.32,197.05,81.86,4,407.38,5341.39,0,0
2024-01-24 03:00:00,SRV-0043,ap-southeast-1,storage,Windows Server,41.19,80.63,53.71,43.7,20.58,62.29,2,324.33,5904.37,0,0
2024-01-24 03:30:00,SRV-0007,us-east-1,database,Ubuntu,49.35,46.01,17.12,55.97,34.09,58.97,2,310.93,616.16,0,0
2024-01-24 04:00:00,SRV-0230,ap-southeast-1,compute,Linux,62.4,88.06,9.39,19.36,16.5,68.54,3,302.95,7221.43,0,0
2024-01-24 04:30:00,SRV-0044,us-east-1,compute,Linux,54.91,32.45,35.03,299.99,115.83,60.0,3,693.66,7544.72,0,0
2024-01-24 05:00:00,SRV-0172,eu-central-1,compute,RHEL,48.01,89.33,6.21,102.02,63.16,59.37,3,245.91,557.67,0,0
2024-01-24 05:30:00,SRV-0102,eu-central-1,web,RHEL,52.3,53.29,12.3,127.35,66.98,59.11,4,218.17,5284.32,0,0
2024-01-24 06:00:00,SRV-0223,sa-east-1,compute,Windows Server,93.07,55.63,50.2,126.4,142.07,81.06,4,501.52,5203.95,0,1
2024-01-24 06:30:00,SRV-0068,eu-central-1,storage,CentOS,43.85,25.98,32.22,79.27,84.6,64.7,2,205.39,110.12,0,0
2024-01-24 07:00:00,SRV-0122,ap-southeast-1,web,RHEL,49.02,51.81,12.93,32.08,26.36,63.6,2,321.99,2999.61,0,0
2024-01-24 07:30:00,SRV-0077,ap-southeast-1,storage,RHEL,66.01,41.28,6.04,205.05,157.54,71.01,3,267.76,8487.82,0,0
2024-01-24 08:00:00,SRV-0300,eu-central-1,storage,RHEL,67.11,49.06,11.0,20.38,23.19,71.46,3,253.03,4866.19,0,0
2024-01-24 08:30:00,SRV-0296,ap-southeast-1,database,RHEL,68.74,57.53,8.36,16.45,18.74,70.25,3,273.63,8175.0,0,0
2024-01-24 09:00:00,SRV-0205,us-east-1,cache,Ubuntu,57.77,77.24,4.84,185.76,217.78,57.41,4,270.64,5918.97,0,0
2024-01-24 09:30:00,SRV-0171,us-west-2,compute,RHEL,22.14,63.74,34.0,35.14,14.51,57.36,2,127.69,249.67,0,0
2024-01-24 10:00:00,SRV-0218,sa-east-1,cache,Windows Server,77.67,65.54,7.26,54.96,24.43,80.09,6,305.03,681.69,0,0
2024-01-24 10:30:00,SRV-0193,us-west-2,cache,Ubuntu,22.07,40.28,15.14,96.72,87.92,47.66,1,260.88,6326.57,0,0
2024-01-24 11:00:00,SRV-0153,ap-southeast-1,database,Ubuntu,51.05,44.15,12.19,89.5,70.46,58.57,2,350.08,4858.46,0,0
2024-01-24 11:30:00,SRV-0041,sa-east-1,cache,Windows Server,29.91,92.38,100.0,184.95,58.56,55.03,3,309.84,1114.72,0,1
2024-01-24 12:00:00,SRV-0023,us-west-2,compute,CentOS,43.72,46.77,12.4,146.5,52.12,60.24,4,365.13,5379.57,0,0
2024-01-24 12:30:00,SRV-0186,us-west-2,web,RHEL,51.58,89.81,2.08,155.09,170.49,59.62,3,259.27,7098.31,0,0
2024-01-24 13:00:00,SRV-0216,ap-southeast-1,storage,Linux,51.43,55.62,2.35,187.79,203.19,54.32,3,406.44,6596.37,0,0
2024-01-24 13:30:00,SRV-0043,sa-east-1,compute,CentOS,53.44,60.04,22.34,51.93,32.27,62.9,2,284.96,2157.14,0,0
2024-01-24 14:00:00,SRV-0113,sa-east-1,database,RHEL,77.27,79.27,22.87,58.36,64.32,73.67,3,345.42,2262.53,0,0
2024-01-24 14:30:00,SRV-0231,us-west-2,web,Linux,54.07,82.89,13.56,86.44,72.12,65.26,4,338.99,8478.29,0,0
2024-01-24 15:00:00,SRV-0110,sa-east-1,database,Ubuntu,40.12,58.01,14.13,55.11,56.5,57.79,5,194.41,7773.78,0,0
2024-01-24 15:30:00,SRV-0138,sa-east-1,compute,Ubuntu,64.28,53.01,1.39,629.34,430.9,64.36,5,398.67,2789.32,0,0
2024-01-24 16:00:00,SRV-0105,us-east-1,storage,Ubuntu,68.79,58.99,18.17,252.34,101.46,72.49,3,312.49,7218.89,0,0
2024-01-24 16:30:00,SRV-0140,ap-southeast-1,cache,RHEL,95.73,91.71,17.57,26.99,18.63,86.24,5,350.8,1417.67,0,1
2024-01-24 17:00:00,SRV-0255,ap-southeast-1,cache,Windows Server,56.95,76.04,4.05,0.84,0.6,60.45,2,233.55,1725.13,0,0
2024-01-24 17:30:00,SRV-0075,us-east-1,database,Ubuntu,59.02,60.08,2.74,6.56,5.22,62.71,3,245.09,1588.1,0,0
2024-01-24 18:00:00,SRV-0233,us-west-2,web,Ubuntu,39.05,71.14,3.3,41.97,16.58,46.89,1,388.4,769.35,0,0
2024-01-24 18:30:00,SRV-0212,eu-central-1,storage,Ubuntu,72.51,89.49,2.66,18.21,21.71,68.09,4,737.91,7487.13,0,1
2024-01-24 19:00:00,SRV-0058,us-west-2,database,RHEL,42.0,66.86,23.52,114.32,59.42,60.24,4,220.15,5070.77,0,0
2024-01-24 19:30:00,SRV-0038,us-east-1,storage,Linux,47.51,65.61,5.47,292.78,140.15,60.7,3,227.09,2269.2,0,0
2024-01-24 20:00:00,SRV-0262,sa-east-1,database,CentOS,41.54,32.66,7.24,200.2,154.98,64.22,2,199.3,7434.37,0,0
2024-01-24 20:30:00,SRV-0212,us-east-1,web,Ubuntu,45.31,12.65,4.77,36.43,28.54,56.81,4,359.56,7031.38,0,0
2024-01-24 21:00:00,SRV-0138,ap-southeast-1,compute,CentOS,23.07,66.99,79.15,76.45,53.2,51.67,2,142.7,885.23,0,0
2024-01-24 21:30:00,SRV-0282,sa-east-1,cache,Windows Server,16.2,58.29,48.21,106.36,105.8,50.44,1,356.42,5643.02,0,0
2024-01-24 22:00:00,SRV-0058,us-west-2,storage,Windows Server,76.89,50.73,6.55,249.27,190.69,82.47,4,390.74,6323.54,0,0
2024-01-24 22:30:00,SRV-0273,sa-east-1,storage,Windows Server,28.06,64.38,9.92,274.07,232.61,51.95,4,361.61,6270.93,0,0
2024-01-24 23:00:00,SRV-0053,ap-southeast-1,web,Ubuntu,25.17,58.91,5.89,360.72,343.18,44.85,1,206.26,6335.01,0,0
2024-01-24 23:30:00,SRV-0206,us-east-1,storage,CentOS,1.93,80.3,16.93,106.77,34.44,45.01,0,173.13,1485.28,0,0
2024-01-25 00:00:00,SRV-0005,us-west-2,compute,Linux,32.22,61.55,0.5,177.76,144.62,62.22,1,243.28,2760.84,0,0
2024-01-25 00:30:00,SRV-0107,eu-central-1,compute,RHEL,18.54,46.56,27.82,17.78,19.49,45.8,1,283.52,7395.16,0,0
2024-01-25 01:00:00,SRV-0243,eu-central-1,web,CentOS,90.34,94.58,18.51,124.96,39.44,94.27,7,501.73,7870.01,0,1
2024-01-25 01:30:00,SRV-0148,us-east-1,database,RHEL,65.2,56.09,57.23,42.89,28.51,72.22,5,334.7,2446.42,0,0
2024-01-25 02:00:00,SRV-0179,us-west-2,database,CentOS,31.24,69.48,4.49,84.77,96.1,57.58,2,243.82,202.63,0,0
2024-01-25 02:30:00,SRV-0174,us-west-2,storage,Ubuntu,90.05,51.41,40.75,150.79,93.16,76.65,8,575.09,7531.7,0,0
2024-01-25 03:00:00,SRV-0139,sa-east-1,storage,Linux,64.64,48.3,39.25,44.56,31.76,62.36,3,509.64,3303.95,0,0
2024-01-25 03:30:00,SRV-0175,us-east-1,web,Ubuntu,38.5,61.52,3.4,8.04,9.51,54.99,1,274.65,2886.77,0,0
2024-01-25 04:00:00,SRV-0253,sa-east-1,compute,Windows Server,0.0,60.23,12.71,1.54,0.74,42.29,0,50.78,3040.37,0,0
2024-01-25 04:30:00,SRV-0250,us-east-1,web,Linux,96.04,86.03,4.66,3.36,1.21,82.43,4,349.13,3642.08,0,1
2024-01-25 05:00:00,SRV-0136,ap-southeast-1,database,CentOS,17.21,55.16,7.35,1.26,1.35,48.55,1,296.78,3314.24,0,0
2024-01-25 05:30:00,SRV-0022,us-east-1,compute,Ubuntu,12.09,26.95,7.64,17.54,18.97,42.94,2,95.13,4962.37,0,0
2024-01-25 06:00:00,SRV-0038,sa-east-1,storage,RHEL,65.45,52.21,20.31,41.06,29.77,68.96,4,270.37,692.44,0,0
2024-01-25 06:30:00,SRV-0027,us-west-2,database,Ubuntu,93.8,74.29,13.25,37.5,28.61,81.82,5,357.59,8510.72,0,1
2024-01-25 07:00:00,SRV-0282,us-east-1,cache,Ubuntu,72.69,54.65,73.78,649.09,682.99,70.97,3,359.74,8203.37,0,0
2024-01-25 07:30:00,SRV-0279,us-west-2,database,CentOS,56.28,55.57,3.38,54.79,52.86,58.33,3,304.79,8185.47,0,0
2024-01-25 08:00:00,SRV-0120,ap-southeast-1,compute,CentOS,56.9,77.75,90.95,20.45,11.01,61.85,4,254.85,7702.59,0,0
2024-01-25 08:30:00,SRV-0253,eu-central-1,compute,Windows Server,62.07,47.18,6.55,118.3,37.29,69.57,3,259.48,5784.8,0,0
2024-01-25 09:00:00,SRV-0065,eu-central-1,web,Linux,60.18,32.23,37.06,292.74,214.21,57.16,5,375.15,1937.69,0,0
2024-01-25 09:30:00,SRV-0074,sa-east-1,compute,Ubuntu,50.62,57.11,10.35,170.01,182.42,49.78,2,475.91,434.43,0,0
2024-01-25 10:00:00,SRV-0174,us-east-1,cache,RHEL,47.08,51.28,3.86,52.66,58.26,66.37,2,196.68,870.95,0,0
2024-01-25 10:30:00,SRV-0260,ap-southeast-1,cache,CentOS,43.75,42.61,48.78,123.7,143.57,60.06,2,195.54,2838.85,0,0
2024-01-25 11:00:00,SRV-0285,ap-southeast-1,compute,CentOS,29.92,56.84,9.24,188.21,205.46,55.0,1,242.53,4414.51,0,0
2024-01-25 11:30:00,SRV-0073,us-west-2,storage,Windows Server,39.39,68.85,26.89,195.35,160.59,50.37,2,331.35,8700.9,0,0
2024-01-25 12:00:00,SRV-0079,sa-east-1,compute,Linux,11.14,59.83,20.89,164.73,115.34,48.14,0,240.06,3815.05,0,0
2024-01-25 12:30:00,SRV-0044,ap-southeast-1,storage,Windows Server,43.03,65.53,15.95,306.97,306.16,58.59,2,306.28,4596.38,0,0
2024-01-25 13:00:00,SRV-0233,us-east-1,compute,CentOS,25.23,92.64,17.12,306.15,295.7,42.17,2,344.1,6089.88,0,0
2024-01-25 13:30:00,SRV-0003,ap-southeast-1,database,RHEL,22.93,53.83,32.94,129.75,101.76,56.29,3,143.29,1584.05,0,0
2024-01-25 14:00:00,SRV-0079,eu-central-1,compute,Windows Server,48.6,65.01,2.3,84.28,31.91,60.23,2,207.14,8171.63,0,0
2024-01-25 14:30:00,SRV-0181,sa-east-1,database,Ubuntu,72.84,50.83,27.58,153.9,174.45,67.16,3,364.07,4634.81,0,0
2024-01-25 15:00:00,SRV-0139,us-west-2,storage,CentOS,63.37,44.77,56.54,255.74,181.58,63.46,5,412.85,2420.73,0,0
2024-01-25 15:30:00,SRV-0007,us-east-1,compute,CentOS,13.59,49.47,1.49,0.85,0.53,35.36,2,178.01,8191.62,0,0
2024-01-25 16:00:00,SRV-0213,eu-central-1,storage,Windows Server,25.21,51.38,3.79,724.19,627.59,53.05,3,455.3,5479.32,0,0
2024-01-25 16:30:00,SRV-0001,ap-southeast-1,cache,RHEL,63.82,66.47,31.53,30.3,27.46,66.84,4,400.2,4237.64,0,0
2024-01-25 17:00:00,SRV-0184,sa-east-1,web,Windows Server,25.35,100.0,14.37,95.3,46.66,49.17,1,246.71,5082.59,0,1
2024-01-25 17:30:00,SRV-0251,sa-east-1,storage,RHEL,40.51,47.11,12.92,308.39,324.81,62.6,3,177.74,6555.38,0,0
2024-01-25 18:00:00,SRV-0215,us-east-1,database,CentOS,56.0,52.5,3.68,38.24,21.45,55.48,2,229.4,1354.6,0,0
2024-01-25 18:30:00,SRV-0077,us-west-2,web,Windows Server,25.63,58.86,17.67,97.17,45.48,47.27,1,280.54,7576.05,0,0
2024-01-25 19:00:00,SRV-0043,eu-central-1,compute,Linux,47.11,67.12,3.38,21.34,14.2,54.59,2,213.42,8405.32,0,0
2024-01-25 19:30:00,SRV-0157,us-west-2,database,Windows Server,18.32,64.74,16.19,75.4,72.19,45.93,0,107.88,4967.35,0,0
2024-01-25 20:00:00,SRV-0018,us-east-1,web,Windows Server,32.97,83.11,36.06,29.24,34.18,53.53,2,390.56,5977.01,0,0
2024-01-25 20:30:00,SRV-0220,us-east-1,web,Linux,91.21,82.93,7.47,67.8,69.72,88.45,4,545.1,7532.28,0,0
2024-01-25 21:00:00,SRV-0073,eu-central-1,storage,Linux,13.14,17.04,16.39,70.13,80.39,43.52,1,114.07,3283.97,0,0
2024-01-25 21:30:00,SRV-0190,sa-east-1,compute,Ubuntu,53.81,51.07,100.0,747.98,319.05,57.14,3,362.94,8697.21,0,0
2024-01-25 22:00:00,SRV-0262,sa-east-1,compute,Linux,44.61,79.75,29.01,789.24,287.33,66.27,2,188.74,5961.51,0,0
2024-01-25 22:30:00,SRV-0144,eu-central-1,compute,RHEL,56.05,31.82,46.03,18.29,14.67,74.48,2,251.7,3714.8,0,0
2024-01-25 23:00:00,SRV-0129,us-west-2,storage,Ubuntu,49.48,5.86,13.4,194.18,108.99,60.51,4,296.16,5933.8,0,0
2024-01-25 23:30:00,SRV-0278,eu-central-1,storage,RHEL,72.28,70.28,36.51,7.97,8.33,65.13,3,410.89,4570.4,0,0
2024-01-26 00:00:00,SRV-0190,sa-east-1,compute,Ubuntu,47.5,64.39,1.03,4.6,4.16,66.38,2,193.56,978.87,0,0
2024-01-26 00:30:00,SRV-0151,us-west-2,web,Ubuntu,36.41,40.38,3.28,16.7,19.6,47.33,1,198.72,6971.98,0,0
2024-01-26 01:00:00,SRV-0095,ap-southeast-1,compute,RHEL,47.45,42.26,5.67,504.96,267.28,57.3,4,216.46,4944.37,0,0
2024-01-26 01:30:00,SRV-0038,us-west-2,storage,CentOS,55.87,42.54,12.85,424.19,312.71,58.87,2,888.52,6971.81,0,0
2024-01-26 02:00:00,SRV-0156,sa-east-1,compute,CentOS,45.98,61.99,46.73,32.34,24.29,52.59,3,299.1,1357.87,0,0
2024-01-26 02:30:00,SRV-0300,us-east-1,storage,Windows Server,45.81,48.73,10.63,26.45,13.63,56.92,2,239.47,4716.47,0,0
2024-01-26 03:00:00,SRV-0042,us-west-2,compute,CentOS,30.96,68.89,26.58,41.27,34.3,48.06,2,150.75,6715.86,0,0
2024-01-26 03:30:00,SRV-0126,us-west-2,web,Windows Server,31.74,8.62,30.89,108.71,75.98,52.76,3,236.52,8657.56,0,0
2024-01-26 04:00:00,SRV-0077,us-east-1,web,CentOS,16.95,44.58,22.06,126.49,88.8,46.92,1,203.48,7747.44,0,0
2024-01-26 04:30:00,SRV-0096,sa-east-1,storage,Windows Server,79.99,39.73,11.05,37.58,23.54,68.89,3,459.48,7571.84,0,0
2024-01-26 05:00:00,SRV-0263,ap-southeast-1,storage,Windows Server,20.12,55.39,21.51,211.97,66.82,46.2,2,144.42,2168.5,0,0
2024-01-26 05:30:00,SRV-0225,ap-southeast-1,database,Linux,31.14,50.32,10.47,55.56,42.78,51.3,1,542.04,7340.91,0,0
2024-01-26 06:00:00,SRV-0111,eu-central-1,cache,Windows Server,30.63,74.36,2.19,382.91,230.41,56.3,3,199.78,1483.73,0,0
2024-01-26 06:30:00,SRV-0238,ap-southeast-1,database,RHEL,62.9,26.53,100.0,160.38,48.31,64.42,6,273.79,1736.23,0,0
2024-01-26 07:00:00,SRV-0205,ap-southeast-1,storage,RHEL,39.1,60.82,3.4,86.0,49.63,59.76,2,210.14,965.51,0,0
2024-01-26 07:30:00,SRV-0288,us-west-2,storage,Windows Server,69.95,70.05,1.88,234.03,128.9,70.91,5,333.18,7512.69,0,0
2024-01-26 08:00:00,SRV-0263,eu-central-1,compute,RHEL,31.53,93.42,52.7,255.49,167.12,55.47,1,420.58,949.2,0,0
2024-01-26 08:30:00,SRV-0076,ap-southeast-1,database,CentOS,50.58,51.33,8.98,51.48,21.55,67.17,4,334.6,1210.72,0,0
2024-01-26 09:00:00,SRV-0143,us-west-2,cache,RHEL,28.29,65.84,26.27,62.26,47.13,45.72,2,220.94,2154.73,0,0
2024-01-26 09:30:00,SRV-0085,eu-central-1,database,Linux,87.9,27.53,9.97,412.23,380.57,72.8,4,331.48,5016.95,0,0
2024-01-26 10:00:00,SRV-0252,us-west-2,web,RHEL,21.25,16.94,12.42,27.0,23.42,57.32,1,129.92,7710.5,0,0
2024-01-26 10:30:00,SRV-0232,us-east-1,web,CentOS,51.2,75.21,7.6,6.46,6.61,59.19,3,273.34,3664.26,0,0
2024-01-26 11:00:00,SRV-0295,sa-east-1,database,CentOS,57.68,59.9,10.5,90.79,64.17,48.99,2,353.48,4785.92,0,0
2024-01-26 11:30:00,SRV-0130,sa-east-1,database,Windows Server,53.28,81.21,13.22,242.33,185.91,60.3,2,348.86,1459.28,0,0
2024-01-26 12:00:00,SRV-0285,sa-east-1,storage,Ubuntu,99.12,82.9,31.86,221.54,228.05,86.39,5,372.98,2330.42,0,1
2024-01-26 12:30:00,SRV-0029,ap-southeast-1,compute,CentOS,42.4,69.36,17.91,377.98,258.89,43.88,4,187.76,1174.06,0,0
2024-01-26 13:00:00,SRV-0228,sa-east-1,web,Windows Server,45.88,93.64,71.87,114.28,106.44,65.02,3,236.15,3591.48,0,0
2024-01-26 13:30:00,SRV-0294,sa-east-1,cache,Windows Server,42.06,67.55,1.07,15.81,10.93,53.26,3,426.49,5171.75,0,0
2024-01-26 14:00:00,SRV-0007,eu-central-1,compute,RHEL,64.28,64.98,17.48,133.26,90.08,67.35,4,321.66,2488.73,0,0
2024-01-26 14:30:00,SRV-0030,eu-central-1,database,RHEL,93.12,86.47,21.94,226.03,222.45,88.71,4,367.93,7411.08,0,1
2024-01-26 15:00:00,SRV-0215,eu-central-1,web,Windows Server,98.75,93.44,63.2,14.7,6.72,82.8,5,385.34,8595.67,0,1
2024-01-26 15:30:00,SRV-0115,ap-southeast-1,database,Linux,17.6,84.4,1.26,28.43,17.19,41.69,1,116.98,1053.44,0,0
2024-01-26 16:00:00,SRV-0215,sa-east-1,web,Windows Server,43.23,49.0,21.3,1.86,0.93,52.62,3,243.8,157.44,0,0
2024-01-26 16:30:00,SRV-0164,ap-southeast-1,cache,RHEL,96.59,69.08,48.04,135.08,84.18,84.07,4,496.5,6918.66,0,0
2024-01-26 17:00:00,SRV-0170,ap-southeast-1,compute,CentOS,28.93,31.87,6.92,326.7,165.75,50.83,3,482.74,1670.84,0,0
2024-01-26 17:30:00,SRV-0221,ap-southeast-1,cache,Linux,77.78,38.77,52.25,166.6,136.86,68.5,4,352.98,3094.21,0,0
2024-01-26 18:00:00,SRV-0260,ap-southeast-1,cache,Ubuntu,88.61,86.53,0.48,602.94,614.01,91.28,4,334.12,3454.07,0,0
2024-01-26 18:30:00,SRV-0212,ap-southeast-1,compute,CentOS,33.93,53.75,32.96,9.77,9.84,59.55,2,266.65,8029.49,0,0
2024-01-26 19:00:00,SRV-0261,ap-southeast-1,compute,RHEL,56.38,86.16,67.62,349.96,219.79,69.87,2,360.52,5771.76,0,0
2024-01-26 19:30:00,SRV-0130,sa-east-1,cache,CentOS,77.57,58.59,26.77,252.36,300.27,76.95,5,290.14,356.7,0,0
2024-01-26 20:00:00,SRV-0105,eu-central-1,database,CentOS,37.42,26.85,14.45,56.58,47.22,57.43,2,352.06,130.72,0,0
2024-01-26 20:30:00,SRV-0054,us-west-2,compute,RHEL,40.93,76.06,1.15,544.74,359.24,57.82,3,349.58,1749.02,0,0
2024-01-26 21:00:00,SRV-0108,us-west-2,cache,CentOS,33.37,49.38,63.18,50.94,53.59,47.27,2,214.07,2787.87,0,0
2024-01-26 21:30:00,SRV-0289,us-west-2,cache,Windows Server,24.7,72.58,15.89,330.15,315.91,48.65,3,206.31,4244.94,0,0
2024-01-26 22:00:00,SRV-0255,us-east-1,cache,Linux,32.01,60.45,0.74,318.98,310.8,49.39,2,271.01,7339.64,0,0
2024-01-26 22:30:00,SRV-0278,eu-central-1,database,RHEL,20.52,32.22,29.27,212.61,101.31,39.08,1,224.5,2758.49,0,0
2024-01-26 23:00:00,SRV-0047,sa-east-1,storage,Linux,45.68,62.96,16.44,124.33,89.71,63.56,3,188.71,3299.09,0,0
2024-01-26 23:30:00,SRV-0134,ap-southeast-1,storage,Windows Server,99.05,93.92,3.32,19.18,20.63,92.86,5,360.2,2885.67,0,1
2024-01-27 00:00:00,SRV-0024,us-west-2,compute,RHEL,49.68,68.87,6.03,113.88,85.83,65.85,4,216.77,79.53,0,0
2024-01-27 00:30:00,SRV-0117,eu-central-1,storage,Windows Server,13.88,58.96,1.67,66.19,60.57,49.96,1,232.57,8367.61,0,0
2024-01-27 01:00:00,SRV-0239,sa-east-1,web,Ubuntu,51.62,79.36,21.35,235.69,195.42,63.43,2,262.85,1218.46,0,0
2024-01-27 01:30:00,SRV-0041,us-west-2,compute,Ubuntu,61.67,63.79,24.32,212.9,225.28,67.73,4,313.87,2520.68,0,0
2024-01-27 02:00:00,SRV-0250,eu-central-1,compute,Ubuntu,5.13,63.77,17.62,362.22,201.43,38.97,0,213.52,1133.57,0,0
2024-01-27 02:30:00,SRV-0089,sa-east-1,cache,Linux,52.48,40.35,42.47,2.24,1.83,70.28,3,249.14,4297.67,0,0
2024-01-27 03:00:00,SRV-0092,eu-central-1,web,Ubuntu,69.55,64.21,49.33,248.4,102.07,68.04,3,396.85,8165.84,0,0
2024-01-27 03:30:00,SRV-0081,ap-southeast-1,storage,Ubuntu,20.81,78.64,23.9,418.22,385.26,49.83,2,170.81,883.04,0,0
2024-01-27 04:00:00,SRV-0130,eu-central-1,compute,Windows Server,78.45,44.95,0.32,233.6,223.97,68.14,4,332.7,3862.82,0,0
2024-01-27 04:30:00,SRV-0091,eu-central-1,web,CentOS,53.38,85.64,29.7,20.92,7.08,56.7,3,250.64,196.98,0,0
2024-01-27 05:00:00,SRV-0100,us-east-1,database,CentOS,30.9,58.35,13.53,12.72,11.55,54.75,2,477.78,6753.3,0,0
2024-01-27 05:30:00,SRV-0078,ap-southeast-1,database,Ubuntu,43.88,44.02,20.84,3.16,2.13,58.64,3,329.48,5617.5,0,0
2024-01-27 06:00:00,SRV-0043,eu-central-1,cache,CentOS,56.17,77.96,26.18,148.63,61.19,58.52,5,220.54,6129.66,0,0
2024-01-27 06:30:00,SRV-0123,ap-southeast-1,web,Ubuntu,46.52,54.84,10.78,149.01,101.01,51.42,4,505.19,4138.19,0,0
2024-01-27 07:00:00,SRV-0288,eu-central-1,compute,Ubuntu,55.78,73.67,62.25,650.43,308.83,55.96,2,366.69,7950.96,0,0
2024-01-27 07:30:00,SRV-0023,ap-southeast-1,database,Linux,26.59,54.75,3.6,76.14,51.32,56.62,2,145.91,3588.31,0,0
2024-01-27 08:00:00,SRV-0144,sa-east-1,database,RHEL,48.39,58.92,27.83,60.5,39.08,56.29,2,203.1,4503.87,0,0
2024-01-27 08:30:00,SRV-0258,us-west-2,storage,CentOS,16.73,68.88,0.11,146.89,141.69,45.0,1,137.02,6091.04,0,0
2024-01-27 09:00:00,SRV-0007,us-east-1,storage,Ubuntu,42.78,65.24,64.64,261.97,261.13,64.36,3,276.19,4560.59,0,0
2024-01-27 09:30:00,SRV-0277,us-west-2,web,CentOS,26.92,24.08,2.98,414.16,350.51,45.16,2,226.62,1659.39,0,0
2024-01-27 10:00:00,SRV-0186,eu-central-1,storage,Linux,30.29,39.82,2.49,243.78,78.11,48.48,2,173.14,2778.22,0,0
2024-01-27 10:30:00,SRV-0095,eu-central-1,web,Linux,69.72,76.73,10.12,83.45,94.95,64.04,5,318.17,809.41,0,0
2024-01-27 11:00:00,SRV-0025,sa-east-1,compute,Ubuntu,66.83,57.62,11.69,151.14,138.69,74.82,4,274.29,3790.26,0,0
2024-01-27 11:30:00,SRV-0291,eu-central-1,compute,CentOS,57.18,50.57,6.03,291.0,96.26,72.84,2,226.74,5338.67,0,0
2024-01-27 12:00:00,SRV-0227,ap-southeast-1,compute,CentOS,23.15,35.55,21.99,101.18,104.92,53.02,1,192.23,1039.2,0,0
2024-01-27 12:30:00,SRV-0173,us-west-2,storage,CentOS,38.67,40.56,14.63,36.63,17.59,59.39,1,208.63,5524.31,0,0
2024-01-27 13:00:00,SRV-0135,eu-central-1,storage,Linux,69.26,23.61,0.87,27.9,22.91,64.8,6,336.07,7821.67,0,0
2024-01-27 13:30:00,SRV-0288,sa-east-1,cache,Windows Server,47.83,58.18,9.63,0.02,0.02,68.87,5,486.32,2959.12,0,0
2024-01-27 14:00:00,SRV-0069,us-east-1,database,Windows Server,91.39,49.23,41.58,190.0,128.8,77.89,4,339.63,1945.79,0,1
2024-01-27 14:30:00,SRV-0281,us-west-2,compute,CentOS,52.87,42.6,29.26,17.67,19.44,65.41,3,208.8,7822.84,0,0
2024-01-27 15:00:00,SRV-0231,sa-east-1,storage,CentOS,48.84,58.77,32.26,41.93,29.08,59.01,3,204.52,6061.75,0,0
2024-01-27 15:30:00,SRV-0258,sa-east-1,database,RHEL,38.82,66.55,29.94,53.05,19.51,54.19,3,228.57,924.15,0,0
2024-01-27 16:00:00,SRV-0173,us-west-2,compute,Ubuntu,90.74,97.22,9.31,123.28,142.01,89.27,4,444.95,3575.65,0,1
2024-01-27 16:30:00,SRV-0032,sa-east-1,compute,Linux,41.95,32.79,2.62,76.11,85.89,59.48,3,262.78,5905.35,0,0
2024-01-27 17:00:00,SRV-0200,us-east-1,database,RHEL,59.16,80.87,7.95,168.44,154.29,70.92,2,295.79,5032.03,0,0
2024-01-27 17:30:00,SRV-0080,us-east-1,database,CentOS,64.13,77.52,44.56,8.59,6.19,66.93,3,286.09,5418.85,0,0
2024-01-27 18:00:00,SRV-0075,eu-central-1,storage,Windows Server,29.28,45.98,98.4,19.85,7.61,47.47,1,174.94,4968.54,0,0
2024-01-27 18:30:00,SRV-0264,ap-southeast-1,database,Windows Server,18.38,63.66,17.02,103.74,104.95,44.43,2,152.33,6991.22,0,0
2024-01-27 19:00:00,SRV-0085,eu-central-1,database,RHEL,8.28,51.76,0.24,61.64,22.68,43.83,2,169.41,2807.62,0,0
2024-01-27 19:30:00,SRV-0217,ap-southeast-1,storage,Windows Server,55.16,63.34,3.77,52.61,19.03,58.93,3,233.84,6206.42,0,0
2024-01-27 20:00:00,SRV-0121,us-west-2,compute,Windows Server,22.93,87.16,9.72,10.41,8.16,43.64,2,266.36,8681.86,0,0
2024-01-27 20:30:00,SRV-0020,sa-east-1,database,Ubuntu,1.94,70.9,21.6,339.1,150.6,46.78,0,141.45,3416.65,0,0
2024-01-27 21:00:00,SRV-0149,eu-central-1,cache,CentOS,52.77,69.15,1.95,176.56,54.2,58.38,2,239.67,6929.79,0,0
2024-01-27 21:30:00,SRV-0007,sa-east-1,web,RHEL,94.86,52.25,71.77,19.45,13.24,78.63,4,404.13,2156.67,0,1
2024-01-27 22:00:00,SRV-0086,eu-central-1,database,Linux,44.88,33.29,11.36,10.09,4.27,59.43,3,513.72,2470.13,0,0
2024-01-27 22:30:00,SRV-0147,eu-central-1,database,Linux,61.77,56.25,60.93,552.57,245.6,61.77,4,237.38,8189.47,0,0
2024-01-27 23:00:00,SRV-0187,us-east-1,web,CentOS,46.64,81.72,37.91,171.47,63.31,65.91,4,212.16,228.19,0,0
2024-01-27 23:30:00,SRV-0193,ap-southeast-1,cache,Linux,43.02,32.51,35.21,81.05,39.28,51.62,2,238.56,1905.45,0,0
2024-01-28 00:00:00,SRV-0282,us-west-2,compute,Windows Server,95.46,81.67,23.33,181.46,171.29,84.81,5,438.1,4230.9,0,1
2024-01-28 00:30:00,SRV-0188,sa-east-1,cache,Ubuntu,39.19,62.27,24.64,211.79,217.73,56.91,1,191.44,3520.78,0,0
2024-01-28 01:00:00,SRV-0018,eu-central-1,web,RHEL,50.35,42.28,25.4,227.09,160.62,59.87,5,469.0,5511.9,0,0
2024-01-28 01:30:00,SRV-0149,sa-east-1,database,RHEL,51.43,45.73,24.77,97.48,73.68,54.09,4,307.18,1689.05,0,0
2024-01-28 02:00:00,SRV-0046,us-east-1,compute,Windows Server,31.64,52.38,20.17,84.29,27.76,57.01,3,354.82,618.92,0,0
2024-01-28 02:30:00,SRV-0012,us-west-2,cache,CentOS,64.84,35.42,100.0,1.66,0.6,69.65,3,284.47,3235.99,0,0
2024-01-28 03:00:00,SRV-0230,ap-southeast-1,cache,Ubuntu,41.5,42.47,32.95,391.69,208.3,53.22,3,351.08,4593.83,0,0
2024-01-28 03:30:00,SRV-0113,ap-southeast-1,compute,Linux,98.72,90.8,37.51,138.69,109.5,93.52,5,393.68,4923.57,0,1
2024-01-28 04:00:00,SRV-0160,eu-central-1,cache,RHEL,55.73,36.47,51.48,34.06,32.89,64.17,4,246.33,5269.48,0,0
2024-01-28 04:30:00,SRV-0227,us-west-2,web,RHEL,27.03,31.24,6.07,378.12,319.32,44.41,2,373.74,4806.73,0,0
2024-01-28 05:00:00,SRV-0183,ap-southeast-1,compute,CentOS,45.56,48.66,2.19,369.65,241.35,53.96,4,196.37,2153.54,0,0
2024-01-28 05:30:00,SRV-0055,us-west-2,web,Ubuntu,44.82,73.18,16.49,679.01,276.01,63.62,2,470.73,6697.69,0,0
2024-01-28 06:00:00,SRV-0266,sa-east-1,compute,Linux,98.03,95.78,18.04,310.79,311.63,86.15,5,405.42,769.87,0,1
2024-01-28 06:30:00,SRV-0035,us-east-1,web,RHEL,54.49,51.64,44.18,916.83,575.23,58.98,2,704.45,1738.38,0,0
2024-01-28 07:00:00,SRV-0080,us-west-2,database,RHEL,44.5,60.8,14.66,42.09,40.51,53.51,3,261.06,6477.21,0,0
2024-01-28 07:30:00,SRV-0006,us-west-2,database,Linux,61.36,28.58,21.15,277.01,210.99,61.97,8,375.74,2451.12,0,0
2024-01-28 08:00:00,SRV-0127,ap-southeast-1,cache,Ubuntu,85.15,99.31,18.72,259.76,250.62,83.74,4,306.15,4323.33,0,1
2024-01-28 08:30:00,SRV-0068,eu-central-1,compute,Ubuntu,86.4,89.99,0.97,39.39,43.98,82.4,5,377.85,2866.93,0,0
2024-01-28 09:00:00,SRV-0190,eu-central-1,compute,Ubuntu,45.21,52.63,23.88,15.54,17.55,49.37,3,319.35,4441.65,0,0
2024-01-28 09:30:00,SRV-0244,sa-east-1,web,RHEL,18.76,78.11,44.01,582.52,455.29,53.21,0,259.0,3037.36,0,0
2024-01-28 10:00:00,SRV-0009,ap-southeast-1,cache,Windows Server,23.7,39.71,4.28,52.65,40.03,54.33,1,138.3,8709.27,0,0
2024-01-28 10:30:00,SRV-0157,ap-southeast-1,cache,RHEL,38.9,80.3,22.56,307.07,165.54,49.19,1,220.98,3132.15,0,0
2024-01-28 11:00:00,SRV-0071,us-east-1,compute,CentOS,32.81,62.78,22.51,0.62,0.71,53.81,1,202.74,5493.33,0,0
2024-01-28 11:30:00,SRV-0134,eu-central-1,database,CentOS,41.26,53.94,4.48,3.19,2.27,51.99,4,184.72,7782.0,0,0
2024-01-28 12:00:00,SRV-0300,ap-southeast-1,compute,RHEL,46.13,59.64,3.29,94.07,39.02,57.15,4,246.93,5588.67,0,0
2024-01-28 12:30:00,SRV-0249,sa-east-1,compute,RHEL,55.59,58.07,97.87,40.91,28.21,60.51,2,381.34,4957.34,0,0
2024-01-28 13:00:00,SRV-0044,us-east-1,storage,Linux,43.59,81.97,12.51,175.6,72.76,55.3,2,216.46,4986.88,0,0
2024-01-28 13:30:00,SRV-0116,eu-central-1,web,Ubuntu,54.73,40.62,6.45,125.06,94.08,71.91,3,270.85,4349.5,0,0
2024-01-28 14:00:00,SRV-0228,eu-central-1,web,Linux,46.29,46.27,4.7,12.1,9.74,56.31,3,513.18,7074.6,0,0
2024-01-28 14:30:00,SRV-0057,eu-central-1,storage,CentOS,5.49,78.65,27.54,26.62,16.08,38.15,2,69.69,442.66,0,0
2024-01-28 15:00:00,SRV-0244,us-east-1,cache,CentOS,26.21,49.28,23.5,73.67,26.85,46.67,1,218.17,7753.85,0,0
2024-01-28 15:30:00,SRV-0057,sa-east-1,web,Windows Server,88.32,91.93,25.79,30.8,35.39,84.79,4,450.98,5136.33,0,0
2024-01-28 16:00:00,SRV-0143,sa-east-1,cache,Ubuntu,20.81,90.59,2.3,235.69,234.75,40.06,3,255.5,7436.28,0,0
2024-01-28 16:30:00,SRV-0192,ap-southeast-1,database,Ubuntu,57.0,52.77,56.0,80.7,85.13,58.99,5,346.85,92.03,0,0
2024-01-28 17:00:00,SRV-0007,ap-southeast-1,cache,CentOS,75.62,72.26,12.33,14.71,9.27,77.48,4,406.47,7614.99,0,0
2024-01-28 17:30:00,SRV-0275,eu-central-1,web,Linux,69.38,39.23,9.4,99.35,97.83,68.97,6,264.21,1053.28,0,0
2024-01-28 18:00:00,SRV-0134,us-west-2,cache,RHEL,93.32,96.14,15.51,14.28,10.53,89.61,4,406.35,6318.15,0,1
2024-01-28 18:30:00,SRV-0039,ap-southeast-1,database,Ubuntu,74.81,63.59,12.36,20.71,9.96,80.59,4,427.22,3649.31,0,0
2024-01-28 19:00:00,SRV-0193,sa-east-1,storage,RHEL,47.97,68.51,49.8,41.09,16.93,60.42,3,203.8,5966.51,0,0
2024-01-28 19:30:00,SRV-0025,eu-central-1,web,CentOS,38.26,48.38,66.22,294.41,179.75,51.76,2,165.99,5503.31,0,0
2024-01-28 20:00:00,SRV-0102,sa-east-1,database,Windows Server,32.73,30.1,9.04,387.77,164.33,51.68,1,316.7,1432.19,0,0
2024-01-28 20:30:00,SRV-0151,eu-central-1,compute,CentOS,38.95,69.06,49.87,262.53,314.62,49.9,1,291.43,4508.5,0,0
2024-01-28 21:00:00,SRV-0217,us-east-1,storage,RHEL,37.24,22.86,38.03,60.99,21.0,61.17,5,214.85,2429.26,0,0
2024-01-28 21:30:00,SRV-0230,ap-southeast-1,storage,CentOS,48.41,54.29,66.77,47.71,33.26,62.24,2,477.23,4909.87,0,0
2024-01-28 22:00:00,SRV-0267,us-east-1,web,Ubuntu,48.21,76.94,7.05,119.49,84.47,64.91,3,340.13,6465.17,0,0
2024-01-28 22:30:00,SRV-0162,ap-southeast-1,database,RHEL,45.06,63.45,21.51,191.94,109.52,64.09,3,528.95,712.74,0,0
2024-01-28 23:00:00,SRV-0287,sa-east-1,compute,RHEL,53.74,95.07,8.02,752.49,612.69,59.42,2,476.17,4518.56,0,0
2024-01-28 23:30:00,SRV-0166,sa-east-1,database,Windows Server,68.81,78.45,43.45,21.16,9.2,62.8,4,322.08,5410.82,0,0
2024-01-29 00:00:00,SRV-0247,us-west-2,cache,Ubuntu,63.99,48.23,0.13,7.58,7.62,65.34,3,382.5,2588.12,0,0
2024-01-29 00:30:00,SRV-0174,sa-east-1,web,Linux,15.3,60.49,20.8,177.8,106.54,41.76,1,206.53,8348.36,0,0
2024-01-29 01:00:00,SRV-0009,eu-central-1,cache,Windows Server,0.0,59.15,10.36,267.77,222.84,40.82,0,216.84,4558.33,0,0
2024-01-29 01:30:00,SRV-0276,us-west-2,cache,Ubuntu,63.69,31.52,9.74,280.96,265.25,71.14,5,396.03,1599.67,0,0
2024-01-29 02:00:00,SRV-0059,eu-central-1,storage,Linux,17.66,43.07,25.88,170.2,187.24,46.22,2,119.62,945.12,0,0
2024-01-29 02:30:00,SRV-0085,us-west-2,storage,RHEL,40.5,49.91,47.68,461.92,486.03,56.95,2,198.14,4745.4,0,0
2024-01-29 03:00:00,SRV-0150,eu-central-1,cache,Windows Server,21.6,23.35,23.49,107.31,90.94,48.17,3,145.68,3287.71,0,0
2024-01-29 03:30:00,SRV-0060,us-west-2,database,RHEL,8.96,60.85,47.96,367.69,238.83,47.6,0,247.53,1687.52,0,0
2024-01-29 04:00:00,SRV-0125,ap-southeast-1,web,RHEL,55.83,55.52,7.68,515.42,388.06,58.99,2,383.95,269.89,0,0
2024-01-29 04:30:00,SRV-0041,ap-southeast-1,web,RHEL,60.18,29.89,18.32,281.75,279.46,53.09,3,298.94,4963.85,0,0
2024-01-29 05:00:00,SRV-0173,us-west-2,database,Ubuntu,33.47,67.28,14.97,55.61,60.6,55.74,1,237.36,5244.14,0,0
2024-01-29 05:30:00,SRV-0260,us-east-1,cache,Linux,0.0,72.89,0.29,32.76,12.89,44.94,1,225.4,1243.05,0,0
2024-01-29 06:00:00,SRV-0173,us-west-2,web,Ubuntu,34.08,64.09,20.34,119.15,77.02,55.86,4,189.71,5271.62,0,0
2024-01-29 06:30:00,SRV-0186,us-east-1,storage,RHEL,52.84,54.17,27.08,90.5,90.36,57.93,2,213.66,8339.33,0,0
2024-01-29 07:00:00,SRV-0241,eu-central-1,compute,Windows Server,15.42,70.65,22.41,315.26,217.05,40.49,2,162.16,8569.89,0,0
2024-01-29 07:30:00,SRV-0094,us-west-2,storage,RHEL,48.67,72.24,33.32,15.81,9.47,61.94,2,441.01,7783.31,0,0
2024-01-29 08:00:00,SRV-0063,us-east-1,database,Linux,44.69,65.53,21.18,44.71,29.96,58.58,2,340.37,7070.2,0,0
2024-01-29 08:30:00,SRV-0221,us-west-2,compute,Ubuntu,56.59,45.16,1.73,209.03,176.12,62.01,3,265.43,1834.85,0,0
2024-01-29 09:00:00,SRV-0008,ap-southeast-1,web,Linux,47.39,64.98,3.1,14.97,17.96,68.07,2,198.87,1371.22,0,0
2024-01-29 09:30:00,SRV-0213,ap-southeast-1,web,Ubuntu,25.54,81.52,22.69,58.02,43.15,45.48,1,227.93,3898.3,0,0
2024-01-29 10:00:00,SRV-0209,us-west-2,compute,Linux,68.93,49.26,8.04,73.45,35.82,76.45,4,436.67,5428.35,0,0
2024-01-29 10:30:00,SRV-0209,us-west-2,web,Linux,41.83,97.76,2.07,146.16,65.27,56.89,3,284.84,7452.09,0,1
2024-01-29 11:00:00,SRV-0085,sa-east-1,compute,Ubuntu,44.45,50.54,14.04,25.82,8.73,48.6,3,238.71,2032.76,0,0
2024-01-29 11:30:00,SRV-0207,ap-southeast-1,cache,Ubuntu,26.33,60.58,20.2,295.57,237.32,49.64,2,142.17,4202.24,0,0
2024-01-29 12:00:00,SRV-0153,eu-central-1,database,Ubuntu,36.13,47.9,9.97,89.01,70.33,59.25,2,400.06,5671.93,0,0
2024-01-29 12:30:00,SRV-0161,us-west-2,storage,CentOS,27.3,64.02,31.86,373.38,180.98,49.1,1,164.2,3903.96,0,0
2024-01-29 13:00:00,SRV-0116,sa-east-1,compute,Linux,41.54,28.64,25.8,94.63,87.61,49.24,2,200.02,3979.28,0,0
2024-01-29 13:30:00,SRV-0251,us-west-2,compute,CentOS,79.23,50.17,10.12,48.25,46.65,70.87,3,456.97,1972.8,0,0
2024-01-29 14:00:00,SRV-0183,ap-southeast-1,cache,CentOS,17.56,40.34,35.15,22.94,12.23,42.74,0,500.18,8643.16,0,0
2024-01-29 14:30:00,SRV-0164,us-east-1,storage,RHEL,94.96,95.21,26.15,0.56,0.34,88.33,4,442.81,4163.22,0,1
2024-01-29 15:00:00,SRV-0080,us-east-1,cache,CentOS,74.42,77.9,25.36,113.94,135.76,73.64,4,371.3,4667.29,0,0
2024-01-29 15:30:00,SRV-0007,ap-southeast-1,cache,CentOS,40.81,71.63,20.15,17.0,10.83,51.04,3,210.92,1915.36,0,0
2024-01-29 16:00:00,SRV-0087,eu-central-1,database,Ubuntu,31.62,17.31,0.29,74.57,73.43,49.12,6,146.92,4504.32,0,0
2024-01-29 16:30:00,SRV-0008,sa-east-1,web,Ubuntu,65.8,96.76,29.81,133.47,94.43,70.1,5,268.69,2237.61,0,1
2024-01-29 17:00:00,SRV-0036,us-west-2,storage,Windows Server,96.27,96.92,11.79,48.38,49.06,86.87,5,426.61,1773.26,0,1
2024-01-29 17:30:00,SRV-0251,us-west-2,cache,Linux,81.52,46.02,71.45,28.9,28.67,67.2,6,310.97,2416.05,0,0
2024-01-29 18:00:00,SRV-0100,us-west-2,web,CentOS,58.56,62.83,42.59,223.56,201.43,57.53,3,440.95,25.17,0,0
2024-01-29 18:30:00,SRV-0079,sa-east-1,web,CentOS,35.24,63.17,22.15,440.03,470.52,55.86,3,176.57,4994.95,0,0
2024-01-29 19:00:00,SRV-0286,sa-east-1,web,Linux,88.15,48.0,7.26,15.88,18.18,76.8,4,388.27,3394.94,0,0
2024-01-29 19:30:00,SRV-0271,ap-southeast-1,web,Ubuntu,32.89,63.56,5.7,25.37,20.85,49.73,1,220.4,7872.62,0,0
2024-01-29 20:00:00,SRV-0221,sa-east-1,database,Ubuntu,59.84,49.07,10.4,482.88,248.07,63.96,4,322.15,357.55,0,0
2024-01-29 20:30:00,SRV-0196,us-west-2,database,Linux,50.99,52.72,16.18,5.78,3.81,68.03,2,242.62,379.39,0,0
2024-01-29 21:00:00,SRV-0226,us-west-2,cache,Linux,71.03,47.65,8.78,570.02,560.03,63.54,5,469.88,7760.37,0,0
2024-01-29 21:30:00,SRV-0087,sa-east-1,web,Ubuntu,76.23,34.21,18.09,0.7,0.62,60.73,3,337.44,1110.28,0,0
2024-01-29 22:00:00,SRV-0058,sa-east-1,cache,Linux,45.64,62.63,4.52,310.33,142.76,60.53,5,307.37,19.92,0,0
2024-01-29 22:30:00,SRV-0170,ap-southeast-1,compute,Ubuntu,94.13,98.03,95.09,55.08,19.06,87.65,5,433.42,1568.11,0,1
2024-01-29 23:00:00,SRV-0097,us-east-1,database,Linux,54.2,69.27,2.86,418.52,382.81,58.13,4,225.06,7217.33,0,0
2024-01-29 23:30:00,SRV-0146,sa-east-1,database,Ubuntu,31.45,74.76,67.19,57.18,30.07,55.84,1,241.79,7031.97,0,0
2024-01-30 00:00:00,SRV-0018,us-east-1,storage,Windows Server,85.27,65.84,61.21,159.33,119.45,78.3,6,385.81,2980.22,0,0
2024-01-30 00:30:00,SRV-0184,eu-central-1,compute,Ubuntu,47.73,50.41,18.63,12.51,12.16,48.05,3,422.06,5852.28,0,0
2024-01-30 01:00:00,SRV-0143,us-east-1,database,Ubuntu,37.69,75.11,32.27,41.63,33.57,51.81,1,375.84,4444.0,0,0
2024-01-30 01:30:00,SRV-0062,sa-east-1,web,CentOS,48.69,35.56,14.32,222.87,83.57,71.07,2,212.45,7925.57,0,0
2024-01-30 02:00:00,SRV-0163,us-west-2,web,Ubuntu,18.06,43.79,24.86,112.83,52.7,50.14,2,112.69,495.21,0,0
2024-01-30 02:30:00,SRV-0040,us-west-2,web,Linux,25.57,42.64,10.41,394.6,196.27,53.61,3,161.6,7123.64,0,0
2024-01-30 03:00:00,SRV-0179,sa-east-1,cache,RHEL,69.01,79.44,8.96,83.99,44.69,73.47,3,688.37,1495.27,0,0
2024-01-30 03:30:00,SRV-0235,ap-southeast-1,database,Linux,31.86,76.97,21.58,305.82,247.36,52.83,1,147.77,3431.21,0,0
2024-01-30 04:00:00,SRV-0060,sa-east-1,cache,CentOS,24.06,68.77,17.24,89.39,67.36,53.61,1,233.93,1682.35,0,0
2024-01-30 04:30:00,SRV-0228,sa-east-1,database,Linux,55.73,79.29,21.66,581.27,280.66,65.88,3,310.98,6155.2,0,0
2024-01-30 05:00:00,SRV-0239,ap-southeast-1,storage,Windows Server,68.71,44.17,8.44,482.21,173.98,70.18,3,360.15,5942.46,0,0
2024-01-30 05:30:00,SRV-0056,ap-southeast-1,cache,RHEL,59.38,66.27,11.43,59.88,27.2,62.14,3,252.76,4800.04,0,0
2024-01-30 06:00:00,SRV-0234,eu-central-1,database,RHEL,64.92,57.75,2.19,325.63,386.18,66.83,4,270.47,6116.21,0,0
2024-01-30 06:30:00,SRV-0084,eu-central-1,storage,CentOS,29.86,75.24,1.34,282.2,203.66,49.0,1,195.92,5602.95,0,0
2024-01-30 07:00:00,SRV-0203,eu-central-1,database,RHEL,16.56,57.93,7.31,35.49,38.35,46.69,0,109.77,6801.86,0,0
2024-01-30 07:30:00,SRV-0041,ap-southeast-1,compute,Ubuntu,95.07,94.59,1.93,146.84,156.22,86.33,4,342.97,2097.96,0,1
2024-01-30 08:00:00,SRV-0017,us-east-1,cache,CentOS,38.55,69.74,2.74,11.32,8.61,51.47,1,174.89,3757.85,0,0
2024-01-30 08:30:00,SRV-0105,sa-east-1,web,Windows Server,39.98,75.77,41.91,271.83,254.44,54.58,3,255.04,1329.1,0,0
2024-01-30 09:00:00,SRV-0025,eu-central-1,storage,RHEL,71.56,47.97,0.99,28.77,13.62,63.91,4,315.4,3763.81,0,0
2024-01-30 09:30:00,SRV-0093,us-east-1,storage,RHEL,56.12,58.9,26.89,11.02,10.13,59.92,2,253.13,6147.12,0,0
2024-01-30 10:00:00,SRV-0215,sa-east-1,web,CentOS,54.12,40.95,7.96,76.68,41.8,60.83,2,250.31,6056.9,0,0
2024-01-30 10:30:00,SRV-0184,us-east-1,storage,RHEL,88.3,15.03,51.3,129.03,135.33,77.33,5,338.13,6214.87,0,0
2024-01-30 11:00:00,SRV-0217,us-west-2,web,RHEL,86.75,80.18,16.59,289.57,108.69,85.93,6,363.26,2705.49,0,0
2024-01-30 11:30:00,SRV-0151,us-west-2,web,Windows Server,63.56,70.96,9.12,548.85,546.56,63.1,4,263.37,5801.33,0,0
2024-01-30 12:00:00,SRV-0258,sa-east-1,database,Windows Server,46.14,64.72,18.23,86.84,33.86,65.13,4,308.17,3219.64,0,0
2024-01-30 12:30:00,SRV-0119,us-east-1,cache,CentOS,50.37,24.91,12.03,9.35,10.22,64.84,2,214.35,8273.81,0,0
2024-01-30 13:00:00,SRV-0134,us-east-1,compute,RHEL,75.57,53.68,20.77,207.41,119.01,72.75,3,572.83,3008.55,0,0
2024-01-30 13:30:00,SRV-0207,ap-southeast-1,storage,Linux,55.16,20.07,3.04,124.92,111.05,62.83,2,224.88,5282.84,0,0
2024-01-30 14:00:00,SRV-0263,eu-central-1,database,CentOS,55.77,84.65,100.0,89.1,65.82,63.9,2,504.58,6571.53,0,0
2024-01-30 14:30:00,SRV-0190,sa-east-1,compute,Windows Server,66.45,40.45,13.86,55.5,34.95,72.52,5,428.5,7940.22,0,0
2024-01-30 15:00:00,SRV-0158,us-east-1,compute,Linux,37.7,82.6,10.7,104.69,92.22,61.2,1,277.27,3836.82,0,0
2024-01-30 15:30:00,SRV-0076,eu-central-1,storage,RHEL,28.22,77.03,30.96,62.03,71.5,57.96,1,378.03,3158.49,0,0
2024-01-30 16:00:00,SRV-0052,sa-east-1,storage,CentOS,24.1,43.79,11.31,212.21,71.55,49.85,1,137.3,3767.62,0,0
2024-01-30 16:30:00,SRV-0226,us-east-1,database,CentOS,5.67,39.61,44.79,117.75,132.71,45.04,0,86.42,2836.26,0,0
2024-01-30 17:00:00,SRV-0094,us-west-2,storage,Windows Server,86.12,66.31,15.14,314.15,266.45,81.17,5,337.43,5728.72,0,0
2024-01-30 17:30:00,SRV-0292,us-east-1,compute,Ubuntu,22.94,44.8,31.78,117.64,120.77,46.06,3,146.89,8170.67,0,0
2024-01-30 18:00:00,SRV-0291,us-west-2,storage,Ubuntu,40.57,61.84,2.84,40.82,26.35,54.64,2,208.95,1105.26,0,0
2024-01-30 18:30:00,SRV-0178,us-west-2,database,Ubuntu,39.46,51.31,46.79,285.66,207.01,55.87,2,254.11,4914.12,0,0
2024-01-30 19:00:00,SRV-0106,ap-southeast-1,database,CentOS,51.15,27.94,33.27,122.2,132.22,64.96,2,206.3,7863.51,0,0
2024-01-30 19:30:00,SRV-0076,ap-southeast-1,database,Windows Server,96.31,87.07,5.95,34.76,23.41,83.33,4,387.09,877.9,0,0
2024-01-30 20:00:00,SRV-0004,eu-central-1,storage,Windows Server,62.21,64.08,3.92,146.53,114.47,63.73,4,264.92,4326.77,0,0
2024-01-30 20:30:00,SRV-0187,sa-east-1,cache,Ubuntu,33.34,49.89,9.51,66.41,21.13,45.79,2,243.32,7579.55,0,0
2024-01-30 21:00:00,SRV-0020,eu-central-1,database,Linux,41.66,50.04,93.32,279.08,123.56,57.89,2,596.08,7888.06,0,1
2024-01-30 21:30:00,SRV-0275,ap-southeast-1,cache,Ubuntu,96.08,94.34,7.42,90.58,79.48,87.5,4,411.15,4506.21,0,1
2024-01-30 22:00:00,SRV-0136,eu-central-1,web,CentOS,40.03,81.12,15.23,194.44,183.8,48.56,2,225.54,219.55,0,0
2024-01-30 22:30:00,SRV-0027,sa-east-1,database,Linux,77.15,55.09,0.76,15.06,12.42,64.54,4,327.37,926.29,0,0
2024-01-30 23:00:00,SRV-0136,sa-east-1,cache,Windows Server,54.82,53.87,12.66,75.63,32.45,63.56,4,368.15,5140.05,0,0
2024-01-30 23:30:00,SRV-0018,us-east-1,cache,RHEL,59.7,69.0,21.18,613.33,429.86,70.68,4,236.56,1085.88,0,0
2024-01-31 00:00:00,SRV-0285,eu-central-1,compute,Linux,58.26,35.58,76.51,247.9,153.59,63.5,4,546.09,1309.75,0,0
2024-01-31 00:30:00,SRV-0138,ap-southeast-1,cache,Windows Server,68.47,64.02,18.18,26.14,19.5,68.44,4,309.52,6763.97,0,0
2024-01-31 01:00:00,SRV-0232,us-east-1,compute,Linux,48.62,69.93,42.75,48.81,52.88,65.36,3,233.51,6576.31,0,0
2024-01-31 01:30:00,SRV-0257,eu-central-1,cache,Ubuntu,95.71,94.62,19.8,60.03,59.93,85.94,6,702.35,7382.85,0,1
2024-01-31 02:00:00,SRV-0219,sa-east-1,cache,Linux,52.99,25.14,1.04,157.63,59.2,63.8,5,483.68,927.13,0,0
2024-01-31 02:30:00,SRV-0132,ap-southeast-1,web,Linux,31.97,46.3,9.46,212.2,233.69,52.73,3,248.62,1736.55,0,0
2024-01-31 03:00:00,SRV-0256,eu-central-1,cache,Linux,34.43,44.19,21.42,207.66,150.47,56.6,2,155.15,7296.91,0,0
2024-01-31 03:30:00,SRV-0096,sa-east-1,storage,CentOS,99.55,88.14,75.19,106.96,103.7,91.72,4,486.7,6317.01,0,1
2024-01-31 04:00:00,SRV-0274,sa-east-1,storage,CentOS,69.77,68.65,49.0,249.76,106.41,63.82,5,300.18,7060.37,0,0
2024-01-31 04:30:00,SRV-0015,eu-central-1,storage,Ubuntu,45.43,86.94,6.48,86.19,77.89,58.87,3,235.42,8670.18,0,0
2024-01-31 05:00:00,SRV-0179,eu-central-1,web,RHEL,51.18,51.09,6.22,19.84,10.17,68.72,4,220.82,7572.56,0,0
2024-01-31 05:30:00,SRV-0260,ap-southeast-1,cache,CentOS,79.04,51.04,5.62,124.67,86.59,75.92,5,361.25,4559.74,0,0
2024-01-31 06:00:00,SRV-0088,us-east-1,web,RHEL,49.82,80.69,63.94,456.43,143.86,57.39,2,335.92,2723.02,0,0
2024-01-31 06:30:00,SRV-0094,sa-east-1,cache,CentOS,97.03,65.34,47.88,236.25,103.11,72.11,4,372.99,4990.8,0,1
2024-01-31 07:00:00,SRV-0028,us-east-1,compute,Windows Server,90.83,86.08,37.28,129.66,49.64,81.22,5,601.73,5594.38,0,1
2024-01-31 07:30:00,SRV-0185,us-east-1,web,Windows Server,9.78,65.2,12.47,156.11,80.52,50.49,0,101.01,2938.0,0,0
2024-01-31 08:00:00,SRV-0075,sa-east-1,storage,Linux,60.07,39.17,17.55,400.1,156.04,59.25,3,237.06,6753.64,0,0
2024-01-31 08:30:00,SRV-0054,eu-central-1,storage,RHEL,52.62,36.0,15.61,83.88,77.4,59.42,3,311.25,813.43,0,0
2024-01-31 09:00:00,SRV-0047,sa-east-1,storage,Linux,70.8,32.07,7.31,60.38,19.69,74.92,4,451.64,6827.7,0,0
2024-01-31 09:30:00,SRV-0248,us-east-1,cache,Linux,58.46,71.92,17.58,567.42,485.69,55.32,4,531.43,281.28,0,0
2024-01-31 10:00:00,SRV-0234,ap-southeast-1,cache,CentOS,42.23,81.39,0.77,298.65,127.42,64.35,2,322.44,4362.68,0,0
2024-01-31 10:30:00,SRV-0118,sa-east-1,web,CentOS,20.51,93.29,3.53,58.52,67.34,46.94,4,133.81,7546.32,0,1
2024-01-31 11:00:00,SRV-0260,ap-southeast-1,database,Linux,40.82,75.18,54.42,93.48,106.55,50.58,6,552.6,758.61,0,0
2024-01-31 11:30:00,SRV-0230,eu-central-1,cache,CentOS,27.99,80.93,34.83,80.44,40.46,49.96,2,385.84,4535.88,0,0
2024-01-31 12:00:00,SRV-0290,eu-central-1,database,Windows Server,33.39,49.56,13.74,24.22,20.66,49.74,2,167.98,1397.11,0,0
2024-01-31 12:30:00,SRV-0241,ap-southeast-1,database,Windows Server,56.77,39.18,18.2,474.87,154.43,64.91,3,302.14,7838.69,0,0
2024-01-31 13:00:00,SRV-0182,ap-southeast-1,cache,RHEL,78.4,75.3,11.55,77.71,88.48,68.12,4,366.28,7291.51,0,0
2024-01-31 13:30:00,SRV-0101,sa-east-1,web,Windows Server,52.89,67.52,33.75,312.31,240.7,51.6,3,267.12,8181.18,0,0
2024-01-31 14:00:00,SRV-0248,eu-central-1,database,Linux,21.08,61.93,38.33,31.49,10.67,47.33,2,528.54,7664.97,0,0
2024-01-31 14:30:00,SRV-0113,ap-southeast-1,web,Ubuntu,53.89,66.97,36.02,119.07,72.42,54.77,3,217.82,6452.47,0,0
2024-01-31 15:00:00,SRV-0221,us-west-2,web,CentOS,68.93,65.82,32.06,3.64,1.34,68.59,4,355.47,1620.44,0,0
2024-01-31 15:30:00,SRV-0148,sa-east-1,cache,Linux,32.8,83.11,5.72,216.73,141.66,47.19,4,171.39,2650.62,0,0
2024-01-31 16:00:00,SRV-0296,sa-east-1,database,CentOS,42.32,83.31,10.31,130.45,117.79,54.49,2,251.9,4352.95,0,0
2024-01-31 16:30:00,SRV-0197,us-west-2,web,RHEL,45.29,69.8,15.86,147.36,106.53,59.03,3,337.18,5159.15,0,0
2024-01-31 17:00:00,SRV-0069,eu-central-1,database,Linux,29.3,75.22,10.04,7.97,5.14,50.66,2,166.24,6852.14,0,0
2024-01-31 17:30:00,SRV-0288,ap-southeast-1,web,Linux,57.97,69.25,35.16,35.56,14.48,64.44,4,273.88,1988.94,0,0
2024-01-31 18:00:00,SRV-0024,ap-southeast-1,cache,Linux,42.58,51.7,9.99,11.59,6.03,60.43,3,478.86,1124.58,0,0
2024-01-31 18:30:00,SRV-0186,eu-central-1,web,RHEL,87.86,91.86,3.72,51.14,19.95,89.83,4,456.91,4228.18,0,1
2024-01-31 19:00:00,SRV-0170,us-west-2,cache,Linux,27.25,34.9,12.73,148.1,152.06,50.58,1,216.78,1383.53,0,0
2024-01-31 19:30:00,SRV-0291,us-west-2,cache,CentOS,36.25,78.97,97.69,125.27,52.83,37.85,2,183.86,6077.44,0,0
2024-01-31 20:00:00,SRV-0032,us-west-2,database,Ubuntu,59.45,38.5,6.4,142.07,118.75,65.02,3,283.73,5042.95,0,0
2024-01-31 20:30:00,SRV-0176,sa-east-1,database,Linux,37.54,65.14,23.68,119.53,72.73,53.51,1,311.38,6492.36,0,0
2024-01-31 21:00:00,SRV-0177,ap-southeast-1,database,RHEL,96.09,82.84,14.18,47.83,24.08,89.71,4,510.06,556.64,0,1
2024-01-31 21:30:00,SRV-0290,us-east-1,compute,RHEL,37.01,69.96,1.84,42.06,36.82,56.38,1,189.07,8450.79,0,0
2024-01-31 22:00:00,SRV-0144,sa-east-1,database,Linux,49.49,59.39,16.73,22.11,15.73,65.66,3,306.97,1.05,0,0
2024-01-31 22:30:00,SRV-0011,sa-east-1,database,RHEL,63.65,31.29,30.28,283.64,187.24,63.08,6,250.94,2851.55,0,0
2024-01-31 23:00:00,SRV-0147,ap-southeast-1,web,Windows Server,16.63,67.57,18.0,143.75,119.83,41.93,1,102.25,5953.92,0,0
2024-01-31 23:30:00,SRV-0195,eu-central-1,compute,RHEL,9.78,49.6,51.41,30.96,22.98,44.74,1,158.91,396.4,0,0
2024-02-01 00:00:00,SRV-0076,ap-southeast-1,compute,Ubuntu,14.49,75.86,8.52,29.26,16.77,39.12,0,118.87,731.06,0,0
2024-02-01 00:30:00,SRV-0160,eu-central-1,web,Windows Server,70.25,60.02,2.25,309.58,248.64,64.8,4,268.98,672.65,0,0
2024-02-01 01:00:00,SRV-0100,ap-southeast-1,database,CentOS,33.96,67.12,68.94,203.64,183.8,59.7,2,282.76,5094.44,0,0
2024-02-01 01:30:00,SRV-0116,sa-east-1,storage,Windows Server,96.16,42.76,11.88,161.56,52.35,78.78,6,407.4,7848.41,0,0
2024-02-01 02:00:00,SRV-0083,us-west-2,cache,Ubuntu,33.72,49.39,21.47,78.35,56.36,44.09,3,310.24,4866.07,0,0
2024-02-01 02:30:00,SRV-0063,sa-east-1,compute,Windows Server,48.69,51.74,39.26,45.57,16.04,50.49,3,305.12,5287.68,0,0
2024-02-01 03:00:00,SRV-0132,sa-east-1,web,Linux,75.84,75.42,9.8,582.74,272.59,71.15,3,408.39,3031.63,0,0
2024-02-01 03:30:00,SRV-0248,us-east-1,storage,RHEL,85.12,90.19,31.48,239.36,192.55,78.36,5,342.09,165.15,0,1
2024-02-01 04:00:00,SRV-0131,sa-east-1,cache,Linux,86.23,45.51,3.64,53.88,58.17,66.4,6,339.24,190.32,0,0
2024-02-01 04:30:00,SRV-0158,sa-east-1,storage,Linux,69.17,79.38,8.61,282.15,308.82,69.92,3,349.35,7781.71,0,0
2024-02-01 05:00:00,SRV-0216,sa-east-1,database,Linux,65.48,20.95,3.91,213.4,77.45,72.84,3,268.77,899.43,0,0
2024-02-01 05:30:00,SRV-0034,us-east-1,web,Windows Server,56.85,38.5,41.68,52.88,35.81,72.18,2,389.51,8758.16,0,0
2024-02-01 06:00:00,SRV-0298,eu-central-1,cache,CentOS,60.57,42.74,6.3,83.41,68.79,65.88,3,305.71,1441.18,0,0
2024-02-01 06:30:00,SRV-0279,us-east-1,cache,RHEL,33.98,35.65,31.59,30.86,13.34,56.12,2,177.68,5910.12,0,0
2024-02-01 07:00:00,SRV-0296,us-west-2,database,Windows Server,92.1,82.1,71.75,17.66,17.46,83.36,5,424.43,8312.9,0,0
2024-02-01 07:30:00,SRV-0015,eu-central-1,database,Linux,44.93,67.43,18.76,192.43,186.62,68.47,4,474.9,3174.29,0,0
2024-02-01 08:00:00,SRV-0115,us-east-1,database,Ubuntu,41.6,56.15,19.41,46.7,51.97,53.76,5,183.36,6433.9,0,0
2024-02-01 08:30:00,SRV-0057,us-west-2,web,Ubuntu,35.94,66.83,15.45,257.27,79.15,49.71,3,169.39,3074.15,0,0
2024-02-01 09:00:00,SRV-0142,us-west-2,compute,Linux,58.93,72.43,9.86,814.22,403.05,62.3,3,412.47,2671.98,0,0
2024-02-01 09:30:00,SRV-0207,ap-southeast-1,storage,CentOS,98.54,85.04,16.14,11.96,12.49,93.19,4,357.24,1768.6,0,0
2024-02-01 10:00:00,SRV-0140,ap-southeast-1,web,RHEL,46.77,71.84,23.08,96.09,86.82,69.75,3,194.32,7191.57,0,0
2024-02-01 10:30:00,SRV-0107,sa-east-1,web,Windows Server,74.55,58.75,100.0,242.97,268.47,70.45,3,316.41,2255.45,0,0
2024-02-01 11:00:00,SRV-0291,eu-central-1,storage,CentOS,22.17,38.63,69.42,233.35,82.01,53.86,2,179.37,2481.18,0,0
2024-02-01 11:30:00,SRV-0078,us-east-1,cache,Ubuntu,41.13,79.04,49.54,214.07,179.23,56.67,2,257.65,8750.98,0,0
2024-02-01 12:00:00,SRV-0002,sa-east-1,storage,Linux,30.66,49.4,54.99,64.39,52.29,47.08,2,212.78,2867.91,0,0
2024-02-01 12:30:00,SRV-0274,eu-central-1,database,Windows Server,7.67,43.16,15.77,90.73,30.13,50.45,0,317.4,3704.08,0,0
2024-02-01 13:00:00,SRV-0035,ap-southeast-1,cache,CentOS,43.35,56.8,26.78,135.57,103.33,54.23,2,326.43,8672.9,0,0
2024-02-01 13:30:00,SRV-0265,us-east-1,web,CentOS,42.57,43.57,56.36,547.11,464.26,64.7,4,590.03,3235.7,0,0
2024-02-01 14:00:00,SRV-0218,us-west-2,storage,CentOS,75.27,52.49,12.48,59.52,28.1,76.6,3,340.52,3208.13,0,0
2024-02-01 14:30:00,SRV-0067,us-west-2,web,Windows Server,57.62,66.19,81.6,384.87,210.14,66.12,4,231.66,7250.95,0,0
2024-02-01 15:00:00,SRV-0069,sa-east-1,web,RHEL,24.52,66.27,13.44,47.07,41.25,58.95,3,434.84,2733.2,0,0
2024-02-01 15:30:00,SRV-0224,sa-east-1,storage,Windows Server,82.08,43.84,22.98,677.5,488.79,83.99,4,296.66,2048.73,0,0
2024-02-01 16:00:00,SRV-0294,us-east-1,web,Linux,69.42,51.22,30.93,166.42,178.44,66.89,3,407.92,3707.9,0,0
2024-02-01 16:30:00,SRV-0203,us-west-2,compute,Windows Server,56.64,79.34,75.19,93.41,56.8,58.61,2,223.1,6137.91,0,0
2024-02-01 17:00:00,SRV-0081,sa-east-1,compute,CentOS,40.47,68.94,7.01,142.55,76.98,46.87,4,314.63,379.77,0,0
2024-02-01 17:30:00,SRV-0066,us-west-2,web,RHEL,25.81,97.35,34.27,47.73,56.62,61.55,2,405.4,3276.13,0,1
2024-02-01 18:00:00,SRV-0297,ap-southeast-1,cache,RHEL,37.56,81.24,18.39,48.07,53.84,52.82,2,211.98,3033.76,0,0
2024-02-01 18:30:00,SRV-0280,sa-east-1,cache,Linux,66.77,80.6,7.82,18.08,5.9,72.39,4,277.9,2145.36,0,0
2024-02-01 19:00:00,SRV-0261,eu-central-1,cache,Linux,82.69,35.02,37.47,18.16,18.05,69.37,4,323.73,5731.9,0,0
2024-02-01 19:30:00,SRV-0277,sa-east-1,cache,Ubuntu,75.86,73.75,20.09,64.08,25.59,78.04,3,345.27,2541.02,0,0
2024-02-01 20:00:00,SRV-0006,ap-southeast-1,compute,Ubuntu,35.22,59.04,27.04,215.86,70.1,50.59,1,174.41,5315.36,0,0
2024-02-01 20:30:00,SRV-0132,us-east-1,cache,Ubuntu,22.61,50.08,9.75,140.46,76.74,43.08,1,229.58,4418.49,0,0
2024-02-01 21:00:00,SRV-0265,us-west-2,storage,Windows Server,47.82,63.02,16.41,16.24,8.81,58.08,3,239.4,1903.37,0,0
2024-02-01 21:30:00,SRV-0068,us-east-1,cache,RHEL,9.63,77.01,24.02,286.82,297.54,41.19,1,117.92,2335.85,0,0
2024-02-01 22:00:00,SRV-0126,sa-east-1,storage,Linux,51.46,69.01,12.98,137.96,129.62,63.57,2,266.25,1495.29,0,0
2024-02-01 22:30:00,SRV-0171,eu-central-1,compute,Ubuntu,42.05,44.19,5.53,486.07,575.24,56.56,4,254.36,497.02,0,0
2024-02-01 23:00:00,SRV-0029,us-east-1,storage,Linux,89.58,88.01,81.52,166.38,156.46,94.23,4,334.04,5424.47,0,0
2024-02-01 23:30:00,SRV-0176,eu-central-1,storage,Ubuntu,13.11,48.52,17.91,28.89,19.54,43.79,1,212.34,5893.96,0,0
2024-02-02 00:00:00,SRV-0292,sa-east-1,web,Windows Server,55.27,63.9,33.1,96.31,89.47,58.78,2,430.33,1454.99,0,0
2024-02-02 00:30:00,SRV-0105,eu-central-1,storage,Windows Server,34.35,54.54,13.24,156.83,188.12,50.82,2,185.61,5391.22,0,0
2024-02-02 01:00:00,SRV-0045,eu-central-1,web,CentOS,21.6,56.06,10.97,4.3,4.04,58.87,1,134.7,8603.08,0,0
2024-02-02 01:30:00,SRV-0101,ap-southeast-1,cache,Linux,0.0,73.79,13.07,2.25,2.22,41.13,1,192.92,652.69,0,0
2024-02-02 02:00:00,SRV-0226,us-east-1,storage,CentOS,44.45,41.28,13.16,20.79,23.79,47.86,4,203.63,4296.16,0,0
2024-02-02 02:30:00,SRV-0104,sa-east-1,storage,Windows Server,80.45,95.01,19.64,43.49,17.49,69.58,4,295.55,6421.68,0,1
2024-02-02 03:00:00,SRV-0262,ap-southeast-1,database,Windows Server,78.23,27.22,19.6,84.2,78.67,71.77,5,381.24,403.99,0,0
2024-02-02 03:30:00,SRV-0253,eu-central-1,cache,Linux,35.86,49.24,17.19,100.25,106.84,63.57,1,184.99,6817.9,0,0
2024-02-02 04:00:00,SRV-0165,ap-southeast-1,storage,CentOS,32.96,66.66,3.62,22.28,25.82,58.33,1,167.72,8580.54,0,0
2024-02-02 04:30:00,SRV-0292,ap-southeast-1,storage,CentOS,54.38,70.52,17.13,167.85,82.22,57.14,3,612.68,776.07,0,0
2024-02-02 05:00:00,SRV-0212,eu-central-1,database,CentOS,25.03,58.19,4.63,136.0,102.48,62.1,2,159.61,7202.91,0,0
2024-02-02 05:30:00,SRV-0144,sa-east-1,web,Linux,51.04,58.97,3.37,52.32,47.74,60.26,4,436.87,3317.0,0,0
2024-02-02 06:00:00,SRV-0236,us-west-2,cache,Linux,60.32,67.39,67.44,2.06,1.08,70.36,5,250.59,1263.31,0,0
2024-02-02 06:30:00,SRV-0022,ap-southeast-1,database,Linux,69.54,55.84,23.22,12.12,10.19,62.04,3,429.53,4320.88,0,0
2024-02-02 07:00:00,SRV-0069,us-east-1,cache,RHEL,91.97,82.8,26.93,74.56,39.65,93.81,5,395.64,627.43,0,1
2024-02-02 07:30:00,SRV-0069,eu-central-1,cache,Windows Server,99.11,83.38,12.85,25.08,15.05,83.82,5,355.51,4574.09,0,1
2024-02-02 08:00:00,SRV-0246,us-west-2,web,RHEL,27.44,75.71,59.92,70.94,49.47,34.72,2,264.6,170.55,0,0
2024-02-02 08:30:00,SRV-0063,ap-southeast-1,web,RHEL,28.46,42.61,25.4,148.4,115.2,61.95,2,358.02,6382.91,0,0
2024-02-02 09:00:00,SRV-0237,eu-central-1,compute,Windows Server,40.47,58.57,36.65,118.86,83.73,57.26,5,189.21,4275.13,0,0
2024-02-02 09:30:00,SRV-0019,eu-central-1,database,Ubuntu,86.43,86.06,11.49,39.43,29.33,82.3,6,438.59,4020.85,0,0
2024-02-02 10:00:00,SRV-0231,ap-southeast-1,database,Ubuntu,63.27,41.9,80.48,63.2,35.94,67.57,4,298.7,1719.44,0,1
2024-02-02 10:30:00,SRV-0229,us-east-1,cache,Ubuntu,28.94,66.48,42.93,142.8,63.27,52.52,2,277.0,3165.3,0,0
2024-02-02 11:00:00,SRV-0127,eu-central-1,compute,Linux,74.85,50.32,48.09,295.84,101.36,73.05,3,399.71,1593.99,0,0
2024-02-02 11:30:00,SRV-0146,eu-central-1,compute,Linux,39.58,71.8,4.72,209.88,99.99,61.88,2,171.43,6442.28,0,0
2024-02-02 12:00:00,SRV-0114,ap-southeast-1,cache,CentOS,44.57,40.74,7.9,120.91,99.6,56.38,3,203.41,1744.26,0,0
2024-02-02 12:30:00,SRV-0243,us-west-2,web,CentOS,30.06,90.94,8.41,67.48,67.99,47.62,1,203.85,5403.14,0,1
2024-02-02 13:00:00,SRV-0145,eu-central-1,compute,RHEL,0.0,43.87,7.9,68.13,30.82,44.14,0,321.2,2450.08,0,0
2024-02-02 13:30:00,SRV-0041,eu-central-1,database,CentOS,62.68,63.95,48.35,317.31,126.2,69.08,5,279.91,5755.51,0,0
2024-02-02 14:00:00,SRV-0161,ap-southeast-1,web,Linux,59.74,74.25,0.81,6.01,5.85,64.4,4,328.33,4734.84,0,0
2024-02-02 14:30:00,SRV-0077,eu-central-1,storage,RHEL,39.37,49.73,1.98,663.21,381.11,66.64,2,169.34,3709.9,0,0
2024-02-02 15:00:00,SRV-0168,ap-southeast-1,compute,CentOS,46.34,75.34,8.0,163.76,189.37,56.35,2,313.2,5895.81,0,0
2024-02-02 15:30:00,SRV-0284,us-east-1,cache,CentOS,55.32,37.87,5.57,171.45,161.66,57.63,2,308.36,3642.31,0,0
2024-02-02 16:00:00,SRV-0110,ap-southeast-1,database,Ubuntu,13.75,86.14,6.59,5.81,3.45,47.59,0,216.91,7195.39,0,0
2024-02-02 16:30:00,SRV-0195,us-west-2,compute,Linux,34.42,60.25,39.98,139.53,78.22,50.39,4,388.29,6391.55,0,0
2024-02-02 17:00:00,SRV-0228,eu-central-1,cache,RHEL,60.89,49.26,20.7,99.47,76.73,66.83,6,248.5,4736.46,0,0
2024-02-02 17:30:00,SRV-0167,us-east-1,database,Windows Server,19.91,54.61,0.14,16.77,6.23,43.8,0,140.07,7683.17,0,0
2024-02-02 18:00:00,SRV-0021,eu-central-1,compute,CentOS,50.87,74.56,14.02,48.84,19.83,58.35,6,749.43,7261.0,0,0
2024-02-02 18:30:00,SRV-0165,eu-central-1,database,Linux,17.87,49.48,13.1,331.52,151.93,56.6,0,120.6,4659.38,0,0
2024-02-02 19:00:00,SRV-0130,ap-southeast-1,storage,RHEL,54.33,46.51,3.02,119.77,119.44,59.7,4,340.51,600.53,0,0
2024-02-02 19:30:00,SRV-0262,eu-central-1,database,Linux,44.29,56.01,28.19,80.02,61.01,53.72,3,311.99,4958.56,0,0
2024-02-02 20:00:00,SRV-0052,us-east-1,cache,Linux,12.7,38.81,30.27,11.32,3.5,50.93,2,202.98,3112.7,0,1
2024-02-02 20:30:00,SRV-0261,sa-east-1,compute,RHEL,68.29,92.77,31.9,187.83,170.2,62.06,3,280.69,4731.85,0,0
2024-02-02 21:00:00,SRV-0175,eu-central-1,cache,Ubuntu,30.31,49.8,32.59,182.03,124.02,48.66,1,165.15,5669.22,0,0
2024-02-02 21:30:00,SRV-0299,ap-southeast-1,storage,Ubuntu,96.71,86.75,0.0,142.8,108.5,86.75,5,449.9,5649.14,0,1
2024-02-02 22:00:00,SRV-0096,us-west-2,web,CentOS,49.01,63.77,76.93,107.08,52.76,64.3,2,217.64,5900.4,0,0
2024-02-02 22:30:00,SRV-0040,eu-central-1,database,Ubuntu,67.97,42.28,42.08,85.32,67.96,73.29,4,362.26,5950.71,0,0
2024-02-02 23:00:00,SRV-0209,ap-southeast-1,cache,CentOS,87.45,84.83,58.58,134.94,159.4,83.85,4,380.19,958.2,0,1
2024-02-02 23:30:00,SRV-0142,eu-central-1,compute,CentOS,46.23,74.11,0.39,39.87,14.6,61.47,2,237.58,1680.21,0,0
2024-02-03 00:00:00,SRV-0258,sa-east-1,compute,RHEL,53.58,56.61,67.9,425.19,236.21,59.1,2,246.43,5523.91,0,0
2024-02-03 00:30:00,SRV-0167,sa-east-1,web,Linux,58.86,81.48,41.49,133.3,69.14,60.52,3,521.43,3576.18,0,0
2024-02-03 01:00:00,SRV-0191,us-east-1,compute,Windows Server,48.53,78.39,45.38,55.92,29.28,65.43,3,266.53,6682.82,0,0
2024-02-03 01:30:00,SRV-0119,sa-east-1,storage,Windows Server,37.66,76.54,2.45,89.59,57.41,52.32,2,245.36,1095.08,0,0
2024-02-03 02:00:00,SRV-0146,ap-southeast-1,web,Ubuntu,28.45,51.73,33.56,245.74,254.66,52.77,3,433.44,1678.55,0,0
2024-02-03 02:30:00,SRV-0129,sa-east-1,storage,RHEL,46.72,40.56,80.42,26.44,29.66,59.47,4,296.26,4892.59,0,0
2024-02-03 03:00:00,SRV-0145,ap-southeast-1,database,Windows Server,23.56,48.96,28.37,51.97,25.05,44.07,4,437.33,4387.05,0,0
2024-02-03 03:30:00,SRV-0054,eu-central-1,storage,Linux,0.0,63.53,21.13,170.68,134.61,44.83,0,61.25,2334.37,0,0
2024-02-03 04:00:00,SRV-0122,us-east-1,database,CentOS,93.36,92.68,72.8,56.86,49.65,92.73,5,517.57,3577.68,0,1
2024-02-03 04:30:00,SRV-0124,us-east-1,storage,CentOS,97.4,82.13,14.63,235.89,181.56,90.96,6,383.05,307.4,0,0
2024-02-03 05:00:00,SRV-0167,sa-east-1,web,RHEL,0.0,59.85,22.86,20.97,14.48,41.39,1,216.33,325.42,0,0
2024-02-03 05:30:00,SRV-0143,us-west-2,database,Ubuntu,24.81,62.85,16.17,215.76,102.0,46.06,2,317.96,832.47,0,0
2024-02-03 06:00:00,SRV-0022,sa-east-1,storage,Linux,85.41,99.56,67.52,10.62,7.85,85.61,6,337.92,5053.13,0,0
2024-02-03 06:30:00,SRV-0276,us-west-2,storage,Ubuntu,91.82,83.39,1.98,1.9,1.26,89.35,5,378.02,7566.29,0,1
2024-02-03 07:00:00,SRV-0299,sa-east-1,compute,Ubuntu,45.42,67.59,17.38,342.75,348.23,56.38,4,315.72,2280.3,0,0
2024-02-03 07:30:00,SRV-0277,ap-southeast-1,storage,RHEL,30.44,83.58,29.04,130.6,128.94,53.99,2,151.75,298.28,0,0
2024-02-03 08:00:00,SRV-0115,ap-southeast-1,compute,CentOS,41.34,56.11,39.24,65.04,27.36,56.81,4,314.89,6207.86,0,0
2024-02-03 08:30:00,SRV-0272,us-west-2,storage,Ubuntu,72.5,76.87,21.87,39.71,15.08,72.81,4,279.2,7493.03,0,0
2024-02-03 09:00:00,SRV-0168,us-east-1,cache,Ubuntu,32.08,89.43,59.9,143.91,160.8,45.24,1,392.11,1211.26,0,1
2024-02-03 09:30:00,SRV-0277,us-west-2,compute,Linux,29.02,83.61,71.18,106.7,83.43,59.87,2,169.39,3379.76,0,0
2024-02-03 10:00:00,SRV-0264,eu-central-1,web,CentOS,35.35,40.34,1.66,716.89,768.52,56.76,2,241.74,1391.38,0,0
2024-02-03 10:30:00,SRV-0250,us-east-1,web,Ubuntu,25.93,55.43,12.87,613.1,216.02,57.17,2,140.26,932.58,0,0
2024-02-03 11:00:00,SRV-0255,us-west-2,database,Windows Server,47.45,53.79,0.59,151.19,117.0,63.35,6,223.76,5678.31,0,0
2024-02-03 11:30:00,SRV-0058,eu-central-1,web,Windows Server,87.26,81.37,9.99,87.74,68.92,90.03,4,363.52,8475.65,0,0
2024-02-03 12:00:00,SRV-0005,eu-central-1,database,CentOS,51.46,72.35,19.24,101.34,108.9,54.16,4,271.14,5941.05,0,0
2024-02-03 12:30:00,SRV-0111,sa-east-1,web,CentOS,39.95,44.9,60.42,172.08,66.74,53.16,1,169.87,8626.99,0,0
2024-02-03 13:00:00,SRV-0286,us-west-2,compute,RHEL,39.16,61.22,46.86,16.07,8.3,63.61,4,387.0,3805.87,0,0
2024-02-03 13:30:00,SRV-0265,ap-southeast-1,cache,Ubuntu,13.74,23.64,3.41,59.7,39.76,52.42,1,91.98,7865.44,0,0
2024-02-03 14:00:00,SRV-0249,sa-east-1,database,Windows Server,62.66,85.96,2.44,11.74,12.67,61.97,4,386.57,1797.33,0,0
2024-02-03 14:30:00,SRV-0095,us-east-1,cache,Windows Server,43.44,50.78,22.25,11.43,13.09,43.29,4,243.93,1033.72,0,0
2024-02-03 15:00:00,SRV-0297,ap-southeast-1,storage,CentOS,92.01,90.77,18.99,32.69,39.02,82.19,5,400.24,6154.37,0,1
2024-02-03 15:30:00,SRV-0185,eu-central-1,storage,CentOS,100.0,54.43,7.74,99.61,115.88,78.56,5,373.35,3254.17,0,0
2024-02-03 16:00:00,SRV-0229,us-east-1,cache,Linux,50.98,80.63,57.43,230.41,70.36,59.14,2,296.41,2783.63,0,0
2024-02-03 16:30:00,SRV-0262,sa-east-1,compute,Linux,29.96,8.92,65.56,99.68,34.18,54.63,4,216.95,5880.75,0,0
2024-02-03 17:00:00,SRV-0119,eu-central-1,cache,CentOS,36.47,59.7,12.88,61.3,26.53,58.97,2,177.36,2921.99,0,0
2024-02-03 17:30:00,SRV-0234,eu-central-1,cache,Linux,95.35,96.53,55.25,12.89,7.91,90.83,7,363.26,5016.04,0,1
2024-02-03 18:00:00,SRV-0282,eu-central-1,cache,CentOS,87.15,91.34,12.11,119.87,125.5,80.04,5,318.38,2623.93,0,0
2024-02-03 18:30:00,SRV-0202,ap-southeast-1,database,CentOS,16.23,91.07,33.37,47.47,52.38,37.49,0,105.56,6865.93,0,1
2024-02-03 19:00:00,SRV-0262,sa-east-1,database,RHEL,63.38,44.03,16.15,143.15,67.02,63.65,3,241.54,2737.21,0,0
2024-02-03 19:30:00,SRV-0053,sa-east-1,cache,Linux,31.64,73.89,3.27,567.07,486.37,64.18,2,169.82,4687.01,0,0
2024-02-03 20:00:00,SRV-0161,ap-southeast-1,compute,Ubuntu,82.47,66.41,65.75,17.7,19.93,74.86,6,411.24,204.0,0,0
2024-02-03 20:30:00,SRV-0244,sa-east-1,storage,Ubuntu,66.6,82.71,15.13,35.76,25.65,68.48,4,287.81,6935.77,0,0
2024-02-03 21:00:00,SRV-0094,eu-central-1,storage,RHEL,88.73,96.95,33.15,96.11,37.79,86.86,5,358.15,5434.54,0,1
2024-02-03 21:30:00,SRV-0040,eu-central-1,storage,Ubuntu,70.62,46.81,11.44,519.21,369.69,70.33,5,276.01,1684.8,0,0
2024-02-03 22:00:00,SRV-0280,eu-central-1,web,Ubuntu,46.36,79.73,0.48,221.64,141.45,46.63,3,274.75,1887.46,0,0
2024-02-03 22:30:00,SRV-0092,sa-east-1,compute,RHEL,62.06,67.66,2.65,342.75,281.02,63.62,4,278.04,2300.18,0,0
2024-02-03 23:00:00,SRV-0038,us-west-2,database,Windows Server,54.69,32.19,17.14,60.91,42.32,61.69,2,326.88,5050.83,0,0
2024-02-03 23:30:00,SRV-0243,us-east-1,storage,RHEL,28.07,50.29,29.28,724.97,228.81,57.64,3,269.49,4803.7,0,0
2024-02-04 00:00:00,SRV-0136,us-west-2,database,RHEL,32.13,66.95,10.19,16.28,19.44,53.09,2,234.26,2399.77,0,0
2024-02-04 00:30:00,SRV-0064,ap-southeast-1,database,Linux,65.6,75.08,29.73,8.16,6.44,58.01,4,279.1,6080.29,0,0
2024-02-04 01:00:00,SRV-0201,us-west-2,database,Ubuntu,38.3,47.77,29.99,290.28,210.82,57.47,2,235.96,7788.11,0,0
2024-02-04 01:30:00,SRV-0262,us-west-2,database,Ubuntu,36.93,7.54,30.43,393.14,455.71,50.75,2,189.81,382.15,0,0
2024-02-04 02:00:00,SRV-0175,ap-southeast-1,cache,Windows Server,25.9,69.42,16.96,14.24,6.27,44.28,1,360.91,3655.23,0,0
2024-02-04 02:30:00,SRV-0177,us-west-2,database,RHEL,53.47,38.03,61.59,18.06,8.49,57.22,2,355.82,5199.64,0,0
2024-02-04 03:00:00,SRV-0085,us-east-1,web,CentOS,86.25,23.69,16.79,5.06,5.2,77.21,5,376.68,5137.59,0,1
2024-02-04 03:30:00,SRV-0160,sa-east-1,database,Windows Server,86.54,82.5,14.96,16.56,8.85,81.67,7,646.17,172.11,0,0
2024-02-04 04:00:00,SRV-0182,ap-southeast-1,storage,Windows Server,45.48,74.65,5.56,35.25,35.93,60.61,3,265.59,1845.35,0,0
2024-02-04 04:30:00,SRV-0036,us-west-2,database,Ubuntu,73.24,62.32,9.19,526.37,286.54,72.46,5,309.56,542.58,0,0
2024-02-04 05:00:00,SRV-0099,eu-central-1,storage,Ubuntu,43.41,55.94,1.08,165.33,54.54,59.73,2,190.26,4984.57,0,0
2024-02-04 05:30:00,SRV-0226,eu-central-1,database,Ubuntu,54.05,85.0,25.1,226.14,173.06,62.13,3,290.61,5653.97,0,0
2024-02-04 06:00:00,SRV-0037,ap-southeast-1,compute,Ubuntu,23.75,71.47,7.14,224.51,107.1,52.99,2,318.17,1400.18,0,0
2024-02-04 06:30:00,SRV-0273,eu-central-1,cache,Windows Server,53.57,89.09,9.07,114.88,112.82,49.33,5,412.23,2917.84,0,1
2024-02-04 07:00:00,SRV-0272,us-east-1,storage,RHEL,41.26,34.93,36.83,239.54,210.1,57.06,3,266.55,2889.75,0,0
2024-02-04 07:30:00,SRV-0186,us-west-2,web,Ubuntu,64.71,59.38,9.91,135.88,153.71,60.66,4,294.14,7181.65,0,0
2024-02-04 08:00:00,SRV-0049,us-east-1,database,Linux,68.75,30.9,6.93,56.65,56.92,73.31,3,361.31,1706.02,0,0
2024-02-04 08:30:00,SRV-0094,us-east-1,storage,Windows Server,96.79,55.87,4.63,123.53,57.16,77.98,6,483.98,4803.68,0,1
2024-02-04 09:00:00,SRV-0226,sa-east-1,cache,CentOS,56.59,55.52,37.28,114.38,116.68,62.79,3,272.82,6858.73,0,0
2024-02-04 09:30:00,SRV-0005,us-west-2,database,CentOS,85.14,91.49,3.47,260.13,228.28,91.19,4,370.08,7267.28,0,1
2024-02-04 10:00:00,SRV-0174,ap-southeast-1,cache,RHEL,48.89,60.82,15.12,600.35,541.55,64.64,3,310.8,5839.45,0,0
2024-02-04 10:30:00,SRV-0183,eu-central-1,web,Windows Server,37.94,71.22,17.68,79.41,83.3,58.31,1,373.09,2624.56,0,0
2024-02-04 11:00:00,SRV-0073,sa-east-1,storage,Windows Server,51.77,72.66,29.07,216.2,176.52,63.49,4,361.86,7210.06,0,0
2024-02-04 11:30:00,SRV-0145,us-east-1,web,Windows Server,39.09,98.79,25.08,15.76,11.34,51.57,1,169.54,6501.63,0,0
2024-02-04 12:00:00,SRV-0152,eu-central-1,cache,Linux,97.71,81.24,41.61,224.97,196.4,82.3,5,356.4,6171.45,0,1
2024-02-04 12:30:00,SRV-0056,us-west-2,compute,Linux,71.35,43.06,1.14,69.64,39.57,69.66,4,455.64,590.79,0,0
2024-02-04 13:00:00,SRV-0183,us-east-1,compute,Ubuntu,24.87,64.43,8.79,6.03,2.8,46.48,3,304.08,379.96,0,0
2024-02-04 13:30:00,SRV-0122,us-east-1,storage,CentOS,67.8,45.56,8.22,67.71,57.88,69.29,3,302.63,6091.7,0,0
2024-02-04 14:00:00,SRV-0244,us-west-2,database,Linux,71.34,86.68,3.95,141.49,72.22,57.73,3,351.8,8276.46,0,0
2024-02-04 14:30:00,SRV-0204,ap-southeast-1,web,CentOS,42.64,54.9,8.53,19.05,7.08,54.62,2,414.2,6778.05,0,0
2024-02-04 15:00:00,SRV-0079,sa-east-1,compute,Windows Server,2.56,49.82,9.27,386.62,116.18,50.01,4,300.23,7283.89,0,0
2024-02-04 15:30:00,SRV-0016,us-west-2,compute,Linux,32.84,51.52,18.45,12.13,10.28,55.33,1,301.36,4774.5,0,0
2024-02-04 16:00:00,SRV-0126,eu-central-1,database,CentOS,70.94,72.93,27.24,398.9,249.69,69.21,3,286.34,2668.87,0,0
2024-02-04 16:30:00,SRV-0087,eu-central-1,web,Linux,44.54,57.16,12.0,184.21,179.99,67.74,3,314.67,5937.3,0,0
2024-02-04 17:00:00,SRV-0278,us-east-1,cache,Windows Server,25.01,48.45,31.78,60.01,38.26,38.33,4,135.7,6237.15,0,0
2024-02-04 17:30:00,SRV-0043,sa-east-1,compute,Windows Server,34.9,89.98,10.24,74.33,54.81,49.89,1,379.09,5916.46,0,0
2024-02-04 18:00:00,SRV-0079,ap-southeast-1,storage,Windows Server,61.81,44.59,8.57,202.53,134.96,62.72,5,251.59,8293.22,0,0
2024-02-04 18:30:00,SRV-0277,ap-southeast-1,storage,Ubuntu,55.93,60.64,19.48,138.0,122.2,66.67,4,326.38,3217.12,0,0
2024-02-04 19:00:00,SRV-0264,eu-central-1,cache,CentOS,40.22,71.74,0.6,167.05,103.66,60.47,2,264.89,348.36,0,0
2024-02-04 19:30:00,SRV-0228,ap-southeast-1,database,Ubuntu,37.66,30.64,2.08,73.94,86.32,50.74,3,313.0,7958.06,0,0
2024-02-04 20:00:00,SRV-0125,eu-central-1,database,RHEL,37.16,68.64,13.53,100.36,114.66,59.86,4,241.7,1406.81,0,0
2024-02-04 20:30:00,SRV-0106,sa-east-1,compute,RHEL,26.55,41.01,71.58,688.8,732.35,48.6,2,135.8,6108.81,0,0
2024-02-04 21:00:00,SRV-0230,us-east-1,compute,Linux,77.31,74.81,31.96,36.11,40.74,76.98,5,404.29,7649.4,0,0
2024-02-04 21:30:00,SRV-0134,eu-central-1,compute,Linux,38.55,42.67,2.31,81.16,57.15,50.26,3,213.97,2717.53,0,0
2024-02-04 22:00:00,SRV-0081,sa-east-1,cache,Linux,69.34,72.47,46.82,51.76,40.52,67.12,4,296.64,7274.61,0,0
2024-02-04 22:30:00,SRV-0109,eu-central-1,cache,Ubuntu,75.43,79.9,32.95,217.3,210.32,67.72,3,755.11,2909.5,0,0
2024-02-04 23:00:00,SRV-0175,us-west-2,compute,Windows Server,64.97,75.51,23.6,216.6,200.68,71.27,3,334.16,6957.91,0,0
2024-02-04 23:30:00,SRV-0164,eu-central-1,database,Linux,36.37,64.52,42.91,51.89,57.16,51.93,4,283.14,612.64,0,0
2024-02-05 00:00:00,SRV-0125,sa-east-1,web,Linux,53.07,55.84,12.94,12.73,12.03,61.02,3,283.95,5740.27,0,0
2024-02-05 00:30:00,SRV-0023,ap-southeast-1,compute,RHEL,44.52,49.62,6.26,1.72,2.07,60.34,3,330.5,5932.05,0,0
2024-02-05 01:00:00,SRV-0062,eu-central-1,database,Windows Server,88.68,81.17,17.94,83.65,51.33,80.63,4,455.49,4305.4,0,0
2024-02-05 01:30:00,SRV-0212,us-east-1,database,Ubuntu,51.49,47.41,19.9,79.23,83.17,65.03,3,311.51,6019.23,0,0
2024-02-05 02:00:00,SRV-0252,sa-east-1,storage,Windows Server,21.42,41.33,19.32,668.38,620.17,49.62,3,723.63,8087.17,0,0
2024-02-05 02:30:00,SRV-0096,ap-southeast-1,web,RHEL,68.75,71.98,20.81,95.18,87.78,65.41,5,317.84,6428.83,0,0
2024-02-05 03:00:00,SRV-0209,sa-east-1,compute,Ubuntu,35.71,45.67,74.25,44.44,26.37,52.53,3,279.61,8420.99,0,0
2024-02-05 03:30:00,SRV-0057,eu-central-1,web,CentOS,49.02,42.9,58.13,332.78,335.12,59.74,3,356.91,3930.4,0,0
2024-02-05 04:00:00,SRV-0234,us-west-2,compute,Linux,50.67,34.02,52.13,101.32,112.5,61.51,2,249.16,4628.3,0,0
2024-02-05 04:30:00,SRV-0065,us-west-2,web,Ubuntu,39.82,51.31,40.41,137.13,68.11,55.19,1,230.56,2311.09,0,0
2024-02-05 05:00:00,SRV-0293,us-east-1,web,RHEL,56.73,58.51,71.81,15.08,13.02,62.79,2,568.12,8633.89,0,0
2024-02-05 05:30:00,SRV-0017,us-east-1,database,Windows Server,35.5,64.38,2.59,72.41,47.28,46.61,1,159.79,483.94,0,0
2024-02-05 06:00:00,SRV-0135,ap-southeast-1,web,Ubuntu,62.43,77.12,7.7,432.96,515.48,68.31,3,278.12,3142.16,0,0
2024-02-05 06:30:00,SRV-0130,us-west-2,web,RHEL,18.08,69.48,17.08,133.56,97.62,48.14,1,170.84,2608.53,0,0
2024-02-05 07:00:00,SRV-0037,eu-central-1,compute,Ubuntu,96.68,94.47,46.86,63.35,32.02,82.66,4,340.18,3386.46,0,1
2024-02-05 07:30:00,SRV-0250,sa-east-1,database,Linux,83.78,56.43,17.59,147.39,94.87,73.51,5,530.73,8039.29,0,0
2024-02-05 08:00:00,SRV-0057,sa-east-1,web,Windows Server,24.99,69.18,34.46,361.88,321.51,41.31,1,158.7,3224.64,0,0
2024-02-05 08:30:00,SRV-0010,us-west-2,database,Windows Server,31.45,82.91,3.74,48.03,17.7,50.79,2,174.14,8032.8,0,0
2024-02-05 09:00:00,SRV-0081,us-west-2,database,Ubuntu,55.28,62.27,7.27,105.52,88.97,61.11,2,387.5,3709.03,0,0
2024-02-05 09:30:00,SRV-0090,sa-east-1,cache,RHEL,48.59,51.56,32.9,478.0,544.01,63.15,3,228.35,7487.92,0,0
2024-02-05 10:00:00,SRV-0120,ap-southeast-1,compute,Linux,52.01,42.13,4.5,28.38,30.24,50.45,4,313.22,4571.01,0,0
2024-02-05 10:30:00,SRV-0102,sa-east-1,cache,Linux,54.78,33.99,10.82,190.76,68.85,62.12,3,386.67,2728.14,0,0
2024-02-05 11:00:00,SRV-0027,us-east-1,database,Ubuntu,57.69,71.99,7.69,142.97,170.72,65.65,3,380.33,3936.85,0,0
2024-02-05 11:30:00,SRV-0261,eu-central-1,web,CentOS,67.19,70.4,10.76,170.76,158.61,63.57,4,403.89,3718.15,0,0
2024-02-05 12:00:00,SRV-0061,us-west-2,compute,Ubuntu,53.2,70.39,30.8,64.9,28.95,61.65,5,218.87,2277.59,0,0
2024-02-05 12:30:00,SRV-0136,us-west-2,storage,Linux,40.17,57.68,11.47,56.51,17.58,52.93,2,178.85,2537.95,0,0
2024-02-05 13:00:00,SRV-0097,ap-southeast-1,compute,Windows Server,58.45,85.32,20.26,172.9,78.52,59.73,4,261.99,1634.15,0,0
2024-02-05 13:30:00,SRV-0149,us-east-1,cache,Ubuntu,83.0,51.29,2.63,36.41,38.39,71.16,7,302.65,2944.03,0,0
2024-02-05 14:00:00,SRV-0227,sa-east-1,compute,Ubuntu,42.35,77.19,40.87,81.62,26.08,53.39,3,246.44,5470.17,0,0
2024-02-05 14:30:00,SRV-0277,us-east-1,web,Windows Server,25.51,59.3,11.55,31.27,15.94,53.62,3,176.74,3386.86,0,0
2024-02-05 15:00:00,SRV-0228,us-east-1,compute,Ubuntu,67.14,49.05,26.14,1.25,1.23,63.18,5,332.85,6240.24,0,0
2024-02-05 15:30:00,SRV-0249,ap-southeast-1,storage,RHEL,42.59,70.67,32.31,526.27,435.49,52.52,4,213.27,8645.94,0,0
2024-02-05 16:00:00,SRV-0258,ap-southeast-1,cache,Windows Server,1.55,67.37,5.88,84.77,85.14,49.46,1,121.15,3304.03,0,0
2024-02-05 16:30:00,SRV-0220,sa-east-1,cache,Windows Server,61.95,66.43,54.0,522.77,507.89,69.58,5,276.6,4053.26,0,0
2024-02-05 17:00:00,SRV-0236,sa-east-1,database,Windows Server,95.24,99.38,23.94,22.68,7.84,93.39,5,357.45,1438.44,0,1
2024-02-05 17:30:00,SRV-0020,eu-central-1,cache,Linux,43.19,59.32,14.0,132.78,146.49,53.45,2,284.37,3436.41,0,0
2024-02-05 18:00:00,SRV-0138,us-east-1,storage,Ubuntu,96.76,84.47,5.03,33.65,16.97,87.67,5,452.2,6367.33,0,1
2024-02-05 18:30:00,SRV-0189,sa-east-1,storage,CentOS,48.81,81.32,71.31,234.15,186.86,61.14,2,373.17,1905.25,0,0
2024-02-05 19:00:00,SRV-0105,ap-southeast-1,cache,Ubuntu,59.19,73.01,35.17,229.67,202.07,56.22,2,435.31,1595.61,0,0
2024-02-05 19:30:00,SRV-0098,eu-central-1,compute,Ubuntu,36.29,62.01,5.83,17.92,8.1,60.31,2,280.77,3297.67,0,0
2024-02-05 20:00:00,SRV-0270,eu-central-1,storage,Linux,55.26,78.13,10.3,364.67,429.81,66.23,5,332.1,7171.55,0,0
2024-02-05 20:30:00,SRV-0153,ap-southeast-1,cache,RHEL,39.81,69.32,41.48,32.47,24.0,58.33,2,175.26,5463.61,0,0
2024-02-05 21:00:00,SRV-0218,sa-east-1,cache,RHEL,59.78,60.47,29.74,142.39,50.1,70.69,4,240.96,8388.44,0,0
2024-02-05 21:30:00,SRV-0021,ap-southeast-1,compute,Linux,57.31,54.54,36.29,636.43,727.78,65.18,2,389.35,7923.87,0,0
2024-02-05 22:00:00,SRV-0272,sa-east-1,cache,Linux,26.29,58.54,14.55,321.07,265.73,52.76,1,155.39,1324.81,0,0
2024-02-05 22:30:00,SRV-0202,ap-southeast-1,web,Linux,97.75,84.72,31.51,470.47,437.2,93.03,4,387.18,373.72,0,1
2024-02-05 23:00:00,SRV-0160,ap-southeast-1,database,Ubuntu,96.95,98.6,12.21,62.92,48.61,86.28,6,356.54,3496.67,0,1
2024-02-05 23:30:00,SRV-0064,us-west-2,storage,Linux,61.16,51.21,5.93,16.74,17.59,60.26,6,255.19,4573.89,0,0
2024-02-06 00:00:00,SRV-0084,sa-east-1,compute,CentOS,52.35,88.67,25.04,31.3,10.32,64.1,3,356.39,4516.88,0,1
2024-02-06 00:30:00,SRV-0073,us-east-1,compute,Windows Server,97.63,90.32,93.26,104.12,56.39,94.51,5,373.25,1175.65,0,1
2024-02-06 01:00:00,SRV-0060,us-west-2,database,RHEL,40.53,38.6,9.3,236.42,170.86,58.73,3,231.2,1094.28,0,0
2024-02-06 01:30:00,SRV-0147,us-west-2,web,CentOS,94.96,98.07,15.45,24.4,9.0,81.41,6,351.33,411.45,0,1
2024-02-06 02:00:00,SRV-0047,us-west-2,database,RHEL,44.61,41.17,28.02,161.7,151.24,50.93,3,297.13,7453.68,0,0
2024-02-06 02:30:00,SRV-0223,us-west-2,cache,Ubuntu,38.94,68.52,19.5,58.64,38.37,54.97,1,297.1,8302.29,0,0
2024-02-06 03:00:00,SRV-0158,us-east-1,compute,Ubuntu,61.0,65.24,46.36,62.6,34.14,65.73,4,277.89,1014.29,0,0
2024-02-06 03:30:00,SRV-0047,us-west-2,cache,Linux,12.67,77.24,35.86,162.67,49.3,42.89,0,241.62,1867.74,0,0
2024-02-06 04:00:00,SRV-0289,us-east-1,compute,RHEL,23.93,45.76,1.5,94.38,89.46,51.14,3,149.21,788.11,0,0
2024-02-06 04:30:00,SRV-0210,us-east-1,compute,Ubuntu,23.64,60.61,100.0,250.72,263.37,53.49,2,238.67,7687.04,0,0
2024-02-06 05:00:00,SRV-0021,us-west-2,cache,Ubuntu,64.01,35.43,34.9,25.43,16.67,65.45,3,372.94,8398.33,0,0
2024-02-06 05:30:00,SRV-0231,eu-central-1,database,RHEL,79.21,72.63,49.86,234.06,189.07,72.81,4,633.91,2294.08,0,0
2024-02-06 06:00:00,SRV-0298,us-east-1,storage,Ubuntu,42.91,69.34,26.33,9.96,5.03,64.08,3,205.17,2660.09,0,0
2024-02-06 06:30:00,SRV-0105,us-west-2,storage,Linux,41.62,68.92,48.5,32.36,27.83,59.02,5,184.71,3177.62,0,0
2024-02-06 07:00:00,SRV-0126,ap-southeast-1,database,Ubuntu,46.4,60.03,2.98,160.13,49.79,59.56,4,219.72,4402.08,0,0
2024-02-06 07:30:00,SRV-0299,ap-southeast-1,web,CentOS,68.24,67.47,10.68,289.58,214.22,62.5,4,267.82,5978.68,0,0
2024-02-06 08:00:00,SRV-0068,sa-east-1,database,CentOS,26.45,88.88,52.27,43.69,38.44,53.94,2,147.95,4418.96,0,0
2024-02-06 08:30:00,SRV-0026,us-east-1,database,Linux,49.77,54.87,5.63,59.44,66.96,61.56,2,239.97,8330.82,0,0
2024-02-06 09:00:00,SRV-0161,us-east-1,database,CentOS,64.5,62.5,2.04,115.54,74.32,72.22,4,296.95,875.97,0,0
2024-02-06 09:30:00,SRV-0108,ap-southeast-1,storage,Ubuntu,55.02,40.45,38.79,35.66,35.25,62.24,3,449.12,6995.99,0,0
2024-02-06 10:00:00,SRV-0289,us-east-1,compute,CentOS,97.82,85.91,45.12,250.03,209.5,82.9,5,365.23,2930.74,0,0
2024-02-06 10:30:00,SRV-0084,us-east-1,web,CentOS,65.02,61.76,4.44,222.84,252.77,57.51,3,601.76,3307.94,0,0
2024-02-06 11:00:00,SRV-0041,ap-southeast-1,web,Ubuntu,0.0,79.87,48.16,23.55,15.51,43.68,1,216.15,6209.64,0,0
2024-02-06 11:30:00,SRV-0200,us-west-2,web,RHEL,58.56,55.39,29.02,93.5,54.9,60.57,4,438.93,8141.41,0,0
2024-02-06 12:00:00,SRV-0036,ap-southeast-1,cache,Linux,31.92,55.75,18.35,223.63,245.65,54.95,2,410.89,6274.2,0,0
2024-02-06 12:30:00,SRV-0234,eu-central-1,database,RHEL,8.39,52.68,44.34,61.72,21.25,43.93,0,215.1,6796.76,0,0
2024-02-06 13:00:00,SRV-0242,ap-southeast-1,compute,RHEL,55.22,50.37,13.59,150.4,63.58,61.26,2,371.16,6577.08,0,0
2024-02-06 13:30:00,SRV-0020,ap-southeast-1,compute,CentOS,72.47,65.31,5.39,7.73,2.89,68.51,4,325.01,2812.45,0,0
2024-02-06 14:00:00,SRV-0152,us-west-2,cache,Windows Server,42.25,33.05,8.38,140.74,149.01,52.57,4,248.18,6630.95,0,0
2024-02-06 14:30:00,SRV-0171,ap-southeast-1,storage,RHEL,64.06,83.06,17.59,24.85,7.69,65.54,5,511.71,6872.62,0,0
2024-02-06 15:00:00,SRV-0216,ap-southeast-1,cache,Ubuntu,77.25,48.02,18.95,266.31,286.41,67.98,3,329.26,4673.05,0,0
2024-02-06 15:30:00,SRV-0232,us-west-2,cache,Ubuntu,71.3,72.99,40.94,65.88,46.52,66.66,4,268.18,4702.45,0,0
2024-02-06 16:00:00,SRV-0016,ap-southeast-1,database,Ubuntu,77.8,37.14,39.18,49.6,15.06,69.5,4,427.26,6655.39,0,0
2024-02-06 16:30:00,SRV-0283,us-west-2,storage,Windows Server,59.84,72.04,21.77,275.72,182.39,62.8,2,314.66,7157.37,0,0
2024-02-06 17:00:00,SRV-0165,eu-central-1,cache,Windows Server,46.51,72.1,37.94,7.72,3.61,63.21,3,358.2,2954.49,0,0
2024-02-06 17:30:00,SRV-0269,us-west-2,compute,Linux,12.96,66.92,5.32,75.78,65.32,44.54,1,96.74,7021.88,0,1
2024-02-06 18:00:00,SRV-0179,us-east-1,database,Windows Server,40.08,42.1,1.28,69.31,63.17,61.15,4,267.32,7132.66,0,0
2024-02-06 18:30:00,SRV-0258,us-east-1,storage,Linux,28.14,64.49,51.71,50.28,37.14,58.94,1,162.87,2051.71,0,0
2024-02-06 19:00:00,SRV-0076,us-west-2,compute,Ubuntu,88.42,38.7,1.96,364.14,122.52,79.64,5,548.84,6280.77,0,0
2024-02-06 19:30:00,SRV-0105,ap-southeast-1,web,Windows Server,41.48,55.45,7.08,208.5,185.67,59.27,3,186.09,1634.85,0,0
2024-02-06 20:00:00,SRV-0087,sa-east-1,database,CentOS,47.46,78.53,29.71,9.91,10.48,60.62,2,377.59,816.02,0,0
2024-02-06 20:30:00,SRV-0014,sa-east-1,compute,CentOS,56.03,74.34,13.17,188.13,178.4,66.74,2,227.36,5033.42,0,0
2024-02-06 21:00:00,SRV-0286,eu-central-1,cache,CentOS,45.87,60.27,52.25,112.39,117.67,58.8,4,190.16,7959.88,0,0
2024-02-06 21:30:00,SRV-0247,eu-central-1,cache,Windows Server,78.9,42.45,8.84,346.7,166.57,76.48,5,313.5,311.59,0,0
2024-02-06 22:00:00,SRV-0241,sa-east-1,database,Windows Server,32.55,71.62,0.3,56.3,61.93,56.09,1,188.14,7240.33,0,0
2024-02-06 22:30:00,SRV-0009,sa-east-1,storage,Windows Server,48.89,60.35,8.94,128.05,75.55,57.76,2,295.17,4437.18,0,0
2024-02-06 23:00:00,SRV-0024,us-west-2,cache,CentOS,30.15,18.23,21.57,104.2,32.52,56.54,4,154.58,7541.58,0,0
2024-02-06 23:30:00,SRV-0112,sa-east-1,compute,Ubuntu,18.6,74.09,11.79,100.87,106.83,47.9,2,163.3,7389.01,0,0
2024-02-07 00:00:00,SRV-0297,us-east-1,web,RHEL,32.76,59.56,19.14,91.35,104.84,52.58,1,171.14,7667.64,0,0
2024-02-07 00:30:00,SRV-0217,eu-central-1,storage,Ubuntu,44.26,81.64,52.31,34.53,30.73,55.32,4,376.09,6735.57,0,0
2024-02-07 01:00:00,SRV-0228,eu-central-1,database,Windows Server,36.41,40.29,60.9,211.41,107.46,55.4,3,163.84,7384.77,0,0
2024-02-07 01:30:00,SRV-0032,us-east-1,cache,RHEL,31.15,2.82,7.73,90.04,47.41,57.44,3,187.45,1542.8,0,0
2024-02-07 02:00:00,SRV-0277,eu-central-1,storage,RHEL,16.87,65.02,15.5,477.37,343.67,51.19,0,200.42,2662.45,0,0
2024-02-07 02:30:00,SRV-0170,sa-east-1,web,Ubuntu,43.34,65.25,19.92,45.33,50.23,59.1,3,424.3,2124.94,0,0
2024-02-07 03:00:00,SRV-0231,eu-central-1,storage,CentOS,14.91,29.57,74.45,172.21,74.85,48.96,2,297.21,6503.93,0,0
2024-02-07 03:30:00,SRV-0070,us-east-1,storage,Linux,60.2,42.39,100.0,423.82,442.2,70.44,4,456.17,1346.76,0,0
2024-02-07 04:00:00,SRV-0111,eu-central-1,database,CentOS,46.65,100.0,6.71,163.35,91.83,57.91,2,196.44,1597.13,0,0
2024-02-07 04:30:00,SRV-0089,sa-east-1,web,CentOS,15.85,54.5,32.46,307.51,316.04,40.76,2,281.38,7699.85,0,0
2024-02-07 05:00:00,SRV-0002,us-west-2,web,RHEL,38.82,73.16,11.87,263.59,297.39,62.03,2,317.82,6183.82,0,0
2024-02-07 05:30:00,SRV-0056,sa-east-1,storage,Windows Server,90.2,81.48,0.2,66.97,45.86,89.12,4,553.33,7668.45,0,1
2024-02-07 06:00:00,SRV-0158,eu-central-1,cache,Windows Server,51.38,22.37,0.23,137.49,86.42,57.1,2,241.49,1221.61,0,0
2024-02-07 06:30:00,SRV-0271,ap-southeast-1,storage,RHEL,71.81,56.94,15.43,25.49,26.05,59.74,4,508.2,3495.67,0,0
2024-02-07 07:00:00,SRV-0274,eu-central-1,compute,CentOS,7.5,55.22,16.75,115.03,89.32,45.86,0,124.01,2481.12,0,0
2024-02-07 07:30:00,SRV-0032,eu-central-1,cache,Ubuntu,47.3,52.8,0.57,39.29,35.99,50.81,3,292.44,85.8,0,0
2024-02-07 08:00:00,SRV-0270,us-east-1,database,Linux,41.8,57.94,29.03,204.23,175.75,52.97,2,230.59,2493.14,0,0
2024-02-07 08:30:00,SRV-0190,ap-southeast-1,web,CentOS,58.43,64.76,8.7,112.64,49.29,66.31,3,281.08,3325.77,0,0
2024-02-07 09:00:00,SRV-0210,us-east-1,cache,CentOS,91.7,88.67,20.52,79.46,84.25,80.33,5,404.22,808.75,0,1
2024-02-07 09:30:00,SRV-0022,us-east-1,database,Linux,29.96,37.25,8.95,46.96,22.36,48.73,2,183.88,4962.86,0,0
2024-02-07 10:00:00,SRV-0014,sa-east-1,storage,Ubuntu,38.62,68.75,4.57,996.63,1135.22,54.78,4,323.23,3357.21,0,0
2024-02-07 10:30:00,SRV-0206,us-west-2,database,Linux,29.08,24.91,13.07,11.16,5.87,47.27,2,237.65,407.96,0,0
2024-02-07 11:00:00,SRV-0034,eu-central-1,compute,RHEL,66.52,23.09,6.61,6.68,6.42,63.87,5,366.6,6167.15,0,0
2024-02-07 11:30:00,SRV-0056,ap-southeast-1,database,Linux,45.43,73.31,19.13,36.74,20.44,59.5,5,212.55,6388.76,0,0
2024-02-07 12:00:00,SRV-0240,eu-central-1,cache,Linux,83.02,69.13,5.54,531.44,311.43,70.7,4,648.32,7310.14,0,0
2024-02-07 12:30:00,SRV-0063,us-east-1,web,CentOS,43.79,58.97,17.75,581.2,336.51,56.29,2,289.29,4253.85,0,0
2024-02-07 13:00:00,SRV-0080,us-west-2,cache,CentOS,98.11,96.59,4.28,159.6,155.31,94.09,5,366.29,8485.48,0,1
2024-02-07 13:30:00,SRV-0040,us-east-1,cache,Windows Server,14.73,47.26,27.79,318.17,254.9,51.56,1,233.0,8007.29,0,0
2024-02-07 14:00:00,SRV-0294,eu-central-1,web,Linux,8.94,55.27,35.05,36.11,39.53,46.13,0,95.89,4830.29,0,0
2024-02-07 14:30:00,SRV-0279,sa-east-1,compute,RHEL,13.32,31.27,2.92,536.56,309.4,49.29,2,96.5,3898.33,0,0
2024-02-07 15:00:00,SRV-0256,eu-central-1,cache,Windows Server,50.34,46.7,15.77,23.11,21.33,66.59,3,276.01,27.58,0,0
2024-02-07 15:30:00,SRV-0110,us-east-1,web,Linux,55.17,71.74,1.84,15.99,15.63,57.94,2,296.16,6228.6,0,0
2024-02-07 16:00:00,SRV-0048,ap-southeast-1,web,CentOS,13.38,85.69,22.79,17.85,7.79,43.56,3,111.07,4949.44,0,0
2024-02-07 16:30:00,SRV-0232,ap-southeast-1,cache,RHEL,95.6,80.91,7.68,127.69,84.34,90.89,5,379.62,8212.95,0,0
2024-02-07 17:00:00,SRV-0082,ap-southeast-1,web,Ubuntu,35.34,73.62,18.75,227.78,167.32,69.84,1,447.47,5205.88,0,0
2024-02-07 17:30:00,SRV-0174,ap-southeast-1,storage,Windows Server,85.64,90.1,18.22,68.51,42.49,90.25,4,340.48,8697.43,0,0
2024-02-07 18:00:00,SRV-0113,ap-southeast-1,cache,CentOS,77.24,71.87,64.54,571.8,337.31,76.09,4,298.64,7479.6,0,0
2024-02-07 18:30:00,SRV-0278,us-west-2,compute,Ubuntu,62.94,45.53,19.91,85.49,78.46,58.98,3,728.93,8353.56,0,0
2024-02-07 19:00:00,SRV-0040,us-west-2,storage,Linux,39.63,65.53,21.87,24.46,12.09,60.83,2,204.89,2871.0,0,0
2024-02-07 19:30:00,SRV-0030,sa-east-1,compute,RHEL,95.92,85.44,12.84,94.09,88.3,80.87,4,451.78,1309.03,0,0
2024-02-07 20:00:00,SRV-0255,ap-southeast-1,cache,CentOS,1.96,83.77,74.44,170.46,194.59,40.48,0,82.23,6980.8,0,0
2024-02-07 20:30:00,SRV-0240,us-east-1,database,CentOS,86.19,84.81,37.54,267.77,216.54,88.24,4,388.45,6887.3,0,1
2024-02-07 21:00:00,SRV-0183,us-east-1,web,RHEL,40.78,71.3,8.4,92.09,78.3,55.62,4,221.15,1853.08,0,0
2024-02-07 21:30:00,SRV-0184,eu-central-1,storage,CentOS,25.26,54.97,46.48,135.07,48.9,38.97,1,451.69,6699.4,0,0
2024-02-07 22:00:00,SRV-0042,ap-southeast-1,cache,CentOS,42.37,57.15,14.16,46.66,50.3,56.76,4,233.83,5098.5,0,0
2024-02-07 22:30:00,SRV-0127,us-east-1,web,Linux,46.54,56.69,44.1,155.73,86.73,62.72,3,277.36,960.33,0,0
2024-02-07 23:00:00,SRV-0082,sa-east-1,database,Windows Server,40.5,44.78,43.27,640.0,546.27,56.02,4,461.13,4396.12,0,0
2024-02-07 23:30:00,SRV-0233,us-east-1,compute,Ubuntu,32.0,59.75,5.23,7.54,8.91,51.38,2,599.14,8156.84,0,0
2024-02-08 00:00:00,SRV-0192,sa-east-1,cache,RHEL,48.37,58.87,30.19,326.43,272.88,61.99,2,205.84,4437.06,0,0
2024-02-08 00:30:00,SRV-0001,ap-southeast-1,cache,Ubuntu,53.84,64.34,8.58,123.93,118.01,64.56,4,391.29,6909.21,0,0
2024-02-08 01:00:00,SRV-0207,eu-central-1,database,RHEL,23.19,61.52,8.83,43.57,30.54,40.98,1,167.72,254.22,0,0
2024-02-08 01:30:00,SRV-0197,eu-central-1,compute,RHEL,90.08,95.75,8.79,464.8,164.69,84.34,5,410.58,6378.27,0,1
2024-02-08 02:00:00,SRV-0283,us-west-2,cache,CentOS,43.03,76.62,32.33,99.06,100.83,69.39,4,226.09,8294.35,0,0
2024-02-08 02:30:00,SRV-0017,ap-southeast-1,web,Linux,45.38,41.09,6.53,60.45,20.04,51.48,5,237.4,4376.36,0,0
2024-02-08 03:00:00,SRV-0169,us-east-1,database,RHEL,59.16,75.64,0.02,30.04,27.96,63.24,3,244.79,2959.0,0,0
2024-02-08 03:30:00,SRV-0186,eu-central-1,cache,Ubuntu,49.66,38.65,31.4,42.05,13.48,69.57,2,284.04,5665.01,0,0
2024-02-08 04:00:00,SRV-0122,sa-east-1,compute,Windows Server,64.06,70.58,4.69,268.33,288.74,71.15,3,321.31,8026.53,0,0
2024-02-08 04:30:00,SRV-0224,sa-east-1,storage,Ubuntu,50.74,71.16,2.76,142.95,63.16,57.73,3,223.22,1549.33,0,0
2024-02-08 05:00:00,SRV-0127,us-east-1,cache,Linux,32.75,25.6,6.78,366.7,279.74,54.13,3,226.28,3536.96,0,0
2024-02-08 05:30:00,SRV-0166,us-east-1,compute,Windows Server,52.23,61.67,11.95,39.59,33.15,60.88,5,568.26,1369.95,0,0
2024-02-08 06:00:00,SRV-0122,ap-southeast-1,database,CentOS,22.13,51.57,16.15,19.37,13.79,45.11,3,241.7,4351.19,0,0
2024-02-08 06:30:00,SRV-0220,us-east-1,compute,Ubuntu,47.17,46.34,1.14,0.92,0.56,58.5,2,257.1,4734.56,0,0
2024-02-08 07:00:00,SRV-0279,us-east-1,compute,Ubuntu,44.34,84.32,88.15,106.35,76.68,56.33,4,430.8,8271.28,0,0
2024-02-08 07:30:00,SRV-0148,us-east-1,database,RHEL,40.84,48.23,31.48,957.18,555.43,56.9,2,258.15,3614.22,0,0
2024-02-08 08:00:00,SRV-0292,eu-central-1,storage,RHEL,42.43,45.49,9.76,178.1,123.66,53.23,3,191.8,4966.97,0,0
2024-02-08 08:30:00,SRV-0247,ap-southeast-1,web,Windows Server,7.36,61.36,9.59,55.31,34.46,36.56,1,151.39,7755.01,0,0
2024-02-08 09:00:00,SRV-0188,us-east-1,storage,CentOS,34.03,72.34,14.88,314.16,254.34,53.4,2,172.04,2816.19,0,0
2024-02-08 09:30:00,SRV-0011,us-east-1,web,RHEL,46.86,57.45,24.6,228.3,117.38,67.32,6,336.46,5906.0,0,0
2024-02-08 10:00:00,SRV-0284,sa-east-1,web,Ubuntu,48.2,80.99,3.96,2.33,2.77,59.69,2,536.25,6632.98,0,0
2024-02-08 10:30:00,SRV-0045,eu-central-1,web,Windows Server,24.45,69.56,5.24,254.63,191.17,48.12,2,168.1,2896.1,0,0
2024-02-08 11:00:00,SRV-0124,us-east-1,cache,RHEL,70.31,20.79,49.05,53.61,25.45,71.9,4,318.02,1440.46,0,0
2024-02-08 11:30:00,SRV-0247,eu-central-1,storage,RHEL,27.68,50.47,7.4,24.32,17.74,50.28,3,187.76,4405.98,0,0
2024-02-08 12:00:00,SRV-0159,ap-southeast-1,compute,Linux,64.39,49.89,11.96,38.49,41.56,75.1,4,276.76,3126.23,0,0
2024-02-08 12:30:00,SRV-0267,ap-southeast-1,cache,Windows Server,53.54,68.63,51.25,94.83,30.31,61.4,3,368.71,2334.94,0,0
2024-02-08 13:00:00,SRV-0292,us-west-2,database,Windows Server,32.08,12.75,27.2,82.97,75.64,56.33,1,242.39,8527.2,0,0
2024-02-08 13:30:00,SRV-0078,sa-east-1,database,CentOS,80.51,100.0,10.45,51.14,40.56,68.43,4,298.14,4399.36,0,0
2024-02-08 14:00:00,SRV-0291,us-west-2,web,RHEL,21.13,69.56,28.78,28.35,12.83,50.97,3,295.9,7502.89,0,0
2024-02-08 14:30:00,SRV-0151,eu-central-1,cache,Windows Server,63.38,62.68,0.5,215.47,223.17,66.73,6,260.86,1711.79,0,0
2024-02-08 15:00:00,SRV-0285,sa-east-1,cache,CentOS,65.01,81.27,33.26,692.43,437.61,65.72,4,632.08,8229.58,0,0
2024-02-08 15:30:00,SRV-0151,us-east-1,database,RHEL,31.59,100.0,16.69,225.62,127.35,50.13,1,192.03,6959.42,0,1
2024-02-08 16:00:00,SRV-0124,sa-east-1,compute,Ubuntu,93.46,88.21,41.94,52.63,55.02,86.43,5,426.21,7084.33,0,1
2024-02-08 16:30:00,SRV-0228,sa-east-1,storage,Linux,40.0,77.08,77.33,42.12,36.84,57.41,1,178.1,3414.95,0,0
2024-02-08 17:00:00,SRV-0272,ap-southeast-1,storage,CentOS,50.77,62.35,65.02,36.82,40.81,63.45,2,244.58,4254.69,0,0
2024-02-08 17:30:00,SRV-0217,us-west-2,web,Linux,50.21,57.45,60.0,22.05,19.11,59.45,3,362.75,5198.19,0,0
2024-02-08 18:00:00,SRV-0147,ap-southeast-1,web,Ubuntu,42.31,51.44,17.94,120.22,116.22,58.36,2,241.8,6918.56,0,0
2024-02-08 18:30:00,SRV-0218,ap-southeast-1,web,Windows Server,61.22,45.13,11.16,139.48,146.85,64.3,4,468.62,7437.89,0,0
2024-02-08 19:00:00,SRV-0096,us-west-2,database,RHEL,60.87,47.63,15.64,183.37,64.05,64.84,5,318.21,684.6,0,0
2024-02-08 19:30:00,SRV-0050,ap-southeast-1,database,Windows Server,10.03,35.69,29.27,171.02,170.75,43.01,1,343.99,7919.68,0,1
2024-02-08 20:00:00,SRV-0043,sa-east-1,storage,Linux,71.09,58.63,53.85,51.87,44.21,68.52,5,668.45,8212.53,0,0
2024-02-08 20:30:00,SRV-0019,eu-central-1,web,Windows Server,11.75,29.68,5.8,60.14,21.8,58.19,1,145.74,5194.1,0,0
2024-02-08 21:00:00,SRV-0113,us-east-1,cache,Windows Server,65.65,63.44,62.58,171.63,130.05,67.82,4,330.23,1636.75,0,0
2024-02-08 21:30:00,SRV-0213,us-east-1,compute,CentOS,67.53,59.35,42.21,64.49,24.13,70.24,3,432.74,7169.5,0,0
2024-02-08 22:00:00,SRV-0018,ap-southeast-1,database,CentOS,23.18,62.64,96.41,35.86,34.51,51.46,2,144.58,4806.08,0,0
2024-02-08 22:30:00,SRV-0134,us-west-2,web,Ubuntu,36.78,50.6,53.06,70.34,55.7,53.4,2,358.13,7158.82,0,0
2024-02-08 23:00:00,SRV-0291,sa-east-1,web,CentOS,22.89,100.0,8.21,47.64,55.17,55.62,2,208.29,7137.9,0,1
2024-02-08 23:30:00,SRV-0014,ap-southeast-1,database,CentOS,40.7,84.48,2.8,13.87,6.45,54.82,3,301.39,760.66,0,0
2024-02-09 00:00:00,SRV-0064,sa-east-1,storage,CentOS,38.84,37.6,2.98,265.92,224.81,60.81,1,174.84,5317.9,0,0
2024-02-09 00:30:00,SRV-0163,sa-east-1,storage,CentOS,60.59,64.19,8.61,287.71,141.1,62.57,4,377.1,4232.86,0,0
2024-02-09 01:00:00,SRV-0258,us-east-1,storage,Ubuntu,71.21,49.06,23.81,37.22,31.74,63.68,5,300.84,8288.06,0,0
2024-02-09 01:30:00,SRV-0006,eu-central-1,storage,CentOS,72.91,41.74,40.78,10.04,9.55,70.99,4,432.34,2599.28,0,0
2024-02-09 02:00:00,SRV-0121,eu-central-1,cache,CentOS,33.76,35.88,57.38,201.39,191.33,47.98,2,222.43,1805.35,0,0
2024-02-09 02:30:00,SRV-0153,us-west-2,web,Linux,40.82,67.78,24.44,35.65,36.85,59.0,3,204.55,7858.58,0,0
2024-02-09 03:00:00,SRV-0178,eu-central-1,storage,CentOS,11.33,47.74,0.14,74.99,80.11,38.56,0,389.24,1303.6,0,0
2024-02-09 03:30:00,SRV-0063,ap-southeast-1,storage,Ubuntu,28.88,77.42,5.15,9.94,3.67,49.96,2,281.49,6014.22,0,0
2024-02-09 04:00:00,SRV-0258,us-east-1,compute,Ubuntu,64.3,77.89,2.63,38.48,23.43,58.56,5,667.54,2628.87,0,0
2024-02-09 04:30:00,SRV-0065,us-east-1,compute,Windows Server,77.31,84.73,11.29,236.18,216.91,85.05,4,327.26,4974.76,0,0
2024-02-09 05:00:00,SRV-0187,sa-east-1,web,CentOS,20.31,44.66,17.4,244.75,183.25,39.86,1,215.7,5398.47,0,0
2024-02-09 05:30:00,SRV-0227,ap-southeast-1,database,RHEL,33.15,68.56,1.11,34.81,16.41,53.31,2,244.02,3656.74,0,0
2024-02-09 06:00:00,SRV-0199,ap-southeast-1,storage,Windows Server,44.47,71.38,10.71,61.4,48.96,63.51,2,299.75,8540.72,0,0
2024-02-09 06:30:00,SRV-0294,sa-east-1,cache,Ubuntu,50.6,51.46,4.94,21.62,14.42,65.42,7,205.72,1155.73,0,0
2024-02-09 07:00:00,SRV-0251,sa-east-1,compute,Windows Server,28.81,46.11,26.04,11.56,7.53,55.78,2,170.92,3429.26,0,0
2024-02-09 07:30:00,SRV-0193,us-east-1,storage,RHEL,53.48,88.97,15.6,727.5,748.44,59.81,2,450.5,3770.83,0,0
2024-02-09 08:00:00,SRV-0119,ap-southeast-1,database,Linux,35.52,64.09,17.1,159.89,106.62,60.96,3,211.7,5528.34,0,0
2024-02-09 08:30:00,SRV-0179,eu-central-1,cache,RHEL,44.71,71.45,13.95,117.16,37.94,62.45,2,507.64,3568.19,0,0
2024-02-09 09:00:00,SRV-0052,eu-central-1,compute,Windows Server,55.93,45.2,78.1,217.54,76.63,63.43,2,241.79,850.94,0,0
2024-02-09 09:30:00,SRV-0110,us-east-1,database,CentOS,45.13,38.05,6.04,274.96,294.38,59.25,4,781.54,8299.54,0,0
2024-02-09 10:00:00,SRV-0224,eu-central-1,database,Linux,36.27,49.75,18.18,246.54,287.1,52.99,2,278.41,3645.44,0,0
2024-02-09 10:30:00,SRV-0098,eu-central-1,cache,RHEL,42.81,57.77,33.3,2.5,2.3,52.57,7,328.21,3002.48,0,0
2024-02-09 11:00:00,SRV-0048,ap-southeast-1,cache,CentOS,43.23,40.84,20.35,31.02,19.48,63.48,4,230.26,3913.84,0,0
2024-02-09 11:30:00,SRV-0101,ap-southeast-1,compute,RHEL,37.6,59.82,66.13,159.59,182.69,61.6,4,400.32,1898.16,0,0
2024-02-09 12:00:00,SRV-0240,us-west-2,cache,Ubuntu,39.82,29.61,11.87,70.68,63.37,51.51,1,248.32,878.84,0,0
2024-02-09 12:30:00,SRV-0074,ap-southeast-1,storage,CentOS,76.97,39.84,15.58,606.68,643.03,70.02,3,395.16,1302.4,0,0
2024-02-09 13:00:00,SRV-0038,us-west-2,cache,Ubuntu,56.22,72.08,2.32,164.23,162.46,61.77,3,228.62,1460.73,0,0
2024-02-09 13:30:00,SRV-0216,ap-southeast-1,database,Linux,96.13,98.51,23.48,470.42,301.64,87.57,5,438.27,1732.42,0,1
2024-02-09 14:00:00,SRV-0136,sa-east-1,cache,Linux,58.94,52.95,8.5,33.74,24.66,63.9,5,438.08,3679.43,0,0
2024-02-09 14:30:00,SRV-0006,ap-southeast-1,compute,Linux,38.32,41.68,4.37,299.22,139.89,60.06,3,184.61,5465.73,0,0
2024-02-09 15:00:00,SRV-0247,us-west-2,storage,Linux,99.58,92.31,19.66,58.15,32.73,89.31,4,482.57,5509.43,0,1
2024-02-09 15:30:00,SRV-0197,eu-central-1,cache,Ubuntu,52.39,53.28,19.0,684.39,684.6,56.73,5,209.75,1.85,0,0
2024-02-09 16:00:00,SRV-0111,ap-southeast-1,storage,Ubuntu,42.85,71.6,1.97,25.74,28.43,63.32,3,439.21,8067.67,0,0
2024-02-09 16:30:00,SRV-0288,eu-central-1,cache,Windows Server,53.95,76.71,29.95,108.96,103.73,59.27,2,618.83,7208.32,0,0
2024-02-09 17:00:00,SRV-0038,eu-central-1,storage,Windows Server,91.74,94.88,24.44,236.14,169.71,92.95,5,368.93,8444.13,0,1
2024-02-09 17:30:00,SRV-0115,ap-southeast-1,cache,Ubuntu,22.46,39.24,5.24,85.01,32.12,46.56,2,128.72,3154.12,0,0
2024-02-09 18:00:00,SRV-0185,ap-southeast-1,cache,Linux,21.12,64.82,15.85,94.69,33.26,46.8,4,220.83,5823.98,0,0
2024-02-09 18:30:00,SRV-0212,sa-east-1,web,Windows Server,47.86,45.18,31.85,644.17,410.26,66.92,3,196.61,1472.69,0,0
2024-02-09 19:00:00,SRV-0255,us-west-2,database,CentOS,79.65,50.67,18.85,83.09,59.61,76.48,3,354.82,7157.39,0,0
2024-02-09 19:30:00,SRV-0113,ap-southeast-1,compute,Ubuntu,89.63,83.85,12.58,138.98,117.88,81.59,5,350.59,1414.42,0,0
2024-02-09 20:00:00,SRV-0270,eu-central-1,compute,CentOS,98.16,98.78,9.73,8.41,2.57,91.68,8,408.59,2856.31,0,1
2024-02-09 20:30:00,SRV-0175,eu-central-1,web,Linux,55.02,62.84,23.57,276.97,329.81,66.74,3,216.9,4300.22,0,0
2024-02-09 21:00:00,SRV-0019,ap-southeast-1,cache,Ubuntu,8.98,37.11,69.97,156.69,98.33,40.15,0,82.24,5208.5,0,0
2024-02-09 21:30:00,SRV-0203,us-west-2,database,Windows Server,34.15,63.81,27.85,77.63,82.55,52.67,1,154.05,4902.83,0,0
2024-02-09 22:00:00,SRV-0126,eu-central-1,storage,Windows Server,29.24,79.13,1.94,2.45,1.91,46.75,4,234.26,895.26,0,0
2024-02-09 22:30:00,SRV-0254,sa-east-1,web,CentOS,32.58,53.24,15.44,134.35,56.08,51.98,2,229.87,3694.46,0,0
2024-02-09 23:00:00,SRV-0255,eu-central-1,compute,Ubuntu,41.64,84.32,55.37,1.91,1.94,60.08,3,201.46,8084.76,0,0
2024-02-09 23:30:00,SRV-0288,us-west-2,compute,Linux,35.56,83.27,2.48,0.18,0.17,54.9,1,260.7,7642.08,0,0
2024-02-10 00:00:00,SRV-0292,us-east-1,compute,RHEL,5.41,89.95,100.0,143.61,111.25,48.72,4,281.84,5175.67,0,0
2024-02-10 00:30:00,SRV-0152,sa-east-1,cache,RHEL,59.96,65.49,74.43,31.43,23.98,58.28,2,262.35,5013.99,0,0
2024-02-10 01:00:00,SRV-0199,sa-east-1,storage,Linux,23.55,70.57,2.04,31.96,12.1,51.92,4,299.01,979.16,0,0
2024-02-10 01:30:00,SRV-0199,us-east-1,storage,Windows Server,49.78,85.46,67.73,158.88,141.45,53.67,3,307.98,1755.07,0,0
2024-02-10 02:00:00,SRV-0175,sa-east-1,storage,RHEL,86.48,68.05,11.28,8.28,9.27,75.06,5,312.89,2213.87,0,0
2024-02-10 02:30:00,SRV-0270,sa-east-1,cache,Linux,26.61,50.98,46.56,56.4,21.65,54.35,4,176.86,4277.11,0,0
2024-02-10 03:00:00,SRV-0180,sa-east-1,compute,CentOS,97.34,81.36,13.55,24.28,13.04,92.01,5,412.91,6406.95,0,0
2024-02-10 03:30:00,SRV-0218,eu-central-1,compute,Windows Server,39.28,64.29,14.53,130.19,144.78,58.47,1,299.4,4036.49,0,0
2024-02-10 04:00:00,SRV-0118,eu-central-1,cache,Linux,67.02,36.77,25.14,162.6,90.39,62.01,4,284.9,1105.17,0,0
2024-02-10 04:30:00,SRV-0023,ap-southeast-1,database,CentOS,84.17,57.42,37.23,191.55,170.21,65.35,5,708.38,3849.26,0,0
2024-02-10 05:00:00,SRV-0125,ap-southeast-1,cache,Ubuntu,20.41,79.74,0.86,44.2,34.54,50.95,2,226.6,1425.5,0,0
2024-02-10 05:30:00,SRV-0084,eu-central-1,cache,RHEL,54.93,20.56,22.48,14.02,11.73,70.69,3,261.45,6580.3,0,0
2024-02-10 06:00:00,SRV-0199,sa-east-1,compute,RHEL,35.69,87.62,5.17,12.29,8.29,49.3,2,167.29,1459.38,0,0
2024-02-10 06:30:00,SRV-0187,us-west-2,storage,RHEL,42.88,80.2,10.61,83.31,47.49,63.26,2,198.66,4227.52,0,0
2024-02-10 07:00:00,SRV-0092,us-east-1,compute,Linux,97.89,51.72,10.69,437.38,150.32,79.37,6,410.53,6074.61,0,0
2024-02-10 07:30:00,SRV-0182,ap-southeast-1,database,Ubuntu,14.94,69.78,15.83,36.83,35.72,39.3,2,163.08,1999.79,0,0
2024-02-10 08:00:00,SRV-0227,sa-east-1,web,Linux,50.07,60.06,10.17,44.51,43.24,54.37,2,346.21,666.95,0,0
2024-02-10 08:30:00,SRV-0199,ap-southeast-1,web,Linux,54.35,82.14,2.84,15.95,14.42,61.82,3,342.59,4934.94,0,0
2024-02-10 09:00:00,SRV-0235,us-west-2,cache,Ubuntu,66.72,77.69,3.93,139.55,122.7,64.66,3,272.62,475.76,0,0
2024-02-10 09:30:00,SRV-0044,sa-east-1,web,CentOS,98.43,97.63,0.85,170.86,88.73,84.69,6,435.67,5149.27,0,1
2024-02-10 10:00:00,SRV-0076,eu-central-1,storage,Windows Server,51.16,70.57,15.88,154.47,49.45,51.99,4,205.57,6600.89,0,0
2024-02-10 10:30:00,SRV-0141,us-west-2,compute,RHEL,37.17,56.3,77.22,296.13,304.38,50.63,2,212.34,2885.48,0,0
2024-02-10 11:00:00,SRV-0182,ap-southeast-1,database,Ubuntu,50.38,61.49,3.07,99.95,74.17,61.12,2,345.58,4278.45,0,0
2024-02-10 11:30:00,SRV-0119,sa-east-1,database,CentOS,38.14,46.89,73.09,21.66,12.48,55.22,1,215.41,8136.02,0,0
2024-02-10 12:00:00,SRV-0040,sa-east-1,database,Ubuntu,57.43,91.47,33.05,51.25,20.08,60.47,2,402.84,4127.44,0,0
2024-02-10 12:30:00,SRV-0260,us-east-1,compute,Windows Server,37.61,78.72,25.37,162.9,58.06,56.05,1,536.44,8729.82,0,0
2024-02-10 13:00:00,SRV-0244,us-east-1,storage,Ubuntu,52.54,46.68,25.91,142.45,87.46,66.22,2,301.07,1376.18,0,0
2024-02-10 13:30:00,SRV-0129,us-east-1,database,Ubuntu,44.41,35.98,43.82,113.57,116.33,59.74,4,198.91,6210.55,0,0
2024-02-10 14:00:00,SRV-0006,eu-central-1,web,CentOS,67.52,53.06,2.83,172.31,194.17,66.4,4,300.31,5717.29,0,0
2024-02-10 14:30:00,SRV-0066,sa-east-1,storage,RHEL,43.97,67.82,17.57,152.16,168.46,62.23,2,182.87,7641.52,0,0
2024-02-10 15:00:00,SRV-0219,sa-east-1,storage,RHEL,9.54,64.32,29.86,319.7,360.63,39.02,0,170.93,810.71,0,0
2024-02-10 15:30:00,SRV-0146,ap-southeast-1,storage,CentOS,70.24,82.56,22.1,132.29,147.76,66.97,5,433.07,2455.33,0,0
2024-02-10 16:00:00,SRV-0234,eu-central-1,database,CentOS,26.89,74.22,44.71,226.17,175.17,49.75,2,230.07,1158.76,0,0
2024-02-10 16:30:00,SRV-0029,us-east-1,storage,Linux,31.92,77.45,1.88,42.89,21.34,46.59,1,299.99,8173.98,0,0
2024-02-10 17:00:00,SRV-0161,sa-east-1,database,Linux,33.09,65.88,29.34,170.07,173.17,51.14,2,310.16,3737.9,0,0
2024-02-10 17:30:00,SRV-0131,us-east-1,web,Windows Server,72.49,34.99,19.09,348.72,171.69,58.62,4,457.86,7972.27,0,0
2024-02-10 18:00:00,SRV-0148,us-west-2,web,Linux,2.29,56.48,11.92,73.1,39.51,50.48,2,87.87,2579.71,0,0
2024-02-10 18:30:00,SRV-0082,eu-central-1,web,Linux,100.0,79.08,10.4,226.51,115.5,75.31,6,555.0,1107.86,0,0
2024-02-10 19:00:00,SRV-0083,us-east-1,web,Ubuntu,66.12,59.07,24.24,193.53,147.76,74.38,3,354.52,2598.37,0,0
2024-02-10 19:30:00,SRV-0073,eu-central-1,storage,Ubuntu,49.46,69.06,55.41,9.21,5.43,59.98,3,232.6,5231.65,0,0
2024-02-10 20:00:00,SRV-0214,sa-east-1,storage,CentOS,43.9,54.26,17.14,130.66,57.33,60.39,2,618.28,7404.39,0,0
2024-02-10 20:30:00,SRV-0026,us-west-2,database,RHEL,95.35,90.95,43.53,20.92,14.81,84.2,4,635.98,3376.64,0,1
2024-02-10 21:00:00,SRV-0290,ap-southeast-1,web,Windows Server,85.01,94.19,12.86,513.15,557.54,80.07,5,390.48,8013.81,0,1
2024-02-10 21:30:00,SRV-0071,us-west-2,cache,Linux,57.9,65.56,2.7,250.23,203.56,66.41,2,409.0,2140.23,0,0
2024-02-10 22:00:00,SRV-0177,eu-central-1,web,Ubuntu,56.11,48.2,1.59,17.43,19.01,65.77,3,248.65,6075.72,0,0
2024-02-10 22:30:00,SRV-0089,us-west-2,compute,RHEL,46.79,55.76,1.32,19.47,9.28,62.59,3,244.17,6445.11,0,0
2024-02-10 23:00:00,SRV-0177,sa-east-1,cache,Linux,41.05,43.09,11.96,135.39,60.96,54.58,4,193.49,2400.64,0,0
2024-02-10 23:30:00,SRV-0027,eu-central-1,compute,RHEL,41.97,80.15,10.28,63.44,51.9,54.39,2,249.34,237.23,0,0
2024-02-11 00:00:00,SRV-0289,eu-central-1,cache,Ubuntu,41.1,54.7,31.64,5.33,3.82,48.47,4,241.82,3200.11,0,0
2024-02-11 00:30:00,SRV-0063,sa-east-1,database,CentOS,67.68,86.15,33.95,117.02,104.63,69.69,3,276.96,396.87,0,0
2024-02-11 01:00:00,SRV-0019,us-east-1,storage,Linux,56.87,87.52,1.3,73.62,74.73,68.16,2,332.33,7890.7,0,0
2024-02-11 01:30:00,SRV-0278,ap-southeast-1,database,Linux,0.0,58.54,6.25,15.98,15.6,48.08,2,62.53,8352.93,0,0
2024-02-11 02:00:00,SRV-0067,us-west-2,cache,Windows Server,58.12,41.85,8.01,242.86,278.82,64.77,2,230.72,6442.19,0,0
2024-02-11 02:30:00,SRV-0238,ap-southeast-1,web,Linux,48.89,22.45,19.83,369.9,243.55,55.73,2,245.28,6366.03,0,0
2024-02-11 03:00:00,SRV-0137,ap-southeast-1,database,Ubuntu,44.63,33.5,3.9,211.95,102.96,49.36,2,236.61,2110.98,0,0
2024-02-11 03:30:00,SRV-0163,sa-east-1,cache,RHEL,37.23,35.27,3.6,259.25,206.32,60.1,3,200.22,648.51,0,0
2024-02-11 04:00:00,SRV-0293,us-east-1,web,RHEL,67.48,84.81,71.97,36.6,14.63,58.01,4,282.28,7026.63,0,0
2024-02-11 04:30:00,SRV-0028,ap-southeast-1,storage,CentOS,98.69,86.96,40.77,45.89,25.7,83.48,6,387.44,4898.7,0,1
2024-02-11 05:00:00,SRV-0256,eu-central-1,cache,CentOS,29.54,67.01,4.98,35.08,17.09,50.7,2,156.47,5971.38,0,0
2024-02-11 05:30:00,SRV-0291,us-east-1,compute,Ubuntu,53.14,20.03,13.05,217.27,142.72,60.91,4,261.08,6829.88,0,0
2024-02-11 06:00:00,SRV-0112,sa-east-1,compute,RHEL,25.57,38.44,10.99,443.24,177.34,50.41,4,361.67,3587.23,0,0
2024-02-11 06:30:00,SRV-0240,ap-southeast-1,compute,CentOS,17.41,75.97,39.14,189.26,62.2,47.65,0,127.64,1267.08,0,0
2024-02-11 07:00:00,SRV-0243,sa-east-1,web,CentOS,32.47,65.16,17.84,319.88,285.05,40.91,3,262.74,6964.73,0,0
2024-02-11 07:30:00,SRV-0153,us-west-2,web,Windows Server,62.25,57.35,3.42,152.71,129.68,64.97,4,252.03,3975.53,0,0
2024-02-11 08:00:00,SRV-0265,sa-east-1,database,Windows Server,64.06,70.17,33.58,73.57,68.97,54.48,3,285.87,7244.03,0,0
2024-02-11 08:30:00,SRV-0052,eu-central-1,web,Ubuntu,55.26,89.44,12.64,83.21,74.42,65.77,4,254.52,3834.81,0,0
2024-02-11 09:00:00,SRV-0265,sa-east-1,cache,Ubuntu,59.5,56.02,7.63,11.75,4.73,61.03,9,505.01,1901.85,0,0
2024-02-11 09:30:00,SRV-0054,us-east-1,compute,Ubuntu,55.32,61.25,11.77,4.79,2.69,51.34,2,271.83,1498.83,0,0
2024-02-11 10:00:00,SRV-0133,us-west-2,storage,Ubuntu,32.17,63.47,17.22,178.35,74.3,48.8,1,263.78,6517.01,0,0
2024-02-11 10:30:00,SRV-0191,eu-central-1,compute,RHEL,53.64,100.0,10.51,86.55,91.63,58.61,2,303.16,5036.45,0,0
2024-02-11 11:00:00,SRV-0124,us-west-2,cache,Linux,61.01,22.21,6.92,120.52,117.17,70.36,3,248.23,3544.92,0,0
2024-02-11 11:30:00,SRV-0218,eu-central-1,storage,Ubuntu,60.09,72.3,12.71,122.35,58.9,65.02,5,510.84,4311.45,0,0
2024-02-11 12:00:00,SRV-0071,us-west-2,database,Windows Server,68.78,57.93,0.48,48.73,29.59,69.23,5,298.78,4815.28,0,0
2024-02-11 12:30:00,SRV-0214,ap-southeast-1,web,Linux,59.17,70.2,37.01,96.91,113.38,69.57,3,232.08,2098.05,0,0
2024-02-11 13:00:00,SRV-0033,sa-east-1,cache,Linux,52.03,48.17,4.69,95.45,79.67,60.33,3,241.82,3313.35,0,0
2024-02-11 13:30:00,SRV-0171,us-east-1,web,RHEL,66.4,59.12,1.12,73.76,75.31,70.33,5,290.1,2562.23,0,0
2024-02-11 14:00:00,SRV-0291,us-east-1,database,CentOS,93.06,81.89,26.51,257.78,138.72,93.57,5,338.92,3403.2,0,0
2024-02-11 14:30:00,SRV-0237,ap-southeast-1,storage,Linux,27.36,100.0,37.17,89.99,44.01,44.51,4,228.84,4385.42,0,1
2024-02-11 15:00:00,SRV-0102,us-west-2,cache,RHEL,41.74,74.54,42.03,138.82,139.58,64.06,2,217.8,1519.44,0,0
2024-02-11 15:30:00,SRV-0010,sa-east-1,storage,RHEL,97.84,83.19,17.01,338.81,310.79,81.11,5,442.72,3447.8,0,1
2024-02-11 16:00:00,SRV-0041,ap-southeast-1,cache,RHEL,31.5,52.37,5.75,301.75,275.46,57.19,3,145.17,3377.55,0,0
2024-02-11 16:30:00,SRV-0126,us-west-2,database,Ubuntu,99.95,92.75,33.41,331.67,264.46,82.67,4,751.87,2506.11,0,1
2024-02-11 17:00:00,SRV-0273,sa-east-1,database,CentOS,29.15,27.68,30.08,47.21,38.11,54.67,3,156.15,8746.83,0,0
2024-02-11 17:30:00,SRV-0011,us-west-2,database,Ubuntu,38.84,54.06,7.07,5.34,5.14,64.85,2,274.21,645.9,0,0
2024-02-11 18:00:00,SRV-0195,us-east-1,web,Windows Server,7.13,73.19,58.43,45.38,24.64,41.79,0,197.19,5632.61,0,0
2024-02-11 18:30:00,SRV-0020,sa-east-1,compute,CentOS,49.27,37.06,2.76,49.01,30.26,58.42,2,216.62,1528.91,0,0
2024-02-11 19:00:00,SRV-0273,us-east-1,storage,Ubuntu,45.02,78.87,100.0,360.13,390.55,61.06,3,196.92,7354.39,0,0
2024-02-11 19:30:00,SRV-0235,us-east-1,cache,CentOS,28.66,68.78,49.2,157.15,90.83,49.82,3,152.53,8008.45,0,0
2024-02-11 20:00:00,SRV-0227,sa-east-1,storage,Windows Server,58.18,46.78,29.11,12.79,10.12,72.37,2,252.9,3517.55,0,0
2024-02-11 20:30:00,SRV-0227,ap-southeast-1,compute,Ubuntu,63.75,57.45,69.82,21.82,20.34,66.46,5,259.67,7213.85,0,0
2024-02-11 21:00:00,SRV-0272,us-west-2,web,CentOS,12.85,88.77,32.03,25.38,30.46,43.54,0,200.63,2189.96,0,0
2024-02-11 21:30:00,SRV-0279,sa-east-1,web,Windows Server,29.75,73.2,5.28,149.31,103.29,49.2,2,193.85,1227.86,0,0
2024-02-11 22:00:00,SRV-0124,us-east-1,compute,RHEL,29.62,60.16,14.59,199.44,136.67,47.18,1,216.03,2767.78,0,0
2024-02-11 22:30:00,SRV-0195,us-west-2,cache,CentOS,26.2,55.72,1.85,294.54,311.72,47.34,1,133.46,2993.72,0,0
2024-02-11 23:00:00,SRV-0071,sa-east-1,compute,Windows Server,61.59,61.38,12.34,423.61,434.18,62.88,3,432.28,3481.45,0,0
2024-02-11 23:30:00,SRV-0232,ap-southeast-1,web,RHEL,98.12,93.03,33.83,33.79,32.37,86.5,6,363.07,3267.75,0,1
2024-02-12 00:00:00,SRV-0173,sa-east-1,web,Windows Server,39.71,22.11,12.21,55.61,39.87,52.59,4,213.78,3602.21,0,0
2024-02-12 00:30:00,SRV-0203,sa-east-1,storage,Linux,4.92,96.76,10.02,41.23,24.39,52.46,1,72.23,6220.18,0,0
2024-02-12 01:00:00,SRV-0033,eu-central-1,cache,Windows Server,57.71,62.8,22.62,66.65,56.51,57.93,3,237.84,2152.04,0,0
2024-02-12 01:30:00,SRV-0211,us-west-2,cache,Ubuntu,20.21,67.17,51.43,369.18,401.89,48.82,1,220.25,163.7,0,0
2024-02-12 02:00:00,SRV-0182,sa-east-1,web,Ubuntu,46.2,58.96,1.22,128.39,140.64,61.44,2,306.55,4290.11,0,0
2024-02-12 02:30:00,SRV-0241,us-east-1,compute,Ubuntu,50.55,46.77,12.17,201.02,79.94,63.37,3,314.64,3927.58,0,0
2024-02-12 03:00:00,SRV-0051,us-east-1,web,Ubuntu,72.21,56.65,4.31,101.04,69.26,68.59,4,346.97,527.11,0,0
2024-02-12 03:30:00,SRV-0029,eu-central-1,storage,Linux,18.82,31.21,29.72,4.39,3.15,46.33,1,411.22,1172.97,0,0
2024-02-12 04:00:00,SRV-0006,us-east-1,compute,Linux,0.0,100.0,2.79,9.95,11.74,42.26,0,120.76,4467.4,0,0
2024-02-12 04:30:00,SRV-0133,sa-east-1,web,Linux,48.68,37.78,27.33,115.8,105.4,60.8,3,255.71,2057.18,0,0
2024-02-12 05:00:00,SRV-0096,us-west-2,cache,RHEL,81.01,41.42,8.43,190.3,126.84,71.11,6,321.47,7687.88,0,0
2024-02-12 05:30:00,SRV-0082,eu-central-1,storage,CentOS,69.78,52.08,5.54,36.37,11.77,60.1,3,269.75,1518.87,0,0
2024-02-12 06:00:00,SRV-0277,eu-central-1,web,Ubuntu,49.19,83.19,68.86,191.97,155.28,57.34,4,277.02,177.25,0,0
2024-02-12 06:30:00,SRV-0217,ap-southeast-1,web,CentOS,35.17,60.26,0.47,249.64,96.48,48.33,2,193.32,3921.21,0,0
2024-02-12 07:00:00,SRV-0280,ap-southeast-1,database,Ubuntu,61.14,37.75,14.4,79.63,83.69,61.12,4,307.67,8638.8,0,0
2024-02-12 07:30:00,SRV-0131,us-west-2,compute,Ubuntu,25.53,82.58,0.55,205.81,201.13,50.38,2,149.67,5553.09,0,0
2024-02-12 08:00:00,SRV-0086,us-west-2,database,Ubuntu,54.53,73.16,16.52,77.63,55.47,63.6,3,395.7,3101.95,0,0
2024-02-12 08:30:00,SRV-0093,eu-central-1,cache,Linux,55.11,69.69,17.38,170.14,116.77,70.95,3,1025.58,148.75,0,0
2024-02-12 09:00:00,SRV-0071,sa-east-1,compute,RHEL,90.96,87.82,9.7,216.59,239.89,90.75,4,361.8,4248.66,0,0
2024-02-12 09:30:00,SRV-0191,sa-east-1,storage,Ubuntu,100.0,100.0,3.54,722.88,404.53,83.87,7,534.72,1809.44,0,1
2024-02-12 10:00:00,SRV-0214,ap-southeast-1,compute,Ubuntu,52.85,99.33,11.81,63.56,33.31,62.67,2,414.89,5674.68,0,0
2024-02-12 10:30:00,SRV-0047,us-west-2,web,Ubuntu,34.82,47.64,27.89,79.41,90.95,60.41,1,708.47,5107.57,0,0
2024-02-12 11:00:00,SRV-0218,us-west-2,web,Windows Server,44.49,89.23,38.13,27.16,27.93,60.68,2,225.43,2324.01,0,0
2024-02-12 11:30:00,SRV-0089,sa-east-1,web,Ubuntu,9.62,66.9,18.92,34.24,35.56,38.8,1,219.93,604.34,0,0
2024-02-12 12:00:00,SRV-0275,ap-southeast-1,compute,Linux,31.11,68.98,22.28,177.33,84.35,43.83,2,169.3,6614.21,0,0
2024-02-12 12:30:00,SRV-0227,sa-east-1,web,Linux,36.81,29.54,5.6,373.42,160.18,56.28,2,258.47,5129.08,0,0
2024-02-12 13:00:00,SRV-0217,sa-east-1,web,CentOS,34.52,56.93,8.47,75.28,24.35,51.17,3,275.58,7377.18,0,0
2024-02-12 13:30:00,SRV-0240,eu-central-1,database,Linux,48.05,45.37,4.42,29.74,15.27,54.32,3,329.28,2276.59,0,0
2024-02-12 14:00:00,SRV-0170,us-west-2,web,CentOS,28.55,74.91,7.17,50.34,50.18,45.08,2,158.87,5719.42,0,0
2024-02-12 14:30:00,SRV-0232,eu-central-1,database,RHEL,67.42,79.28,6.37,91.06,46.99,67.77,4,441.13,1040.52,0,0
2024-02-12 15:00:00,SRV-0108,eu-central-1,cache,Windows Server,45.0,22.66,18.32,51.51,49.25,65.54,2,239.65,2556.96,0,0
2024-02-12 15:30:00,SRV-0233,sa-east-1,compute,Linux,44.81,59.6,20.68,39.9,21.02,55.88,4,208.82,5751.63,0,0
2024-02-12 16:00:00,SRV-0170,ap-southeast-1,database,Ubuntu,38.44,80.19,72.49,199.76,131.0,58.33,1,243.53,7232.27,0,0
2024-02-12 16:30:00,SRV-0135,sa-east-1,compute,RHEL,48.1,56.64,5.44,1.18,1.4,58.73,2,393.35,2811.99,0,0
2024-02-12 17:00:00,SRV-0131,ap-southeast-1,compute,Ubuntu,61.5,73.12,25.66,116.23,60.48,58.15,4,575.9,6998.16,0,0
2024-02-12 17:30:00,SRV-0037,us-west-2,storage,CentOS,27.66,66.32,42.49,236.81,151.26,54.74,2,270.89,5937.43,0,0
2024-02-12 18:00:00,SRV-0259,us-east-1,database,CentOS,31.84,66.15,20.54,46.43,26.51,47.26,1,146.08,3055.04,0,0
2024-02-12 18:30:00,SRV-0124,us-west-2,web,Windows Server,38.93,55.12,7.36,138.68,55.29,55.68,5,181.24,7677.36,0,0
2024-02-12 19:00:00,SRV-0263,sa-east-1,storage,RHEL,18.08,38.1,7.61,165.8,122.84,45.53,2,112.18,4461.34,0,0
2024-02-12 19:30:00,SRV-0217,ap-southeast-1,database,CentOS,28.61,39.81,1.0,159.64,102.3,55.91,2,146.52,5678.99,0,0
2024-02-12 20:00:00,SRV-0170,us-east-1,database,Ubuntu,35.48,72.77,9.11,88.55,81.94,48.9,2,204.72,4342.23,0,0
2024-02-12 20:30:00,SRV-0098,ap-southeast-1,cache,Linux,62.49,60.35,34.12,63.83,66.12,66.95,3,278.79,3966.37,0,0
2024-02-12 21:00:00,SRV-0186,ap-southeast-1,web,Linux,50.25,57.51,1.22,271.11,214.13,55.9,2,212.82,7428.44,0,0
2024-02-12 21:30:00,SRV-0213,us-east-1,cache,RHEL,48.87,52.37,6.19,213.1,70.1,56.99,2,410.52,2582.32,0,0
2024-02-12 22:00:00,SRV-0232,us-east-1,compute,RHEL,62.02,54.51,30.62,58.13,49.82,46.63,3,331.62,321.84,0,0
2024-02-12 22:30:00,SRV-0167,us-west-2,web,CentOS,42.25,78.84,38.16,16.31,5.71,67.36,4,335.95,7707.02,0,0
2024-02-12 23:00:00,SRV-0161,eu-central-1,cache,Linux,52.81,53.97,15.19,11.18,9.55,63.88,4,254.88,7227.38,0,0
2024-02-12 23:30:00,SRV-0284,us-east-1,cache,Windows Server,42.94,35.86,29.94,14.85,13.61,53.34,2,231.61,3211.7,0,0
2024-02-13 00:00:00,SRV-0184,eu-central-1,web,Windows Server,50.31,73.39,12.27,131.15,62.69,54.5,3,239.14,1625.37,0,0
2024-02-13 00:30:00,SRV-0025,eu-central-1,database,Windows Server,33.34,56.31,4.36,7.96,8.25,50.86,1,207.74,5918.0,0,0
2024-02-13 01:00:00,SRV-0142,eu-central-1,compute,Windows Server,0.0,60.57,12.69,61.63,69.02,43.58,0,144.26,690.87,0,0
2024-02-13 01:30:00,SRV-0183,eu-central-1,storage,CentOS,42.31,88.94,21.69,209.88,216.55,47.47,4,244.86,3712.67,0,0
2024-02-13 02:00:00,SRV-0084,us-east-1,storage,Ubuntu,73.45,59.63,73.94,52.29,30.05,68.67,3,452.33,753.07,0,0
2024-02-13 02:30:00,SRV-0231,ap-southeast-1,storage,Windows Server,63.52,65.21,1.78,216.15,178.97,74.26,5,470.97,5238.09,0,0
2024-02-13 03:00:00,SRV-0223,us-east-1,compute,CentOS,64.31,38.78,17.7,205.25,230.56,60.05,5,306.35,239.32,0,0
2024-02-13 03:30:00,SRV-0158,us-east-1,web,Windows Server,69.72,56.05,9.97,42.32,24.91,68.29,4,286.58,5512.5,0,0
2024-02-13 04:00:00,SRV-0185,sa-east-1,web,Windows Server,88.97,85.54,17.75,195.75,203.19,86.93,5,607.31,5897.61,0,0
2024-02-13 04:30:00,SRV-0183,sa-east-1,web,Ubuntu,48.95,32.0,0.61,206.62,63.75,62.74,2,329.66,4267.9,0,0
2024-02-13 05:00:00,SRV-0085,us-west-2,storage,Windows Server,98.22,98.01,9.39,75.99,23.05,86.05,6,446.86,1533.89,0,1
2024-02-13 05:30:00,SRV-0065,eu-central-1,database,CentOS,38.68,61.81,42.85,35.44,34.86,58.0,1,302.85,889.11,0,0
2024-02-13 06:00:00,SRV-0052,eu-central-1,cache,CentOS,57.32,60.74,20.18,110.49,108.87,60.92,2,229.85,2745.13,0,0
2024-02-13 06:30:00,SRV-0003,sa-east-1,storage,Linux,69.08,78.67,14.97,381.5,385.35,74.13,5,264.24,4075.75,0,0
2024-02-13 07:00:00,SRV-0077,ap-southeast-1,compute,RHEL,42.21,66.02,8.41,153.09,174.06,54.89,4,193.25,5626.1,0,0
2024-02-13 07:30:00,SRV-0135,us-west-2,web,Windows Server,36.0,86.61,8.85,28.48,11.57,44.6,2,173.94,11.95,0,0
2024-02-13 08:00:00,SRV-0070,ap-southeast-1,cache,Windows Server,45.01,42.12,12.08,172.21,87.62,56.05,3,239.62,6229.21,0,0
2024-02-13 08:30:00,SRV-0162,sa-east-1,web,CentOS,57.02,62.45,45.13,83.58,93.06,57.98,2,238.2,6243.64,0,0
2024-02-13 09:00:00,SRV-0096,ap-southeast-1,web,Windows Server,16.12,61.52,85.44,134.3,61.71,45.04,0,291.14,3894.71,0,0
2024-02-13 09:30:00,SRV-0016,eu-central-1,web,CentOS,0.0,40.75,14.44,198.67,181.59,38.7,1,136.3,3008.9,0,0
2024-02-13 10:00:00,SRV-0230,sa-east-1,database,Linux,33.99,77.21,12.5,108.52,84.37,59.58,1,197.9,7378.78,0,0
2024-02-13 10:30:00,SRV-0267,ap-southeast-1,cache,Windows Server,90.99,93.03,46.86,252.29,94.58,81.14,7,330.18,6873.2,0,1
2024-02-13 11:00:00,SRV-0006,us-west-2,storage,Linux,34.84,59.69,13.92,192.1,106.95,55.25,2,243.92,8613.52,0,0
2024-02-13 11:30:00,SRV-0110,us-west-2,database,Linux,42.04,69.09,20.08,143.21,110.03,56.8,2,188.52,3258.74,0,0
2024-02-13 12:00:00,SRV-0143,us-east-1,compute,RHEL,86.48,96.4,6.56,24.52,26.16,85.13,5,445.41,7943.95,0,0
2024-02-13 12:30:00,SRV-0155,sa-east-1,compute,CentOS,74.05,47.16,34.02,271.14,254.0,58.71,3,434.48,766.55,0,0
2024-02-13 13:00:00,SRV-0207,sa-east-1,storage,Linux,51.53,27.23,18.98,412.11,354.29,61.18,4,283.13,3605.03,0,0
2024-02-13 13:30:00,SRV-0166,sa-east-1,cache,CentOS,51.01,47.3,41.39,22.1,16.49,64.38,2,219.23,4077.21,0,0
2024-02-13 14:00:00,SRV-0260,eu-central-1,storage,RHEL,57.44,34.94,37.94,100.49,57.16,62.44,2,376.91,3862.62,0,0
2024-02-13 14:30:00,SRV-0173,eu-central-1,database,CentOS,22.22,90.67,6.05,44.94,18.31,46.22,2,153.46,5476.24,0,0
2024-02-13 15:00:00,SRV-0121,sa-east-1,cache,RHEL,65.78,57.93,31.44,210.68,140.77,68.64,4,272.53,1491.85,0,0
2024-02-13 15:30:00,SRV-0140,ap-southeast-1,compute,Windows Server,43.48,53.77,40.24,191.82,62.47,56.98,3,244.05,7590.25,0,0
2024-02-13 16:00:00,SRV-0168,eu-central-1,cache,RHEL,58.41,76.0,10.62,22.78,11.16,71.79,3,481.17,4833.9,0,0
2024-02-13 16:30:00,SRV-0084,sa-east-1,cache,RHEL,23.56,39.81,4.74,314.37,216.67,55.59,2,155.98,7920.97,0,0
2024-02-13 17:00:00,SRV-0194,eu-central-1,cache,RHEL,13.92,46.2,0.07,29.95,20.27,50.37,1,327.77,24.05,0,1
2024-02-13 17:30:00,SRV-0276,us-east-1,storage,Ubuntu,89.44,83.82,14.99,239.37,81.36,87.37,6,323.85,5519.07,0,0
2024-02-13 18:00:00,SRV-0268,us-west-2,web,Linux,52.53,78.52,10.86,91.59,76.04,54.56,3,216.31,3613.72,0,0
2024-02-13 18:30:00,SRV-0038,us-east-1,database,CentOS,26.96,69.03,20.24,59.69,47.43,54.1,1,250.8,4425.16,0,0
2024-02-13 19:00:00,SRV-0242,sa-east-1,cache,CentOS,27.61,64.47,5.21,25.84,9.57,52.92,3,153.97,6515.98,0,0
2024-02-13 19:30:00,SRV-0199,us-west-2,cache,Ubuntu,67.51,61.41,49.09,27.52,31.61,70.04,4,290.6,1990.62,0,0
2024-02-13 20:00:00,SRV-0298,ap-southeast-1,storage,Windows Server,21.21,67.2,7.45,162.66,63.35,50.95,2,128.3,1795.71,0,0
2024-02-13 20:30:00,SRV-0005,sa-east-1,database,Linux,77.85,63.63,6.42,119.92,128.24,73.41,4,323.94,6158.65,0,0
2024-02-13 21:00:00,SRV-0103,ap-southeast-1,database,Linux,26.99,41.46,16.38,19.53,5.86,64.3,3,163.88,4567.64,0,0
2024-02-13 21:30:00,SRV-0138,ap-southeast-1,compute,Linux,57.77,60.83,17.27,17.94,19.62,62.73,3,356.61,2047.44,0,0
2024-02-13 22:00:00,SRV-0293,eu-central-1,database,Linux,38.43,40.67,6.05,11.26,3.58,60.05,1,286.36,4240.52,0,0
2024-02-13 22:30:00,SRV-0066,eu-central-1,database,Ubuntu,57.06,61.46,7.93,204.25,200.58,60.47,2,531.14,4026.27,0,0
2024-02-13 23:00:00,SRV-0067,us-west-2,cache,CentOS,34.12,51.35,4.65,186.66,116.76,57.6,2,281.24,6057.36,0,0
2024-02-13 23:30:00,SRV-0270,us-west-2,web,Windows Server,41.74,100.0,31.69,9.03,8.71,61.39,4,293.92,24.31,0,0
2024-02-14 00:00:00,SRV-0047,eu-central-1,cache,Windows Server,45.82,59.28,36.75,123.24,81.53,60.15,3,305.94,5140.43,0,0
2024-02-14 00:30:00,SRV-0180,us-west-2,storage,Windows Server,24.96,34.72,15.51,13.27,4.83,58.33,2,339.4,5306.13,0,0
2024-02-14 01:00:00,SRV-0068,us-east-1,database,Ubuntu,59.82,57.58,31.3,351.11,347.87,59.51,4,264.58,6530.92,0,0
2024-02-14 01:30:00,SRV-0115,sa-east-1,web,Ubuntu,34.74,69.35,33.29,356.46,129.8,51.46,2,189.89,7789.77,0,0
2024-02-14 02:00:00,SRV-0026,us-east-1,cache,RHEL,40.43,90.12,3.72,179.72,203.06,57.23,2,306.46,3856.62,0,1
2024-02-14 02:30:00,SRV-0047,sa-east-1,compute,Ubuntu,25.11,49.39,84.67,390.94,135.22,54.45,3,151.31,3001.13,0,0
2024-02-14 03:00:00,SRV-0207,eu-central-1,storage,Linux,0.0,31.52,43.01,250.26,183.04,40.9,0,293.06,897.22,0,0
2024-02-14 03:30:00,SRV-0073,us-east-1,storage,CentOS,41.18,74.7,5.72,264.51,251.48,62.9,3,250.06,2951.35,0,0
2024-02-14 04:00:00,SRV-0259,ap-southeast-1,storage,Windows Server,93.25,35.15,5.15,126.49,82.72,73.99,6,365.44,600.86,0,0
2024-02-14 04:30:00,SRV-0030,us-east-1,cache,Ubuntu,60.69,52.15,3.36,54.81,27.16,58.57,3,381.73,7032.9,0,0
2024-02-14 05:00:00,SRV-0003,us-west-2,web,CentOS,44.61,55.36,3.72,36.85,36.23,59.39,2,221.29,7069.57,0,0
2024-02-14 05:30:00,SRV-0009,us-east-1,web,Linux,39.74,58.75,34.47,59.45,59.79,55.51,2,499.67,3655.58,0,1
2024-02-14 06:00:00,SRV-0008,eu-central-1,database,Ubuntu,45.45,72.4,15.86,148.53,167.9,60.89,2,593.74,2275.2,0,0
2024-02-14 06:30:00,SRV-0009,eu-central-1,web,Ubuntu,90.95,82.38,38.19,28.43,18.15,91.09,5,432.74,1034.74,0,1
2024-02-14 07:00:00,SRV-0152,us-west-2,compute,CentOS,21.38,55.07,34.29,44.89,33.92,46.85,2,126.21,7456.99,0,0
2024-02-14 07:30:00,SRV-0142,sa-east-1,storage,Linux,67.29,59.74,23.2,94.68,59.35,66.54,5,282.4,7686.98,0,0
2024-02-14 08:00:00,SRV-0274,us-west-2,cache,Ubuntu,59.31,62.69,28.99,39.8,21.15,63.87,3,300.37,2333.43,0,0
2024-02-14 08:30:00,SRV-0027,sa-east-1,storage,CentOS,59.36,61.76,0.46,133.24,130.04,62.22,6,418.77,5447.0,0,0
2024-02-14 09:00:00,SRV-0071,eu-central-1,storage,Linux,53.77,67.85,9.34,384.94,233.15,60.49,3,231.75,2266.55,0,0
2024-02-14 09:30:00,SRV-0219,eu-central-1,compute,Ubuntu,45.39,75.19,25.39,206.8,141.73,56.14,2,197.2,1972.88,0,0
2024-02-14 10:00:00,SRV-0290,sa-east-1,storage,Ubuntu,58.46,67.07,0.23,164.68,109.24,67.67,4,233.11,186.76,0,0
2024-02-14 10:30:00,SRV-0256,us-east-1,storage,Windows Server,56.84,68.16,0.84,131.1,123.42,63.7,2,291.23,5056.34,0,0
2024-02-14 11:00:00,SRV-0103,us-east-1,compute,RHEL,37.92,31.52,47.74,100.4,113.05,66.45,3,379.78,1314.34,0,0
2024-02-14 11:30:00,SRV-0147,us-west-2,compute,Linux,33.53,60.9,28.8,30.97,27.88,54.21,1,154.91,109.36,0,0
2024-02-14 12:00:00,SRV-0158,eu-central-1,web,CentOS,47.04,68.63,7.71,337.66,244.61,56.06,2,214.98,919.39,0,0
2024-02-14 12:30:00,SRV-0140,us-east-1,storage,Windows Server,75.98,73.12,29.12,42.86,42.91,83.75,3,396.12,2749.3,0,0
2024-02-14 13:00:00,SRV-0143,eu-central-1,database,Ubuntu,20.22,47.54,39.31,14.36,12.59,50.16,3,285.45,5862.2,0,1
2024-02-14 13:30:00,SRV-0109,us-west-2,database,CentOS,15.65,48.14,9.16,207.95,73.73,51.21,2,261.66,1775.78,0,0
2024-02-14 14:00:00,SRV-0064,ap-southeast-1,database,Windows Server,48.3,49.67,0.92,28.97,11.18,62.28,4,348.63,7775.41,0,0
2024-02-14 14:30:00,SRV-0271,eu-central-1,compute,Windows Server,46.02,69.66,67.49,69.76,23.31,61.52,3,201.96,2527.87,0,0
2024-02-14 15:00:00,SRV-0186,ap-southeast-1,storage,RHEL,48.47,78.61,10.58,4.3,3.06,62.07,2,246.02,2902.21,0,0
2024-02-14 15:30:00,SRV-0001,eu-central-1,web,Windows Server,49.88,52.67,2.81,22.11,23.07,54.44,2,617.92,1910.26,0,0
2024-02-14 16:00:00,SRV-0007,sa-east-1,storage,Linux,40.54,76.34,16.92,28.53,16.6,58.05,2,621.58,2224.08,0,0
2024-02-14 16:30:00,SRV-0001,ap-southeast-1,database,RHEL,74.8,62.22,36.58,8.39,5.42,63.29,3,366.63,650.35,0,0
2024-02-14 17:00:00,SRV-0261,sa-east-1,cache,RHEL,12.98,57.76,6.26,160.35,179.36,44.32,0,212.48,2582.9,0,0
2024-02-14 17:30:00,SRV-0047,sa-east-1,database,Ubuntu,28.43,56.2,7.85,272.11,286.59,47.74,1,437.46,7530.39,0,0
2024-02-14 18:00:00,SRV-0266,us-west-2,compute,Ubuntu,42.93,73.44,6.95,70.1,62.98,58.96,4,238.58,6030.91,0,0
2024-02-14 18:30:00,SRV-0002,us-west-2,storage,Linux,12.14,65.86,100.0,311.41,168.2,46.53,0,101.13,7667.47,0,0
2024-02-14 19:00:00,SRV-0023,us-east-1,compute,CentOS,41.48,100.0,5.5,36.0,14.59,59.0,3,285.0,919.46,0,1
2024-02-14 19:30:00,SRV-0084,ap-southeast-1,web,Linux,78.23,44.66,21.42,59.04,18.57,72.73,4,606.83,3991.75,0,0
2024-02-14 20:00:00,SRV-0204,us-east-1,storage,RHEL,45.42,69.33,64.85,24.51,9.71,55.13,2,305.72,2009.04,0,0
2024-02-14 20:30:00,SRV-0227,ap-southeast-1,storage,Ubuntu,49.61,50.47,3.97,145.36,81.89,58.54,2,361.46,6318.13,0,0
2024-02-14 21:00:00,SRV-0252,us-west-2,storage,Linux,19.8,44.35,88.39,81.68,65.06,52.52,0,164.34,8499.31,0,0
2024-02-14 21:30:00,SRV-0151,us-west-2,cache,Ubuntu,32.67,59.8,73.66,142.51,50.96,58.41,1,158.16,7142.73,0,0
2024-02-14 22:00:00,SRV-0247,us-west-2,storage,Linux,37.5,62.47,53.98,215.12,90.91,49.26,2,180.99,310.0,0,0
2024-02-14 22:30:00,SRV-0017,ap-southeast-1,cache,Linux,38.65,100.0,6.04,118.35,54.79,47.8,3,571.38,2774.62,0,0
2024-02-14 23:00:00,SRV-0002,us-west-2,storage,Windows Server,70.63,56.69,25.13,148.18,128.74,64.62,3,329.86,251.33,0,0
2024-02-14 23:30:00,SRV-0197,us-east-1,database,Linux,56.15,39.66,35.77,410.58,350.73,67.69,4,219.67,352.82,0,0
2024-02-15 00:00:00,SRV-0269,sa-east-1,web,Ubuntu,22.77,64.91,100.0,53.3,42.41,55.18,2,429.24,697.47,0,0
2024-02-15 00:30:00,SRV-0061,ap-southeast-1,storage,Linux,49.93,22.66,4.97,66.75,35.07,55.35,2,268.66,2421.35,0,0
2024-02-15 01:00:00,SRV-0267,sa-east-1,compute,CentOS,54.96,58.34,36.31,189.72,120.28,63.52,2,395.85,2665.51,0,0
2024-02-15 01:30:00,SRV-0097,us-east-1,database,Windows Server,67.8,60.29,10.34,141.74,54.86,76.29,3,332.92,3508.57,0,0
2024-02-15 02:00:00,SRV-0283,eu-central-1,compute,Linux,76.61,74.3,4.83,29.5,14.86,72.72,4,290.56,3547.79,0,0
2024-02-15 02:30:00,SRV-0247,us-west-2,compute,CentOS,24.7,77.53,13.68,70.78,78.42,56.99,2,219.69,6757.77,0,0
2024-02-15 03:00:00,SRV-0035,us-east-1,cache,Ubuntu,28.78,50.94,39.48,94.62,111.82,56.51,2,731.58,1239.55,0,0
2024-02-15 03:30:00,SRV-0274,eu-central-1,web,CentOS,19.85,57.29,15.63,81.55,72.0,43.39,1,113.08,1382.65,0,0
2024-02-15 04:00:00,SRV-0068,ap-southeast-1,compute,Windows Server,40.32,46.21,19.28,29.45,33.14,55.18,2,355.34,5489.29,0,0
2024-02-15 04:30:00,SRV-0189,us-east-1,database,Ubuntu,54.33,39.69,100.0,387.4,340.32,61.9,2,239.83,5008.89,0,0
2024-02-15 05:00:00,SRV-0041,ap-southeast-1,web,Linux,64.75,65.58,12.73,215.52,71.1,66.42,4,294.31,1349.93,0,0
2024-02-15 05:30:00,SRV-0096,sa-east-1,database,Linux,43.48,37.08,23.89,98.48,117.89,61.97,4,227.08,7465.98,0,0
2024-02-15 06:00:00,SRV-0171,sa-east-1,compute,CentOS,38.6,52.54,11.36,170.94,66.51,57.48,2,394.87,2883.23,0,0
2024-02-15 06:30:00,SRV-0067,ap-southeast-1,web,Linux,48.04,42.09,12.47,341.37,312.14,44.53,2,264.32,3215.27,0,0
2024-02-15 07:00:00,SRV-0119,sa-east-1,storage,Ubuntu,28.3,69.89,29.74,21.96,11.58,44.75,1,194.16,3683.81,0,0
2024-02-15 07:30:00,SRV-0171,sa-east-1,compute,Ubuntu,86.79,92.43,69.47,43.23,28.22,63.78,5,480.76,2827.55,0,0
2024-02-15 08:00:00,SRV-0186,us-west-2,compute,Linux,12.85,36.57,19.54,117.36,103.44,46.02,0,93.55,4883.75,0,0
2024-02-15 08:30:00,SRV-0070,ap-southeast-1,cache,CentOS,98.26,85.63,36.57,240.68,166.75,87.56,4,353.82,3405.17,0,1
2024-02-15 09:00:00,SRV-0245,ap-southeast-1,database,Linux,85.47,57.75,2.34,5.54,2.91,75.6,4,308.61,2273.39,0,0
2024-02-15 09:30:00,SRV-0159,eu-central-1,storage,RHEL,86.42,81.24,5.93,620.45,372.89,89.17,7,425.74,7923.3,0,0
2024-02-15 10:00:00,SRV-0284,us-west-2,web,Linux,41.2,63.94,17.44,91.02,55.28,59.85,3,248.17,2701.84,0,0
2024-02-15 10:30:00,SRV-0107,us-east-1,compute,Windows Server,37.85,51.97,0.51,66.76,77.67,58.72,1,372.32,6119.06,0,0
2024-02-15 11:00:00,SRV-0036,us-west-2,compute,Linux,85.4,97.36,7.29,51.95,52.92,83.07,5,375.22,3042.36,0,1
2024-02-15 11:30:00,SRV-0195,us-east-1,storage,RHEL,72.46,66.62,18.21,28.74,20.48,61.65,4,292.45,3813.09,0,0
2024-02-15 12:00:00,SRV-0268,ap-southeast-1,compute,Windows Server,0.76,78.73,0.38,235.23,112.87,40.3,0,215.84,2067.63,0,0
2024-02-15 12:30:00,SRV-0076,us-west-2,database,CentOS,75.67,24.81,7.68,466.55,480.51,79.23,5,311.87,6590.66,0,0
2024-02-15 13:00:00,SRV-0280,eu-central-1,web,Windows Server,16.52,53.36,18.04,80.07,35.35,55.11,0,373.97,6458.16,0,1
2024-02-15 13:30:00,SRV-0080,sa-east-1,storage,Ubuntu,39.67,63.85,21.28,456.8,223.57,58.68,2,197.83,195.8,0,0
2024-02-15 14:00:00,SRV-0098,us-east-1,storage,RHEL,36.42,43.48,65.01,260.42,163.91,50.92,1,177.6,528.24,0,0
2024-02-15 14:30:00,SRV-0282,sa-east-1,cache,Ubuntu,56.77,91.16,25.92,98.39,107.48,67.14,2,288.3,8080.1,0,0
2024-02-15 15:00:00,SRV-0118,ap-southeast-1,web,Ubuntu,91.78,95.75,13.39,168.14,70.39,82.82,6,330.52,7786.23,0,1
2024-02-15 15:30:00,SRV-0223,ap-southeast-1,storage,Windows Server,54.24,59.26,66.61,85.64,35.11,57.86,2,216.44,4433.82,0,0
2024-02-15 16:00:00,SRV-0252,ap-southeast-1,compute,Windows Server,85.49,70.01,38.41,122.71,91.37,63.47,4,374.98,4322.32,0,0
2024-02-15 16:30:00,SRV-0080,sa-east-1,web,Ubuntu,17.74,49.36,5.58,8.97,4.92,47.61,0,127.43,7117.02,0,0
2024-02-15 17:00:00,SRV-0170,ap-southeast-1,database,CentOS,48.79,26.76,3.51,178.74,145.11,56.37,4,197.32,1213.68,0,0
2024-02-15 17:30:00,SRV-0157,ap-southeast-1,storage,Linux,31.76,52.28,28.16,8.14,5.75,53.19,2,180.39,5726.75,0,0
2024-02-15 18:00:00,SRV-0002,sa-east-1,database,Linux,53.52,78.53,20.52,254.81,176.19,49.91,4,275.44,4170.14,0,0
2024-02-15 18:30:00,SRV-0203,ap-southeast-1,storage,RHEL,45.38,53.94,38.98,261.4,104.76,59.0,3,236.28,6511.84,0,0
2024-02-15 19:00:00,SRV-0258,us-east-1,compute,Windows Server,32.17,44.76,33.56,40.59,17.33,40.71,1,161.07,264.67,0,0
2024-02-15 19:30:00,SRV-0251,us-west-2,cache,Linux,54.76,76.66,24.53,58.66,60.95,67.34,4,300.95,5192.68,0,0
2024-02-15 20:00:00,SRV-0146,us-east-1,compute,CentOS,81.09,54.05,100.0,98.47,108.05,75.04,6,417.16,4877.38,0,0
2024-02-15 20:30:00,SRV-0275,ap-southeast-1,database,RHEL,41.18,50.82,19.07,136.2,69.63,55.08,2,286.1,7365.99,0,0
2024-02-15 21:00:00,SRV-0019,ap-southeast-1,web,Windows Server,59.4,62.69,3.0,50.82,20.43,66.57,3,278.23,5929.41,0,0
2024-02-15 21:30:00,SRV-0252,ap-southeast-1,database,Linux,19.13,73.87,44.05,134.65,46.87,42.76,1,122.21,7710.32,0,0
2024-02-15 22:00:00,SRV-0284,ap-southeast-1,cache,Ubuntu,25.87,100.0,7.25,53.03,44.94,50.71,1,196.83,7772.63,0,0
2024-02-15 22:30:00,SRV-0050,sa-east-1,storage,CentOS,54.45,74.89,37.55,8.56,8.08,65.75,2,434.47,3576.11,0,0
2024-02-15 23:00:00,SRV-0137,us-west-2,storage,CentOS,74.68,80.88,78.73,0.38,0.24,54.4,4,337.29,1204.79,0,0
2024-02-15 23:30:00,SRV-0226,sa-east-1,database,Windows Server,52.11,50.89,29.83,16.0,14.58,58.61,3,228.11,5521.65,0,0
2024-02-16 00:00:00,SRV-0221,sa-east-1,web,CentOS,87.34,96.87,22.66,235.71,221.96,83.87,5,321.78,7654.14,0,0
2024-02-16 00:30:00,SRV-0113,ap-southeast-1,storage,Windows Server,44.99,61.12,15.42,488.3,557.54,57.01,2,473.07,657.52,0,0
2024-02-16 01:00:00,SRV-0149,us-east-1,storage,CentOS,19.99,61.93,11.33,83.52,29.93,55.28,0,245.85,4887.85,0,0
2024-02-16 01:30:00,SRV-0048,us-east-1,cache,Linux,57.09,40.59,10.89,107.83,51.01,57.22,2,258.81,1008.28,0,0
2024-02-16 02:00:00,SRV-0058,eu-central-1,cache,Windows Server,62.65,56.84,25.29,23.82,8.62,61.95,3,272.95,237.46,0,0
2024-02-16 02:30:00,SRV-0197,us-west-2,web,CentOS,85.82,85.88,34.78,120.12,129.87,85.99,4,533.05,5953.93,0,0
2024-02-16 03:00:00,SRV-0225,eu-central-1,storage,Linux,35.6,66.49,28.37,23.44,23.75,61.79,1,176.35,5973.32,0,0
2024-02-16 03:30:00,SRV-0137,sa-east-1,compute,Linux,50.32,69.08,5.53,141.71,115.8,58.9,3,277.53,5262.16,0,0
2024-02-16 04:00:00,SRV-0195,eu-central-1,database,Linux,36.27,65.24,17.03,406.04,152.39,52.31,3,283.8,7526.93,0,0
2024-02-16 04:30:00,SRV-0206,eu-central-1,storage,Windows Server,43.68,50.87,39.21,32.67,17.84,57.21,3,231.51,709.4,0,0
2024-02-16 05:00:00,SRV-0018,eu-central-1,database,Windows Server,86.99,50.75,16.14,216.95,123.21,77.98,4,315.06,922.97,0,0
2024-02-16 05:30:00,SRV-0268,us-west-2,storage,CentOS,93.91,86.69,19.23,3.57,2.87,84.82,8,357.57,7573.47,0,1
2024-02-16 06:00:00,SRV-0215,us-east-1,cache,Ubuntu,37.83,92.13,36.87,70.62,37.59,68.37,1,395.58,4409.2,0,0
2024-02-16 06:30:00,SRV-0206,us-east-1,web,Ubuntu,32.05,60.24,27.06,17.61,6.44,55.09,1,220.2,2392.67,0,0
2024-02-16 07:00:00,SRV-0124,eu-central-1,compute,RHEL,89.68,85.9,13.16,65.19,62.43,92.61,7,488.01,6466.52,0,1
2024-02-16 07:30:00,SRV-0016,us-west-2,cache,Ubuntu,41.38,43.28,56.44,28.59,16.27,53.74,2,255.25,7835.08,0,0
2024-02-16 08:00:00,SRV-0165,us-east-1,web,Ubuntu,32.01,100.0,4.44,70.09,49.57,50.84,3,433.57,6041.24,0,1
2024-02-16 08:30:00,SRV-0148,ap-southeast-1,cache,CentOS,71.43,40.68,100.0,81.07,33.64,61.06,3,504.12,6937.54,0,0
2024-02-16 09:00:00,SRV-0276,us-east-1,database,Windows Server,73.39,52.28,3.16,53.63,54.82,69.56,3,336.13,2475.39,0,0
2024-02-16 09:30:00,SRV-0233,us-east-1,storage,Ubuntu,32.99,67.49,0.38,160.34,129.71,57.11,1,187.29,2530.38,0,0
2024-02-16 10:00:00,SRV-0025,us-west-2,cache,RHEL,7.67,70.8,55.19,376.72,418.7,40.0,2,165.05,7569.86,0,0
2024-02-16 10:30:00,SRV-0268,us-west-2,web,CentOS,65.15,77.24,7.02,76.77,57.27,62.02,4,357.81,5386.58,0,0
2024-02-16 11:00:00,SRV-0295,us-east-1,storage,Linux,31.31,92.54,32.71,32.04,36.76,60.1,1,212.91,2052.03,0,0
2024-02-16 11:30:00,SRV-0071,ap-southeast-1,database,Linux,60.81,69.11,41.65,47.36,52.22,57.19,5,405.19,4592.13,0,0
2024-02-16 12:00:00,SRV-0200,ap-southeast-1,database,RHEL,5.6,40.99,48.97,288.62,236.33,31.9,0,87.05,6008.45,0,0
2024-02-16 12:30:00,SRV-0047,eu-central-1,compute,Windows Server,62.85,55.37,100.0,127.17,145.04,59.38,3,279.26,1915.27,0,0
2024-02-16 13:00:00,SRV-0025,eu-central-1,storage,Linux,20.78,65.54,8.7,91.05,53.79,40.61,1,228.29,5737.33,0,0
2024-02-16 13:30:00,SRV-0213,us-east-1,database,Windows Server,59.62,97.23,30.97,24.31,15.3,65.78,3,257.17,370.15,0,0
2024-02-16 14:00:00,SRV-0033,us-east-1,cache,Ubuntu,45.29,34.84,3.07,89.6,30.55,56.31,3,243.81,2661.03,0,0
2024-02-16 14:30:00,SRV-0214,us-east-1,database,Ubuntu,25.92,81.65,13.06,48.96,40.65,49.27,2,459.45,5904.32,0,0
2024-02-16 15:00:00,SRV-0211,ap-southeast-1,database,Ubuntu,36.86,63.24,47.09,430.14,408.51,60.51,1,258.89,1309.15,0,0
2024-02-16 15:30:00,SRV-0029,sa-east-1,database,Linux,58.73,75.08,11.46,323.22,321.98,60.03,4,523.88,1947.24,0,0
2024-02-16 16:00:00,SRV-0259,eu-central-1,compute,Linux,47.12,58.16,22.36,13.14,5.72,62.72,3,319.53,7700.98,0,0
2024-02-16 16:30:00,SRV-0039,eu-central-1,web,Windows Server,56.69,44.84,17.52,109.05,76.31,70.23,5,349.04,5907.38,0,0
2024-02-16 17:00:00,SRV-0260,sa-east-1,database,Windows Server,84.53,73.52,25.96,38.25,17.56,71.53,4,393.2,4371.03,0,0
2024-02-16 17:30:00,SRV-0165,us-east-1,web,RHEL,13.72,71.78,90.2,79.34,71.08,49.17,2,106.48,1848.22,0,0
2024-02-16 18:00:00,SRV-0095,eu-central-1,storage,Ubuntu,77.34,77.5,1.43,314.15,138.9,69.73,5,355.37,2991.41,0,0
2024-02-16 18:30:00,SRV-0220,ap-southeast-1,web,CentOS,47.09,59.76,21.33,112.46,125.25,63.46,2,220.39,5031.56,0,0
2024-02-16 19:00:00,SRV-0268,sa-east-1,storage,CentOS,27.02,49.2,49.7,61.02,30.97,42.95,4,793.52,1361.38,0,0
2024-02-16 19:30:00,SRV-0118,ap-southeast-1,compute,Ubuntu,18.39,31.94,16.41,34.96,19.66,39.13,2,136.24,4220.6,0,0
2024-02-16 20:00:00,SRV-0066,us-east-1,storage,RHEL,41.22,74.75,2.04,241.66,257.56,54.53,3,199.88,3583.21,0,0
2024-02-16 20:30:00,SRV-0193,eu-central-1,storage,Windows Server,63.43,67.63,20.56,146.93,104.71,60.93,3,338.08,4176.3,0,0
2024-02-16 21:00:00,SRV-0035,ap-southeast-1,cache,Linux,42.45,42.62,10.09,94.69,30.45,54.4,3,248.88,925.61,0,0
2024-02-16 21:30:00,SRV-0175,sa-east-1,compute,RHEL,75.22,50.31,4.21,36.79,27.41,68.99,3,277.83,933.81,0,0
2024-02-16 22:00:00,SRV-0112,us-east-1,database,RHEL,15.98,51.6,47.27,61.03,22.95,49.99,0,111.8,8445.65,0,0
2024-02-16 22:30:00,SRV-0290,eu-central-1,compute,Ubuntu,44.76,33.31,18.43,482.25,572.33,55.86,2,350.9,8579.28,0,0
2024-02-16 23:00:00,SRV-0080,eu-central-1,cache,Windows Server,19.95,45.28,67.68,110.12,91.33,43.86,0,175.96,3733.78,0,0
2024-02-16 23:30:00,SRV-0111,us-east-1,storage,CentOS,52.27,39.59,41.0,76.8,40.77,59.15,3,222.6,6911.81,0,0
2024-02-17 00:00:00,SRV-0092,us-east-1,compute,CentOS,94.87,95.3,29.52,110.54,89.24,82.1,6,397.2,5745.08,0,1
2024-02-17 00:30:00,SRV-0186,us-east-1,cache,CentOS,36.58,46.7,0.13,226.43,83.59,49.96,2,188.94,1025.07,0,0
2024-02-17 01:00:00,SRV-0041,ap-southeast-1,database,RHEL,0.0,30.71,13.96,62.35,63.59,31.93,0,75.31,2599.61,0,0
2024-02-17 01:30:00,SRV-0087,us-west-2,storage,Linux,48.98,96.41,5.5,29.53,33.45,59.94,4,513.29,2748.27,0,0
2024-02-17 02:00:00,SRV-0224,eu-central-1,compute,Windows Server,53.73,82.55,60.42,131.9,143.37,58.65,3,256.15,5219.39,0,0
2024-02-17 02:30:00,SRV-0051,ap-southeast-1,compute,Linux,53.09,45.98,4.8,164.14,99.73,66.07,5,214.01,5081.02,0,0
2024-02-17 03:00:00,SRV-0126,sa-east-1,storage,CentOS,69.72,64.9,8.42,187.09,110.98,60.65,3,610.9,8090.01,0,0
2024-02-17 03:30:00,SRV-0146,eu-central-1,compute,Linux,23.58,67.51,18.19,320.54,106.29,46.72,1,279.13,6920.93,0,0
2024-02-17 04:00:00,SRV-0041,us-west-2,storage,RHEL,58.6,81.44,7.64,69.59,61.67,72.51,2,255.17,7506.13,0,0
2024-02-17 04:30:00,SRV-0024,sa-east-1,cache,Ubuntu,68.85,45.27,5.89,11.75,9.18,62.84,3,309.13,7807.27,0,0
2024-02-17 05:00:00,SRV-0284,eu-central-1,storage,Linux,9.43,79.66,22.85,476.76,340.13,42.59,0,276.54,7019.38,0,0
2024-02-17 05:30:00,SRV-0036,us-west-2,database,Linux,51.39,50.14,2.33,85.64,95.65,54.48,4,248.4,2916.71,0,0
2024-02-17 06:00:00,SRV-0277,us-east-1,storage,Linux,34.92,35.95,1.5,146.43,66.05,47.22,2,238.54,1884.3,0,0
2024-02-17 06:30:00,SRV-0184,us-west-2,compute,CentOS,43.37,73.03,11.64,164.63,50.82,65.08,2,256.65,5009.11,0,0
2024-02-17 07:00:00,SRV-0154,eu-central-1,storage,Linux,51.95,83.23,31.88,118.62,43.41,61.64,3,257.16,6040.93,0,0
2024-02-17 07:30:00,SRV-0182,us-west-2,storage,Windows Server,35.26,100.0,20.23,34.46,17.27,54.77,3,257.79,3386.95,0,0
2024-02-17 08:00:00,SRV-0300,eu-central-1,storage,RHEL,31.49,38.4,13.74,211.06,69.64,44.11,2,208.57,7431.6,0,0
2024-02-17 08:30:00,SRV-0154,eu-central-1,database,Windows Server,45.68,72.58,20.85,244.26,183.82,60.07,3,189.2,8414.6,0,0
2024-02-17 09:00:00,SRV-0150,us-west-2,database,Windows Server,23.26,52.62,11.37,120.77,70.37,55.09,1,288.17,4988.34,0,0
2024-02-17 09:30:00,SRV-0002,us-west-2,compute,CentOS,23.28,74.1,68.78,100.58,46.51,55.06,3,131.86,4000.29,0,0
2024-02-17 10:00:00,SRV-0297,sa-east-1,compute,Linux,58.59,33.53,1.41,18.15,17.69,66.78,3,288.14,7383.85,0,0
2024-02-17 10:30:00,SRV-0054,sa-east-1,storage,RHEL,22.02,37.27,27.97,13.15,6.37,43.16,5,202.8,213.58,0,0
2024-02-17 11:00:00,SRV-0246,ap-southeast-1,web,RHEL,98.9,82.84,55.48,62.23,57.18,93.1,5,468.95,1131.02,0,1
2024-02-17 11:30:00,SRV-0046,eu-central-1,cache,RHEL,54.25,61.42,40.73,55.84,34.31,65.04,2,265.65,7408.12,0,0
2024-02-17 12:00:00,SRV-0075,sa-east-1,storage,Linux,10.48,48.46,5.08,460.75,350.47,35.22,3,214.46,6412.84,0,0
2024-02-17 12:30:00,SRV-0149,ap-southeast-1,cache,RHEL,31.45,71.86,8.77,229.61,261.87,46.97,1,158.43,3645.94,0,0
2024-02-17 13:00:00,SRV-0003,eu-central-1,database,RHEL,68.88,78.48,31.56,161.79,53.98,71.99,3,362.62,7786.45,0,0
2024-02-17 13:30:00,SRV-0009,ap-southeast-1,compute,Ubuntu,25.38,70.79,2.2,109.36,82.05,54.53,2,301.2,3079.42,0,0
2024-02-17 14:00:00,SRV-0002,sa-east-1,web,Ubuntu,35.71,89.14,41.76,27.47,29.37,46.54,2,377.36,5552.85,0,1
2024-02-17 14:30:00,SRV-0238,ap-southeast-1,compute,RHEL,54.24,67.48,31.73,575.65,477.32,65.67,3,299.37,5557.14,0,0
2024-02-17 15:00:00,SRV-0028,us-west-2,database,Windows Server,60.67,38.1,32.7,70.51,38.72,64.74,7,269.53,1615.56,0,0
2024-02-17 15:30:00,SRV-0290,ap-southeast-1,storage,Linux,89.71,94.5,2.64,16.96,11.16,90.66,4,336.97,2496.02,0,1
2024-02-17 16:00:00,SRV-0181,us-east-1,database,Windows Server,33.05,49.11,31.62,102.12,93.16,50.05,2,191.55,8024.3,0,0
2024-02-17 16:30:00,SRV-0266,us-east-1,web,Windows Server,73.45,76.39,28.47,310.72,342.33,72.6,6,347.99,1607.53,0,0
2024-02-17 17:00:00,SRV-0083,ap-southeast-1,storage,Linux,79.78,88.33,44.43,327.44,110.33,76.13,3,311.19,1521.34,0,1
2024-02-17 17:30:00,SRV-0253,us-east-1,storage,Linux,64.58,68.22,1.06,1.65,0.6,64.07,3,548.47,4201.95,0,0
2024-02-17 18:00:00,SRV-0258,ap-southeast-1,web,CentOS,46.71,33.07,0.58,326.12,193.24,58.77,2,417.55,808.56,0,0
2024-02-17 18:30:00,SRV-0048,ap-southeast-1,compute,CentOS,28.83,43.47,11.67,47.51,24.21,48.29,1,139.86,7837.03,0,0
2024-02-17 19:00:00,SRV-0134,ap-southeast-1,storage,CentOS,28.39,83.81,4.03,5.96,3.21,59.61,2,217.72,878.21,0,0
2024-02-17 19:30:00,SRV-0300,us-east-1,compute,RHEL,86.14,86.48,20.43,282.37,140.95,88.96,5,464.14,5401.43,0,0
2024-02-17 20:00:00,SRV-0199,eu-central-1,cache,RHEL,53.37,61.43,62.33,299.12,142.45,56.74,2,238.26,2977.15,0,0
2024-02-17 20:30:00,SRV-0292,ap-southeast-1,web,RHEL,73.03,73.66,12.42,136.04,56.8,65.63,3,343.31,7045.63,0,0
2024-02-17 21:00:00,SRV-0136,ap-southeast-1,cache,CentOS,98.58,95.0,46.6,128.15,146.16,81.09,4,397.83,5167.15,0,1
2024-02-17 21:30:00,SRV-0083,us-west-2,storage,Linux,14.94,65.02,0.01,251.59,108.13,49.74,0,116.7,3402.17,0,0
2024-02-17 22:00:00,SRV-0266,us-west-2,web,RHEL,66.04,56.24,4.61,231.48,112.03,59.74,3,343.5,8618.74,0,0
2024-02-17 22:30:00,SRV-0219,sa-east-1,storage,Linux,25.04,54.37,0.77,331.24,172.79,59.25,3,631.71,581.12,0,0
2024-02-17 23:00:00,SRV-0019,us-east-1,web,CentOS,37.32,75.44,9.94,120.69,137.56,56.47,2,207.42,5061.83,0,0
2024-02-17 23:30:00,SRV-0018,eu-central-1,compute,Linux,50.0,69.96,59.7,514.66,504.44,62.33,3,280.39,8668.63,0,0
2024-02-18 00:00:00,SRV-0179,ap-southeast-1,database,RHEL,90.39,95.82,2.55,833.83,842.78,86.68,4,360.89,6053.05,0,1
2024-02-18 00:30:00,SRV-0023,ap-southeast-1,database,Linux,89.28,97.8,23.31,18.59,7.33,88.11,4,527.34,6480.64,0,1
2024-02-18 01:00:00,SRV-0244,us-east-1,web,CentOS,57.13,57.68,15.01,284.11,299.08,62.11,2,421.36,282.09,0,0
2024-02-18 01:30:00,SRV-0107,sa-east-1,cache,RHEL,41.34,44.67,69.71,103.92,69.35,61.62,5,193.7,188.12,0,0
2024-02-18 02:00:00,SRV-0131,sa-east-1,web,RHEL,88.82,86.04,3.27,73.55,39.46,90.73,5,546.67,317.29,0,0
2024-02-18 02:30:00,SRV-0010,us-west-2,compute,CentOS,62.75,42.38,5.96,142.43,116.53,68.94,5,254.69,8687.51,0,0
2024-02-18 03:00:00,SRV-0199,us-east-1,cache,Windows Server,38.59,55.1,0.75,8.64,8.98,53.27,3,175.79,8580.61,0,0
2024-02-18 03:30:00,SRV-0090,sa-east-1,web,Ubuntu,80.9,82.21,14.23,105.92,106.01,73.34,4,398.54,2930.96,0,0
2024-02-18 04:00:00,SRV-0144,sa-east-1,web,CentOS,49.6,45.51,8.14,307.06,338.08,55.82,4,247.56,2549.71,0,0
2024-02-18 04:30:00,SRV-0295,eu-central-1,storage,Linux,54.95,63.39,50.99,36.02,40.89,68.06,3,290.52,1279.45,0,0
2024-02-18 05:00:00,SRV-0109,us-west-2,compute,Windows Server,58.32,48.18,23.22,83.37,42.88,59.16,3,330.67,2883.94,0,0
2024-02-18 05:30:00,SRV-0204,us-west-2,compute,CentOS,53.43,55.31,23.8,420.72,286.71,59.75,3,215.72,3243.14,0,0
2024-02-18 06:00:00,SRV-0044,us-west-2,database,Ubuntu,61.78,32.82,18.98,83.94,26.29,63.14,4,270.0,6555.21,0,0
2024-02-18 06:30:00,SRV-0008,sa-east-1,storage,RHEL,32.65,56.03,2.41,66.56,72.64,51.29,3,209.75,7588.87,0,0
2024-02-18 07:00:00,SRV-0153,ap-southeast-1,cache,Ubuntu,33.83,56.51,14.72,87.12,38.25,57.15,3,182.51,6541.65,0,0
2024-02-18 07:30:00,SRV-0017,sa-east-1,database,Ubuntu,23.0,69.73,100.0,109.92,118.2,47.62,2,124.01,5663.48,0,0
2024-02-18 08:00:00,SRV-0237,sa-east-1,compute,CentOS,90.19,96.29,45.08,149.95,89.44,83.32,4,329.65,6709.52,0,1
2024-02-18 08:30:00,SRV-0056,us-east-1,web,RHEL,60.58,38.43,55.98,241.94,152.74,60.14,5,393.56,6469.5,0,0
2024-02-18 09:00:00,SRV-0044,us-west-2,storage,RHEL,54.16,79.52,43.32,90.25,30.25,62.51,2,454.81,4168.09,0,0
2024-02-18 09:30:00,SRV-0241,us-west-2,compute,Ubuntu,78.49,63.79,2.72,255.14,151.6,67.52,5,301.98,2942.72,0,0
2024-02-18 10:00:00,SRV-0039,eu-central-1,compute,CentOS,44.89,63.57,6.45,114.45,125.84,60.06,3,213.33,2477.88,0,0
2024-02-18 10:30:00,SRV-0130,us-west-2,storage,RHEL,58.37,59.83,0.08,61.98,20.02,63.27,2,330.75,5951.47,0,0
2024-02-18 11:00:00,SRV-0098,sa-east-1,compute,RHEL,23.17,50.68,9.04,160.92,107.12,48.49,2,428.0,8403.54,0,0
2024-02-18 11:30:00,SRV-0281,us-east-1,database,Linux,37.26,63.92,2.87,189.73,62.28,60.85,1,197.38,5090.46,0,0
2024-02-18 12:00:00,SRV-0080,eu-central-1,storage,Ubuntu,58.91,68.56,16.0,122.48,77.63,60.29,3,419.98,7993.82,0,0
2024-02-18 12:30:00,SRV-0288,sa-east-1,compute,Windows Server,61.98,28.56,28.26,8.74,3.98,67.73,4,306.47,125.64,0,0
2024-02-18 13:00:00,SRV-0234,sa-east-1,compute,Ubuntu,39.12,50.3,51.89,27.93,14.72,51.8,2,481.0,6959.77,0,0
2024-02-18 13:30:00,SRV-0169,eu-central-1,storage,CentOS,43.57,55.41,34.58,50.38,54.91,57.99,3,195.35,7477.71,0,0
2024-02-18 14:00:00,SRV-0079,sa-east-1,web,RHEL,14.64,64.61,69.75,49.82,34.5,39.88,0,457.64,5527.88,0,0
2024-02-18 14:30:00,SRV-0071,sa-east-1,cache,RHEL,37.86,81.48,1.39,167.86,91.72,51.83,1,221.74,8182.44,0,0
2024-02-18 15:00:00,SRV-0263,us-east-1,storage,Linux,62.81,46.11,0.31,2.78,2.31,64.71,4,544.05,5168.05,0,0
2024-02-18 15:30:00,SRV-0200,us-east-1,web,RHEL,56.5,51.04,27.07,211.39,90.45,71.67,3,280.89,2107.86,0,0
2024-02-18 16:00:00,SRV-0211,us-east-1,compute,RHEL,55.01,50.77,8.54,46.25,24.67,62.51,4,290.56,1890.47,0,0
2024-02-18 16:30:00,SRV-0018,us-west-2,database,Windows Server,46.0,45.57,7.31,55.66,44.07,66.67,5,351.35,4869.57,0,0
2024-02-18 17:00:00,SRV-0273,eu-central-1,compute,Ubuntu,45.14,53.75,10.05,112.59,57.84,59.16,4,313.66,7940.89,0,0
2024-02-18 17:30:00,SRV-0210,us-east-1,compute,RHEL,31.79,73.87,7.86,36.49,33.25,50.78,1,242.03,634.87,0,0
2024-02-18 18:00:00,SRV-0117,sa-east-1,web,CentOS,58.98,41.03,17.91,323.74,240.32,71.29,4,280.88,5294.86,0,0
2024-02-18 18:30:00,SRV-0104,us-west-2,storage,Windows Server,53.42,67.7,14.5,13.39,13.32,63.55,3,367.49,6743.71,0,0
2024-02-18 19:00:00,SRV-0077,eu-central-1,cache,Windows Server,54.84,29.37,17.96,88.15,101.68,58.72,2,510.61,1011.81,0,0
2024-02-18 19:30:00,SRV-0011,us-east-1,cache,Linux,34.48,49.9,27.92,283.99,114.8,56.14,2,154.42,1023.79,0,0
2024-02-18 20:00:00,SRV-0051,us-east-1,storage,CentOS,1.93,54.07,12.24,143.51,86.28,39.31,2,144.44,3207.92,0,0
2024-02-18 20:30:00,SRV-0007,eu-central-1,storage,Windows Server,66.94,90.15,7.24,51.87,30.48,56.83,3,451.81,2399.93,0,0
2024-02-18 21:00:00,SRV-0037,us-east-1,database,Ubuntu,35.42,55.05,4.54,81.91,35.72,58.85,2,262.15,1738.03,0,0
2024-02-18 21:30:00,SRV-0261,eu-central-1,storage,CentOS,90.36,84.49,10.75,183.98,189.37,94.54,5,482.44,1741.36,0,1
2024-02-18 22:00:00,SRV-0062,eu-central-1,database,Ubuntu,58.87,24.02,33.85,543.24,534.49,72.74,2,452.05,1145.53,0,0
2024-02-18 22:30:00,SRV-0200,sa-east-1,storage,Linux,37.16,60.61,35.34,335.43,246.87,56.97,2,300.49,5351.47,0,0
2024-02-18 23:00:00,SRV-0090,eu-central-1,database,Linux,66.2,71.05,27.48,62.88,49.3,65.24,3,374.83,6028.29,0,0
2024-02-18 23:30:00,SRV-0079,ap-southeast-1,storage,RHEL,57.34,66.76,6.67,947.82,335.14,67.11,2,556.54,6158.02,0,0
2024-02-19 00:00:00,SRV-0055,us-east-1,storage,Ubuntu,58.67,63.02,22.17,0.53,0.42,67.72,3,425.29,4663.89,0,0
2024-02-19 00:30:00,SRV-0221,sa-east-1,cache,Ubuntu,17.68,80.92,21.14,4.2,4.25,55.26,2,271.99,8347.51,0,0
2024-02-19 01:00:00,SRV-0092,us-west-2,compute,Linux,69.24,50.29,16.55,260.45,212.65,67.47,4,266.75,7713.59,0,0
2024-02-19 01:30:00,SRV-0074,ap-southeast-1,compute,Ubuntu,50.23,76.11,19.96,33.37,17.98,59.26,3,227.99,8388.89,0,0
2024-02-19 02:00:00,SRV-0056,eu-central-1,database,CentOS,37.61,30.62,16.92,9.4,8.47,51.47,1,244.21,3406.46,0,0
2024-02-19 02:30:00,SRV-0232,us-west-2,web,RHEL,47.87,43.71,20.84,40.6,25.39,61.83,2,317.24,7689.5,0,0
2024-02-19 03:00:00,SRV-0179,us-west-2,cache,RHEL,9.48,27.47,31.43,83.3,65.84,36.05,4,114.55,6683.02,0,0
2024-02-19 03:30:00,SRV-0061,us-west-2,storage,CentOS,53.17,55.05,2.9,196.71,145.33,65.15,3,219.32,2978.82,0,0
2024-02-19 04:00:00,SRV-0117,us-west-2,cache,Windows Server,24.41,59.17,34.62,146.86,94.44,52.7,2,160.5,934.65,0,0
2024-02-19 04:30:00,SRV-0078,sa-east-1,web,Ubuntu,17.95,62.05,3.65,40.7,38.54,50.1,2,251.26,5980.08,0,0
2024-02-19 05:00:00,SRV-0236,sa-east-1,cache,Windows Server,14.55,61.11,1.72,104.96,114.98,46.51,2,303.54,1196.19,0,0
2024-02-19 05:30:00,SRV-0033,us-west-2,web,Windows Server,67.25,43.3,93.33,390.99,119.13,74.57,3,495.84,2574.18,0,0
2024-02-19 06:00:00,SRV-0055,ap-southeast-1,web,Ubuntu,32.41,56.58,78.66,253.12,288.62,57.33,1,194.87,4383.69,0,0
2024-02-19 06:30:00,SRV-0243,us-east-1,web,Linux,75.67,33.05,1.56,58.55,44.52,67.23,3,323.63,5956.09,0,0
2024-02-19 07:00:00,SRV-0274,us-east-1,web,Ubuntu,34.28,84.54,14.64,604.83,562.89,50.77,4,205.06,8113.83,0,0
2024-02-19 07:30:00,SRV-0074,sa-east-1,web,Linux,10.85,54.53,5.15,184.97,197.93,39.94,0,129.69,5197.19,0,0
2024-02-19 08:00:00,SRV-0021,ap-southeast-1,storage,CentOS,22.67,51.2,16.61,9.67,6.97,51.82,2,227.73,5881.91,0,0
2024-02-19 08:30:00,SRV-0201,ap-southeast-1,cache,Linux,69.72,88.6,44.32,5.37,5.65,62.89,5,303.52,2716.41,0,0
2024-02-19 09:00:00,SRV-0154,eu-central-1,compute,Windows Server,41.88,37.64,75.2,27.66,12.72,62.17,3,177.7,6021.0,0,0
2024-02-19 09:30:00,SRV-0254,sa-east-1,compute,Windows Server,34.03,39.74,25.15,195.21,86.53,60.23,2,209.91,3835.6,0,0
2024-02-19 10:00:00,SRV-0207,ap-southeast-1,storage,Windows Server,48.2,40.27,10.92,30.45,27.16,54.89,4,219.98,7506.86,0,0
2024-02-19 10:30:00,SRV-0149,ap-southeast-1,database,Linux,55.04,58.78,23.12,107.46,116.39,61.09,2,218.03,3438.47,0,0
2024-02-19 11:00:00,SRV-0183,us-east-1,web,Windows Server,67.35,67.77,9.35,14.68,16.2,67.02,3,315.69,4102.59,0,0
2024-02-19 11:30:00,SRV-0297,ap-southeast-1,cache,RHEL,73.97,73.31,60.15,380.53,334.63,74.01,3,294.97,3790.04,0,0
2024-02-19 12:00:00,SRV-0261,ap-southeast-1,web,Ubuntu,37.8,100.0,51.08,63.23,48.87,63.17,2,223.7,7105.62,0,0
2024-02-19 12:30:00,SRV-0044,us-west-2,web,Windows Server,18.48,19.51,20.42,358.11,214.24,38.96,1,137.98,8354.45,0,0
2024-02-19 13:00:00,SRV-0144,us-east-1,compute,Linux,36.73,70.96,9.82,434.72,513.84,53.1,3,252.75,2867.61,0,0
2024-02-19 13:30:00,SRV-0244,us-east-1,web,Windows Server,50.21,49.97,8.68,0.92,0.54,58.75,4,670.32,4161.77,0,0
2024-02-19 14:00:00,SRV-0005,us-west-2,cache,Linux,25.72,49.44,0.85,93.58,90.75,43.29,2,206.41,6184.21,0,0
2024-02-19 14:30:00,SRV-0062,us-east-1,cache,Ubuntu,25.86,48.84,42.3,3.74,2.92,47.92,1,231.67,7843.65,0,0
2024-02-19 15:00:00,SRV-0026,eu-central-1,compute,Linux,51.88,43.64,14.96,359.03,304.33,62.89,3,457.3,4325.32,0,0
2024-02-19 15:30:00,SRV-0184,eu-central-1,storage,Ubuntu,44.03,90.32,9.83,109.6,71.69,56.22,3,228.92,954.8,0,0
2024-02-19 16:00:00,SRV-0036,sa-east-1,compute,Windows Server,45.66,75.16,15.92,11.69,13.65,50.54,2,205.19,3230.19,0,0
2024-02-19 16:30:00,SRV-0030,us-east-1,compute,RHEL,29.83,60.42,42.7,17.53,14.28,66.3,2,172.73,4821.62,0,0
2024-02-19 17:00:00,SRV-0069,us-east-1,web,Windows Server,40.39,84.32,3.33,72.56,83.01,57.49,3,222.73,3658.1,0,0
2024-02-19 17:30:00,SRV-0232,eu-central-1,database,Ubuntu,26.52,32.77,48.74,422.6,129.67,51.16,4,233.11,1635.04,0,0
2024-02-19 18:00:00,SRV-0176,sa-east-1,storage,CentOS,62.8,36.05,56.95,177.09,144.4,59.63,4,238.87,324.99,0,0
2024-02-19 18:30:00,SRV-0278,sa-east-1,storage,CentOS,99.76,82.27,73.3,303.31,286.77,83.91,4,541.29,6022.01,0,0
2024-02-19 19:00:00,SRV-0033,eu-central-1,storage,CentOS,8.08,47.41,12.67,68.46,66.45,42.41,0,82.14,8696.39,0,0
2024-02-19 19:30:00,SRV-0069,eu-central-1,web,Windows Server,26.41,62.91,6.12,6.63,7.38,41.12,2,360.15,8052.33,0,0
2024-02-19 20:00:00,SRV-0255,us-west-2,compute,Linux,15.07,61.85,11.7,549.29,166.96,40.68,1,393.66,5985.77,0,0
2024-02-19 20:30:00,SRV-0050,sa-east-1,web,RHEL,32.0,62.69,10.12,2.6,0.78,56.77,2,607.55,7371.96,0,0
2024-02-19 21:00:00,SRV-0023,sa-east-1,cache,RHEL,43.33,34.6,4.84,442.48,320.81,67.05,3,345.81,2240.92,0,0
2024-02-19 21:30:00,SRV-0254,us-west-2,database,Windows Server,16.01,74.46,23.37,68.99,22.52,48.24,3,113.32,5452.9,0,0
2024-02-19 22:00:00,SRV-0164,eu-central-1,database,Ubuntu,26.56,64.31,16.19,1.52,1.79,56.14,1,252.16,531.83,0,0
2024-02-19 22:30:00,SRV-0273,us-west-2,web,Windows Server,24.92,73.19,50.19,175.27,87.61,49.19,2,147.49,6195.22,0,0
2024-02-19 23:00:00,SRV-0181,us-west-2,compute,CentOS,49.15,25.93,0.82,590.91,428.65,59.23,2,424.86,8496.11,0,0
2024-02-19 23:30:00,SRV-0250,ap-southeast-1,storage,Ubuntu,46.39,65.61,25.81,505.57,179.49,64.01,3,227.23,7540.72,0,0
2024-02-20 00:00:00,SRV-0237,sa-east-1,cache,RHEL,30.57,38.62,35.99,26.32,20.26,60.54,1,181.27,4682.17,0,0
2024-02-20 00:30:00,SRV-0232,eu-central-1,cache,Windows Server,48.54,52.85,35.62,30.0,19.26,65.92,3,445.29,6909.58,0,0
2024-02-20 01:00:00,SRV-0122,ap-southeast-1,database,Linux,34.07,69.62,54.31,125.05,42.54,48.29,1,153.53,8268.61,0,0
2024-02-20 01:30:00,SRV-0242,ap-southeast-1,compute,Linux,97.75,80.07,32.64,152.13,91.52,87.48,5,364.8,1893.1,0,1
2024-02-20 02:00:00,SRV-0134,ap-southeast-1,storage,RHEL,78.47,44.67,65.71,201.73,131.58,72.78,4,340.21,6949.15,0,0
2024-02-20 02:30:00,SRV-0071,eu-central-1,database,Ubuntu,71.81,60.11,10.11,29.96,35.68,67.43,4,386.07,2364.59,0,0
2024-02-20 03:00:00,SRV-0279,us-west-2,compute,CentOS,91.29,95.93,17.49,479.15,233.39,94.03,5,428.16,7682.18,0,1
2024-02-20 03:30:00,SRV-0219,eu-central-1,storage,Linux,61.59,80.7,0.35,152.72,120.7,68.74,3,345.47,862.49,0,0
2024-02-20 04:00:00,SRV-0185,sa-east-1,web,Linux,61.23,56.3,0.17,281.64,334.76,69.51,4,445.73,1562.02,0,0
2024-02-20 04:30:00,SRV-0217,sa-east-1,compute,Windows Server,22.03,80.13,6.87,116.5,117.99,57.24,3,129.0,6312.88,0,0
2024-02-20 05:00:00,SRV-0281,us-west-2,cache,RHEL,61.38,50.52,2.66,80.24,95.8,62.9,4,307.97,1531.88,0,0
2024-02-20 05:30:00,SRV-0281,eu-central-1,compute,Linux,75.76,50.58,7.53,567.04,664.27,63.48,6,406.55,1385.4,0,0
2024-02-20 06:00:00,SRV-0125,us-west-2,compute,Windows Server,22.55,46.24,4.87,130.88,96.93,50.81,3,218.74,4866.33,0,0
2024-02-20 06:30:00,SRV-0179,us-west-2,compute,Ubuntu,26.65,75.77,0.72,302.47,280.31,60.08,2,189.43,7314.65,0,0
2024-02-20 07:00:00,SRV-0035,eu-central-1,storage,Linux,65.35,47.23,60.01,459.58,183.55,63.76,3,247.79,2352.51,0,0
2024-02-20 07:30:00,SRV-0070,sa-east-1,storage,RHEL,50.43,71.6,0.21,168.75,117.63,63.61,3,207.53,7368.53,0,0
2024-02-20 08:00:00,SRV-0178,eu-central-1,web,Windows Server,56.03,53.12,33.3,119.42,122.78,65.89,3,230.75,7077.86,0,0
2024-02-20 08:30:00,SRV-0049,sa-east-1,web,Ubuntu,51.81,24.43,4.13,0.53,0.4,61.68,2,247.48,5073.38,0,0
2024-02-20 09:00:00,SRV-0068,us-east-1,storage,Windows Server,52.81,49.73,60.83,6.13,5.71,61.16,4,220.96,5664.24,0,0
2024-02-20 09:30:00,SRV-0007,us-east-1,storage,CentOS,18.47,38.78,55.83,33.63,32.66,42.77,0,160.94,355.22,0,0
2024-02-20 10:00:00,SRV-0094,us-east-1,database,RHEL,65.95,60.61,26.53,30.87,16.3,54.97,4,267.52,3216.74,0,0
2024-02-20 10:30:00,SRV-0081,ap-southeast-1,compute,RHEL,68.39,38.57,27.89,44.11,47.99,61.8,3,406.21,2308.08,0,0
2024-02-20 11:00:00,SRV-0250,sa-east-1,compute,Linux,40.41,76.67,0.13,54.56,38.95,54.21,2,376.41,1314.88,0,0
2024-02-20 11:30:00,SRV-0038,sa-east-1,cache,Windows Server,44.13,58.36,100.0,66.96,32.75,63.14,2,231.76,3414.03,0,0
2024-02-20 12:00:00,SRV-0045,eu-central-1,storage,Ubuntu,89.36,90.25,52.56,81.85,88.3,87.01,5,389.69,3109.61,0,1
2024-02-20 12:30:00,SRV-0137,sa-east-1,storage,Linux,92.08,82.49,56.37,15.62,10.56,83.79,4,633.07,6385.36,0,1
2024-02-20 13:00:00,SRV-0229,eu-central-1,web,RHEL,56.44,77.35,26.91,6.49,6.33,58.12,3,296.0,5239.73,0,0
2024-02-20 13:30:00,SRV-0183,ap-southeast-1,web,Windows Server,43.76,59.64,10.57,168.1,133.34,60.79,4,712.58,7998.84,0,0
2024-02-20 14:00:00,SRV-0204,eu-central-1,compute,Ubuntu,67.49,46.12,56.03,115.61,74.42,73.79,4,267.79,1274.63,0,0
2024-02-20 14:30:00,SRV-0111,us-east-1,compute,RHEL,38.32,28.07,8.62,88.09,90.63,60.64,2,363.17,524.34,0,0
2024-02-20 15:00:00,SRV-0068,eu-central-1,storage,Ubuntu,56.29,47.65,20.68,150.95,124.69,65.55,3,287.63,4683.63,0,0
2024-02-20 15:30:00,SRV-0038,eu-central-1,compute,Windows Server,24.61,48.89,2.63,263.76,171.84,42.46,1,126.12,10.0,0,0
2024-02-20 16:00:00,SRV-0198,eu-central-1,storage,Ubuntu,44.53,61.93,63.76,83.71,33.37,56.05,2,541.94,6900.63,0,0
2024-02-20 16:30:00,SRV-0092,sa-east-1,cache,Linux,41.51,53.79,3.79,153.71,169.99,66.34,3,509.92,4432.82,0,0
2024-02-20 17:00:00,SRV-0264,us-west-2,cache,Linux,49.51,72.38,6.37,460.48,152.84,65.41,2,246.85,4275.97,0,0
2024-02-20 17:30:00,SRV-0243,us-west-2,database,Windows Server,37.61,48.97,20.42,274.54,295.64,47.36,3,471.05,3176.1,0,0
2024-02-20 18:00:00,SRV-0116,us-west-2,web,RHEL,42.37,58.97,36.11,83.27,51.96,56.67,2,192.31,3285.4,0,0
2024-02-20 18:30:00,SRV-0095,sa-east-1,database,CentOS,61.52,81.31,24.15,155.23,135.89,66.42,4,348.54,3777.3,0,0
2024-02-20 19:00:00,SRV-0213,us-east-1,cache,CentOS,36.26,66.15,6.6,29.23,33.03,50.7,4,180.1,141.43,0,0
2024-02-20 19:30:00,SRV-0246,us-west-2,compute,CentOS,12.87,58.92,0.02,123.33,53.84,33.6,0,116.93,732.78,0,0
2024-02-20 20:00:00,SRV-0173,us-west-2,web,RHEL,79.99,49.17,35.38,597.11,483.81,72.49,3,441.09,4424.72,0,0
2024-02-20 20:30:00,SRV-0285,ap-southeast-1,web,Linux,72.63,48.6,100.0,109.57,108.25,65.11,5,315.27,1315.92,0,0
2024-02-20 21:00:00,SRV-0079,ap-southeast-1,database,Linux,19.15,44.69,41.51,393.91,386.75,43.74,2,108.18,6822.18,0,0
2024-02-20 21:30:00,SRV-0280,us-east-1,web,Linux,58.79,50.26,15.41,78.47,60.66,61.74,2,279.87,2405.22,0,0
2024-02-20 22:00:00,SRV-0149,eu-central-1,cache,Windows Server,34.94,73.6,58.52,1000.0,862.27,53.31,1,180.71,858.5,0,0
2024-02-20 22:30:00,SRV-0279,eu-central-1,compute,Linux,50.27,56.01,13.18,129.85,127.48,60.06,4,315.8,2061.2,0,0
2024-02-20 23:00:00,SRV-0226,ap-southeast-1,database,Linux,50.88,35.7,18.61,6.48,6.85,55.93,2,224.28,3128.82,0,0
2024-02-20 23:30:00,SRV-0118,ap-southeast-1,compute,Linux,40.31,91.83,16.21,132.56,130.65,55.02,2,355.61,310.34,0,1
2024-02-21 00:00:00,SRV-0073,us-east-1,database,CentOS,29.32,65.76,14.84,48.15,29.79,42.94,2,169.05,1241.94,0,0
2024-02-21 00:30:00,SRV-0006,us-east-1,storage,Ubuntu,31.19,34.68,37.31,4.95,5.93,54.03,2,193.49,2837.57,0,0
2024-02-21 01:00:00,SRV-0022,sa-east-1,web,Linux,26.68,52.05,18.7,257.93,178.24,36.39,2,165.42,2720.5,0,0
2024-02-21 01:30:00,SRV-0179,eu-central-1,storage,Ubuntu,28.36,62.0,9.52,48.39,15.58,49.9,3,238.35,7011.59,0,0
2024-02-21 02:00:00,SRV-0196,sa-east-1,web,Linux,43.66,90.68,7.47,238.85,149.6,62.06,3,191.63,7387.07,0,0
2024-02-21 02:30:00,SRV-0109,us-west-2,storage,CentOS,30.68,40.05,0.96,51.0,21.16,46.98,2,207.08,1695.15,0,0
2024-02-21 03:00:00,SRV-0185,us-east-1,compute,CentOS,58.64,77.57,21.88,32.41,13.27,67.04,4,266.64,1086.59,0,0
2024-02-21 03:30:00,SRV-0055,eu-central-1,cache,Ubuntu,74.74,85.19,6.53,547.08,302.74,75.68,4,489.77,5555.63,0,0
2024-02-21 04:00:00,SRV-0229,eu-central-1,database,CentOS,33.4,48.68,4.01,67.33,23.43,36.82,2,157.82,7048.7,0,0
2024-02-21 04:30:00,SRV-0019,sa-east-1,web,Windows Server,49.79,55.0,26.52,137.96,126.88,59.16,3,376.38,8442.25,0,0
2024-02-21 05:00:00,SRV-0216,ap-southeast-1,database,RHEL,54.99,41.35,28.58,141.23,51.78,47.62,2,233.33,60.53,0,0
2024-02-21 05:30:00,SRV-0048,ap-southeast-1,cache,RHEL,54.44,56.34,34.87,123.31,59.55,61.18,2,222.6,3624.41,0,0
2024-02-21 06:00:00,SRV-0160,us-east-1,storage,Linux,92.76,94.09,17.51,369.23,141.64,94.49,5,350.89,6430.0,0,1
2024-02-21 06:30:00,SRV-0273,ap-southeast-1,compute,CentOS,59.85,71.87,56.12,168.33,60.07,51.53,2,240.39,7258.35,0,0
2024-02-21 07:00:00,SRV-0096,us-west-2,database,RHEL,54.64,79.62,68.86,77.56,41.96,71.48,2,287.54,546.56,0,0
2024-02-21 07:30:00,SRV-0030,eu-central-1,storage,Ubuntu,20.25,46.53,41.17,297.49,242.37,49.53,1,554.83,5962.5,0,0
2024-02-21 08:00:00,SRV-0121,ap-southeast-1,web,Ubuntu,62.38,24.59,25.24,29.96,35.0,60.71,3,240.64,2531.81,0,0
2024-02-21 08:30:00,SRV-0190,us-east-1,database,Ubuntu,62.75,59.62,9.05,117.87,128.24,72.43,4,300.07,654.39,0,0
2024-02-21 09:00:00,SRV-0152,us-west-2,database,Linux,29.73,65.28,100.0,451.02,490.86,42.92,2,187.99,4285.05,0,0
2024-02-21 09:30:00,SRV-0255,sa-east-1,web,RHEL,45.76,64.49,8.01,147.28,67.52,52.16,3,228.77,1386.27,0,0
2024-02-21 10:00:00,SRV-0191,sa-east-1,cache,RHEL,58.67,54.12,5.66,254.71,137.14,51.97,2,266.33,6456.45,0,0
2024-02-21 10:30:00,SRV-0142,us-west-2,storage,RHEL,40.81,62.25,14.59,159.01,58.63,65.33,3,397.83,6493.71,0,0
2024-02-21 11:00:00,SRV-0246,us-east-1,database,Ubuntu,66.46,87.28,1.46,274.3,274.47,68.25,3,251.29,7376.67,0,0
2024-02-21 11:30:00,SRV-0034,sa-east-1,storage,Ubuntu,92.28,66.87,95.99,433.67,157.35,80.21,5,475.96,3308.12,0,1
2024-02-21 12:00:00,SRV-0187,eu-central-1,compute,Linux,29.28,53.28,22.19,47.81,38.3,53.22,2,167.0,117.58,0,0
2024-02-21 12:30:00,SRV-0086,eu-central-1,storage,Windows Server,17.38,51.0,20.35,27.89,14.59,49.82,0,150.47,2276.03,0,0
2024-02-21 13:00:00,SRV-0161,us-east-1,storage,RHEL,51.08,56.94,26.66,99.24,51.52,60.82,2,257.73,4098.56,0,0
2024-02-21 13:30:00,SRV-0118,us-east-1,web,Linux,59.43,89.46,17.18,181.53,216.32,65.13,3,264.64,6079.84,0,1
2024-02-21 14:00:00,SRV-0111,eu-central-1,storage,Ubuntu,40.38,56.7,0.81,38.66,37.93,56.69,2,180.97,3347.29,0,0
2024-02-21 14:30:00,SRV-0058,us-east-1,cache,Windows Server,74.07,59.64,23.69,0.62,0.65,66.58,4,284.34,4696.25,0,0
2024-02-21 15:00:00,SRV-0018,us-west-2,storage,CentOS,18.23,51.32,31.48,63.0,51.33,47.06,1,140.08,4593.02,0,0
2024-02-21 15:30:00,SRV-0140,us-east-1,compute,Windows Server,58.86,79.78,13.48,520.39,564.05,64.91,3,399.07,1446.08,0,0
2024-02-21 16:00:00,SRV-0194,eu-central-1,storage,Linux,32.88,95.28,35.4,178.1,156.9,53.71,2,163.11,5458.29,0,1
2024-02-21 16:30:00,SRV-0130,ap-southeast-1,web,Windows Server,79.39,68.11,6.44,76.96,88.62,64.37,4,423.89,3848.41,0,0
2024-02-21 17:00:00,SRV-0212,us-east-1,compute,Ubuntu,84.85,61.49,6.25,32.09,17.75,67.22,6,338.64,7077.56,0,1
2024-02-21 17:30:00,SRV-0284,sa-east-1,web,Windows Server,90.35,89.01,4.4,66.03,55.19,90.05,5,536.0,6050.06,0,1
2024-02-21 18:00:00,SRV-0120,us-west-2,cache,Ubuntu,34.01,17.08,11.63,27.92,25.72,52.07,1,207.95,977.36,0,0
2024-02-21 18:30:00,SRV-0042,us-west-2,cache,Windows Server,62.19,73.41,46.93,16.86,11.02,67.8,3,255.42,4282.03,0,0
2024-02-21 19:00:00,SRV-0003,us-west-2,web,Linux,37.26,62.41,43.99,355.86,388.5,49.44,3,587.54,6154.15,0,0
2024-02-21 19:30:00,SRV-0229,sa-east-1,cache,CentOS,90.76,88.0,12.07,908.02,1073.12,81.5,4,341.71,763.14,0,0
2024-02-21 20:00:00,SRV-0229,sa-east-1,web,RHEL,45.51,47.19,22.24,26.89,20.02,53.99,2,270.37,6942.48,0,0
2024-02-21 20:30:00,SRV-0141,us-west-2,database,Windows Server,6.61,53.08,31.9,8.41,5.48,41.53,1,154.05,1945.54,0,0
2024-02-21 21:00:00,SRV-0057,us-west-2,storage,CentOS,44.72,52.6,6.9,60.01,43.49,54.56,3,230.82,4407.52,0,0
2024-02-21 21:30:00,SRV-0216,us-west-2,database,Windows Server,31.21,78.39,4.6,92.89,99.16,58.95,1,446.21,8239.38,0,0
2024-02-21 22:00:00,SRV-0131,us-east-1,cache,CentOS,35.14,53.18,89.47,34.38,30.28,54.95,1,341.12,5005.32,0,0
2024-02-21 22:30:00,SRV-0114,sa-east-1,web,Ubuntu,73.87,97.49,24.03,53.81,18.31,78.79,4,448.71,3715.29,0,0
2024-02-21 23:00:00,SRV-0191,eu-central-1,web,CentOS,19.87,67.76,99.64,33.63,26.5,49.97,1,475.16,60.52,0,0
2024-02-21 23:30:00,SRV-0243,us-east-1,web,RHEL,61.26,37.04,10.3,223.26,70.45,52.44,4,294.88,1169.57,0,0
2024-02-22 00:00:00,SRV-0294,eu-central-1,web,CentOS,96.42,84.03,30.35,187.02,187.15,82.04,6,349.47,5069.52,0,1
2024-02-22 00:30:00,SRV-0028,us-east-1,storage,RHEL,39.4,48.27,6.3,151.16,90.01,48.21,1,313.23,4326.41,0,0
2024-02-22 01:00:00,SRV-0026,us-east-1,compute,RHEL,60.81,20.5,7.57,73.46,53.25,65.48,4,280.36,3187.78,0,0
2024-02-22 01:30:00,SRV-0084,eu-central-1,database,CentOS,51.8,88.79,17.93,359.6,366.37,56.85,3,226.52,8087.45,0,0
2024-02-22 02:00:00,SRV-0202,us-west-2,cache,RHEL,56.41,72.66,9.63,523.66,178.99,73.28,3,285.26,2913.21,0,0
2024-02-22 02:30:00,SRV-0061,eu-central-1,web,RHEL,64.36,69.6,4.59,28.61,12.66,72.94,3,503.08,4705.9,0,0
2024-02-22 03:00:00,SRV-0185,ap-southeast-1,database,Ubuntu,38.37,62.98,7.63,37.85,24.91,51.64,2,183.92,4982.36,0,0
2024-02-22 03:30:00,SRV-0246,sa-east-1,compute,Linux,32.76,35.12,0.91,111.87,56.71,52.47,1,337.11,4621.1,0,0
2024-02-22 04:00:00,SRV-0001,ap-southeast-1,database,Ubuntu,23.3,51.29,30.47,14.35,8.67,50.54,1,174.05,4184.17,0,0
2024-02-22 04:30:00,SRV-0243,us-east-1,cache,Linux,28.49,75.15,16.94,86.02,103.09,55.71,2,150.19,2953.34,0,0
2024-02-22 05:00:00,SRV-0032,eu-central-1,web,Linux,100.0,41.08,2.47,130.77,136.37,80.15,7,538.64,7960.86,0,1
2024-02-22 05:30:00,SRV-0235,us-west-2,cache,Ubuntu,69.89,14.43,4.71,110.74,121.32,62.83,4,609.08,3949.59,0,0
2024-02-22 06:00:00,SRV-0017,us-west-2,web,RHEL,17.98,55.91,2.7,60.28,68.92,43.6,1,138.36,4629.68,0,0
2024-02-22 06:30:00,SRV-0089,ap-southeast-1,compute,Ubuntu,18.55,57.45,23.71,117.28,71.17,47.4,2,141.83,5751.09,0,0
2024-02-22 07:00:00,SRV-0052,ap-southeast-1,cache,RHEL,54.64,62.44,2.47,478.4,271.43,68.03,2,263.43,593.6,0,0
2024-02-22 07:30:00,SRV-0164,us-east-1,database,Ubuntu,55.95,73.11,35.09,34.6,17.67,64.52,2,386.11,6844.3,0,0
2024-02-22 08:00:00,SRV-0032,sa-east-1,compute,Ubuntu,55.98,71.48,0.52,159.56,167.07,58.52,3,218.98,4490.05,0,0
2024-02-22 08:30:00,SRV-0198,us-east-1,cache,Windows Server,39.9,64.66,7.17,6.65,6.07,59.2,1,195.06,5757.21,0,0
2024-02-22 09:00:00,SRV-0201,us-west-2,web,CentOS,42.49,81.52,55.33,10.31,5.28,55.06,4,299.86,6763.05,0,0
2024-02-22 09:30:00,SRV-0107,eu-central-1,compute,Ubuntu,51.56,32.66,31.69,120.39,76.96,65.08,2,256.7,7657.24,0,0
2024-02-22 10:00:00,SRV-0296,ap-southeast-1,web,CentOS,46.72,69.08,1.89,16.63,12.57,71.32,4,230.25,3436.46,0,0
2024-02-22 10:30:00,SRV-0028,us-west-2,storage,RHEL,0.61,71.28,43.03,3.39,2.63,38.45,0,257.64,7108.31,0,0
2024-02-22 11:00:00,SRV-0287,us-east-1,database,Windows Server,40.4,37.69,16.98,28.22,31.04,60.17,4,420.51,2268.15,0,0
2024-02-22 11:30:00,SRV-0119,sa-east-1,web,Windows Server,27.97,32.95,46.9,124.81,80.19,47.46,2,429.54,5784.88,0,0
2024-02-22 12:00:00,SRV-0031,eu-central-1,cache,Linux,48.5,46.57,22.95,182.28,203.72,58.84,3,227.33,900.61,0,0
2024-02-22 12:30:00,SRV-0154,sa-east-1,storage,CentOS,100.0,48.09,28.63,33.94,23.66,80.15,6,593.63,176.45,0,1
2024-02-22 13:00:00,SRV-0260,us-east-1,compute,Windows Server,52.35,73.56,100.0,165.51,160.83,59.97,3,340.6,839.79,0,0
2024-02-22 13:30:00,SRV-0107,us-east-1,cache,RHEL,38.73,48.94,6.61,30.22,34.37,67.81,4,182.94,2798.47,0,0
2024-02-22 14:00:00,SRV-0251,us-west-2,compute,Linux,63.44,44.59,24.45,142.58,159.23,63.84,3,334.54,273.36,0,0
2024-02-22 14:30:00,SRV-0107,eu-central-1,storage,Windows Server,54.65,48.99,15.42,79.64,27.98,64.8,5,216.63,5523.47,0,0
2024-02-22 15:00:00,SRV-0117,us-east-1,cache,RHEL,53.4,80.14,1.01,159.11,77.19,51.71,2,333.44,2773.61,0,0
2024-02-22 15:30:00,SRV-0245,us-west-2,web,CentOS,57.14,60.23,0.36,796.34,580.7,65.01,2,353.67,6450.92,0,0
2024-02-22 16:00:00,SRV-0079,us-east-1,cache,RHEL,86.13,56.77,3.17,416.65,286.82,80.16,7,464.14,403.17,0,1
2024-02-22 16:30:00,SRV-0229,us-west-2,database,RHEL,22.38,58.02,26.18,0.64,0.56,46.31,1,136.08,1899.09,0,0
2024-02-22 17:00:00,SRV-0023,sa-east-1,web,RHEL,54.47,83.26,20.93,325.0,373.82,49.24,3,312.37,3574.7,0,0
2024-02-22 17:30:00,SRV-0197,us-west-2,database,Ubuntu,26.47,46.51,20.15,10.32,4.14,50.4,2,149.12,3352.65,0,0
2024-02-22 18:00:00,SRV-0188,sa-east-1,cache,Windows Server,56.11,83.68,0.81,458.79,324.21,62.53,3,511.42,1148.42,0,0
2024-02-22 18:30:00,SRV-0217,ap-southeast-1,cache,RHEL,26.63,63.79,15.84,49.66,23.5,54.27,2,242.28,8708.64,0,0
2024-02-22 19:00:00,SRV-0247,us-east-1,compute,Linux,36.65,57.11,64.63,72.2,79.76,64.72,3,169.98,2492.41,0,0
2024-02-22 19:30:00,SRV-0154,ap-southeast-1,cache,Ubuntu,39.1,100.0,12.67,14.42,16.84,53.74,1,188.0,6316.52,0,0
2024-02-22 20:00:00,SRV-0195,eu-central-1,web,RHEL,64.52,41.0,24.52,17.86,13.06,61.53,4,352.45,1928.21,0,0
2024-02-22 20:30:00,SRV-0116,ap-southeast-1,database,RHEL,63.37,53.63,37.83,194.6,76.6,59.51,3,304.86,7690.1,0,0
2024-02-22 21:00:00,SRV-0196,us-west-2,storage,Windows Server,20.09,37.82,38.3,433.25,436.18,49.02,3,243.55,3397.38,0,0
2024-02-22 21:30:00,SRV-0055,us-west-2,database,Ubuntu,46.1,77.14,18.31,141.53,131.26,60.84,2,221.26,7892.0,0,0
2024-02-22 22:00:00,SRV-0175,eu-central-1,compute,RHEL,30.81,90.41,48.79,188.74,116.87,49.6,2,249.7,2995.13,0,0
2024-02-22 22:30:00,SRV-0144,eu-central-1,storage,RHEL,19.83,90.06,12.41,215.3,236.55,51.83,0,128.96,76.71,0,1
2024-02-22 23:00:00,SRV-0217,us-east-1,storage,CentOS,40.66,82.03,54.89,45.74,53.89,58.59,2,250.44,4529.58,0,0
2024-02-22 23:30:00,SRV-0257,us-west-2,cache,Linux,38.83,56.44,6.87,6.94,5.57,55.75,1,483.02,4597.62,0,0
2024-02-23 00:00:00,SRV-0127,eu-central-1,compute,Linux,93.53,53.43,8.22,0.28,0.23,72.9,6,429.55,1050.63,0,1
2024-02-23 00:30:00,SRV-0173,ap-southeast-1,compute,Windows Server,53.66,29.92,1.36,64.77,36.77,59.05,3,216.11,2059.05,0,0
2024-02-23 01:00:00,SRV-0094,us-west-2,cache,Ubuntu,17.45,96.65,39.69,41.45,34.24,34.83,0,551.19,6863.64,0,0
2024-02-23 01:30:00,SRV-0219,eu-central-1,web,RHEL,33.7,68.44,13.49,9.65,6.71,54.66,2,168.18,322.94,0,0
2024-02-23 02:00:00,SRV-0052,us-east-1,cache,Ubuntu,65.43,51.14,6.51,29.68,16.98,66.3,4,372.89,4288.76,0,0
2024-02-23 02:30:00,SRV-0019,sa-east-1,compute,Windows Server,97.86,88.71,6.59,19.94,7.19,81.83,5,419.62,4646.84,0,1
2024-02-23 03:00:00,SRV-0237,us-west-2,storage,CentOS,13.28,42.49,57.92,369.55,194.91,47.83,0,124.71,6033.43,0,0
2024-02-23 03:30:00,SRV-0171,us-west-2,web,Windows Server,7.4,67.32,44.88,22.67,10.84,44.89,0,91.72,329.08,0,0
2024-02-23 04:00:00,SRV-0275,us-west-2,compute,Linux,82.42,56.89,20.16,115.71,91.16,72.42,4,316.82,5130.68,0,0
2024-02-23 04:30:00,SRV-0295,us-west-2,compute,CentOS,52.79,71.5,23.94,134.88,113.5,61.36,2,403.85,28.14,0,0
2024-02-23 05:00:00,SRV-0160,sa-east-1,cache,RHEL,27.63,58.86,16.08,117.62,99.71,44.03,1,339.19,2323.7,0,0
2024-02-23 05:30:00,SRV-0240,sa-east-1,database,Windows Server,55.69,33.88,12.43,15.65,10.16,59.36,7,279.65,4377.73,0,0
2024-02-23 06:00:00,SRV-0065,us-east-1,compute,Ubuntu,0.0,61.36,61.77,57.58,39.11,40.25,2,60.94,7982.91,0,0
2024-02-23 06:30:00,SRV-0217,us-west-2,database,Ubuntu,45.07,78.88,3.36,7.89,8.3,54.35,2,400.76,1109.8,0,0
2024-02-23 07:00:00,SRV-0047,eu-central-1,web,Linux,51.56,59.47,13.55,75.55,55.04,64.92,3,271.42,1483.8,0,0
2024-02-23 07:30:00,SRV-0074,ap-southeast-1,storage,Linux,63.49,73.95,10.56,31.35,37.27,62.1,3,298.22,5862.96,0,0
2024-02-23 08:00:00,SRV-0164,us-west-2,database,Linux,24.72,41.18,17.24,123.7,86.06,50.97,1,176.48,3284.41,0,0
2024-02-23 08:30:00,SRV-0198,sa-east-1,database,Linux,46.71,59.53,15.3,177.04,156.62,59.27,2,235.56,5461.55,0,0
2024-02-23 09:00:00,SRV-0148,us-east-1,database,RHEL,26.49,48.76,18.29,113.93,39.34,54.33,1,204.13,8737.7,0,0
2024-02-23 09:30:00,SRV-0086,us-west-2,database,CentOS,50.11,73.45,3.77,85.44,75.87,64.55,3,293.09,8645.01,0,1
2024-02-23 10:00:00,SRV-0009,us-east-1,database,Linux,27.09,60.57,17.99,73.49,78.36,54.31,1,194.1,3099.18,0,0
2024-02-23 10:30:00,SRV-0253,eu-central-1,web,Windows Server,36.84,72.42,6.94,276.48,317.46,44.21,1,387.48,4414.88,0,0
2024-02-23 11:00:00,SRV-0232,eu-central-1,compute,RHEL,25.08,79.58,5.09,37.15,44.49,56.0,3,163.47,7925.18,0,0
2024-02-23 11:30:00,SRV-0247,eu-central-1,storage,CentOS,58.02,72.45,1.68,198.76,110.11,70.85,2,310.42,808.3,0,0
2024-02-23 12:00:00,SRV-0001,eu-central-1,compute,RHEL,62.17,64.92,35.96,212.5,173.79,62.46,4,272.17,3962.73,0,0
2024-02-23 12:30:00,SRV-0267,ap-southeast-1,web,Ubuntu,40.31,42.03,13.94,81.5,57.51,57.31,2,310.9,3308.2,0,0
2024-02-23 13:00:00,SRV-0105,us-east-1,web,RHEL,45.76,59.95,24.63,52.92,42.73,53.85,2,198.07,2583.88,0,0
2024-02-23 13:30:00,SRV-0234,us-west-2,database,RHEL,88.17,90.3,32.51,95.39,42.13,82.69,5,335.41,8709.23,0,1
2024-02-23 14:00:00,SRV-0257,ap-southeast-1,web,Ubuntu,39.01,53.81,28.43,14.68,15.71,51.91,2,328.57,6426.16,0,0
2024-02-23 14:30:00,SRV-0081,us-west-2,web,Ubuntu,44.0,53.26,15.9,7.05,7.89,54.9,2,202.22,3406.03,0,0
2024-02-23 15:00:00,SRV-0123,sa-east-1,database,Ubuntu,97.42,42.36,12.27,17.75,12.51,77.19,6,440.53,7262.4,0,0
2024-02-23 15:30:00,SRV-0172,ap-southeast-1,web,RHEL,95.12,88.55,11.79,31.08,17.17,85.1,6,686.83,4289.99,0,1
2024-02-23 16:00:00,SRV-0273,ap-southeast-1,web,Ubuntu,74.28,47.97,25.54,105.23,44.91,66.05,4,346.85,7646.07,0,0
2024-02-23 16:30:00,SRV-0247,sa-east-1,web,Linux,64.94,63.48,17.07,283.71,259.7,65.92,3,265.56,2334.22,0,0
2024-02-23 17:00:00,SRV-0194,ap-southeast-1,cache,Windows Server,50.61,35.73,47.28,40.31,23.42,56.39,2,240.51,1959.51,0,0
2024-02-23 17:30:00,SRV-0112,us-east-1,compute,Windows Server,95.0,82.92,51.93,410.38,459.04,86.82,6,508.41,2166.98,0,1
2024-02-23 18:00:00,SRV-0023,eu-central-1,cache,Ubuntu,52.44,94.2,4.68,464.86,420.19,64.39,2,250.66,4717.55,0,0
2024-02-23 18:30:00,SRV-0202,us-west-2,compute,CentOS,52.78,78.42,3.66,478.78,421.86,73.02,3,336.91,2552.61,0,0
2024-02-23 19:00:00,SRV-0106,sa-east-1,database,RHEL,43.94,89.58,24.88,272.62,219.04,63.2,3,332.03,1289.62,0,1
2024-02-23 19:30:00,SRV-0094,eu-central-1,database,Windows Server,69.47,67.04,8.96,67.84,23.15,69.0,4,327.97,8712.95,0,0
2024-02-23 20:00:00,SRV-0025,ap-southeast-1,compute,Linux,66.93,81.02,0.47,11.32,12.89,63.67,4,403.67,7887.89,0,0
2024-02-23 20:30:00,SRV-0145,us-east-1,compute,CentOS,94.39,98.98,54.88,126.18,109.17,82.18,4,371.3,5563.07,0,1
2024-02-23 21:00:00,SRV-0019,ap-southeast-1,storage,CentOS,18.62,48.4,6.43,122.7,146.58,49.08,2,178.45,7810.02,0,0
2024-02-23 21:30:00,SRV-0210,sa-east-1,compute,Linux,40.94,10.7,66.23,284.54,222.97,53.81,3,288.84,8194.72,0,0
2024-02-23 22:00:00,SRV-0082,ap-southeast-1,compute,RHEL,29.0,81.35,31.6,827.88,777.47,55.52,2,155.4,5923.03,0,0
2024-02-23 22:30:00,SRV-0046,us-east-1,database,RHEL,43.73,87.73,35.96,106.44,37.32,50.5,5,213.16,4544.12,0,0
2024-02-23 23:00:00,SRV-0035,ap-southeast-1,database,Ubuntu,69.75,50.04,5.62,63.51,55.17,66.68,5,364.81,7726.45,0,0
2024-02-23 23:30:00,SRV-0202,ap-southeast-1,web,Linux,35.85,55.43,6.67,30.85,30.49,57.12,4,264.09,4974.33,0,0
2024-02-24 00:00:00,SRV-0023,ap-southeast-1,web,Linux,44.14,46.43,18.42,0.72,0.72,56.22,3,250.41,1111.65,0,0
2024-02-24 00:30:00,SRV-0300,ap-southeast-1,database,Linux,46.16,66.89,4.72,106.73,106.0,57.43,3,347.24,3214.29,0,0
2024-02-24 01:00:00,SRV-0265,us-east-1,web,Ubuntu,61.97,80.25,9.11,121.63,61.26,64.1,5,301.69,3906.82,0,0
2024-02-24 01:30:00,SRV-0187,us-west-2,cache,Windows Server,0.06,28.63,9.7,261.39,307.88,35.85,0,263.32,8193.9,0,0
2024-02-24 02:00:00,SRV-0298,eu-central-1,cache,RHEL,32.87,67.37,4.35,105.35,125.96,59.02,2,281.74,5774.81,0,0
2024-02-24 02:30:00,SRV-0190,sa-east-1,web,Ubuntu,49.23,55.02,5.74,372.38,137.05,54.6,3,235.47,7667.56,0,0
2024-02-24 03:00:00,SRV-0240,us-west-2,web,Ubuntu,69.0,62.04,38.84,148.36,169.55,69.19,3,307.3,6636.75,0,0
2024-02-24 03:30:00,SRV-0127,us-east-1,compute,Ubuntu,35.16,68.26,4.57,275.2,154.25,56.13,1,265.65,2715.07,0,0
2024-02-24 04:00:00,SRV-0291,sa-east-1,compute,Linux,7.47,56.61,0.72,24.08,22.16,38.24,1,297.27,6296.17,0,0
2024-02-24 04:30:00,SRV-0111,sa-east-1,cache,Ubuntu,57.39,58.14,24.81,290.0,175.25,63.32,4,241.87,1711.63,0,0
2024-02-24 05:00:00,SRV-0043,ap-southeast-1,cache,Windows Server,32.29,56.15,93.22,168.66,197.49,48.37,1,219.17,3575.95,0,0
2024-02-24 05:30:00,SRV-0134,eu-central-1,compute,CentOS,21.21,77.47,10.06,27.99,10.95,55.44,3,126.27,7061.56,0,0
2024-02-24 06:00:00,SRV-0013,eu-central-1,compute,Ubuntu,32.51,67.54,3.16,31.56,23.61,47.31,2,180.31,5360.89,0,0
2024-02-24 06:30:00,SRV-0011,us-east-1,compute,Windows Server,41.31,63.97,21.12,391.57,268.32,53.25,2,289.76,7230.79,0,0
2024-02-24 07:00:00,SRV-0102,us-west-2,web,Linux,32.91,37.12,59.21,4.91,2.91,47.04,2,156.81,2231.95,0,0
2024-02-24 07:30:00,SRV-0197,ap-southeast-1,database,CentOS,0.89,53.19,38.32,93.13,82.05,33.57,1,161.24,6568.05,0,0
2024-02-24 08:00:00,SRV-0055,eu-central-1,cache,RHEL,62.94,76.18,24.36,56.42,23.58,73.13,3,469.9,1773.16,0,0
2024-02-24 08:30:00,SRV-0183,ap-southeast-1,storage,RHEL,70.5,60.68,9.46,164.08,155.05,70.91,4,610.07,4777.32,0,0
2024-02-24 09:00:00,SRV-0019,us-west-2,compute,Linux,58.03,71.87,19.52,274.54,324.65,63.91,2,248.51,3798.33,0,0
2024-02-24 09:30:00,SRV-0262,sa-east-1,web,Linux,22.25,91.8,2.39,67.03,68.65,45.62,2,254.93,4875.17,0,0
2024-02-24 10:00:00,SRV-0009,us-west-2,cache,RHEL,40.97,78.69,28.4,83.5,89.69,60.93,2,433.78,1188.14,0,0
2024-02-24 10:30:00,SRV-0148,sa-east-1,compute,Linux,97.25,92.19,32.28,601.92,375.4,83.25,5,351.33,3164.99,0,1
2024-02-24 11:00:00,SRV-0025,us-west-2,web,RHEL,56.98,50.8,83.83,229.81,136.14,66.76,4,274.38,5842.41,0,0
2024-02-24 11:30:00,SRV-0072,ap-southeast-1,cache,Linux,58.37,14.04,7.54,341.25,261.17,58.98,3,476.94,4893.17,0,0
2024-02-24 12:00:00,SRV-0057,us-west-2,cache,RHEL,30.32,56.97,0.47,86.64,29.56,48.9,2,163.61,4809.43,0,0
2024-02-24 12:30:00,SRV-0022,eu-central-1,storage,Windows Server,46.64,54.13,19.72,40.0,46.03,62.45,2,461.37,4475.36,0,0
2024-02-24 13:00:00,SRV-0036,eu-central-1,storage,Linux,96.97,82.19,30.67,79.62,34.19,85.55,5,415.8,8268.49,0,1
2024-02-24 13:30:00,SRV-0179,us-east-1,cache,RHEL,74.12,57.23,39.06,188.87,210.15,72.63,3,282.87,8186.9,0,0
2024-02-24 14:00:00,SRV-0068,eu-central-1,web,Linux,59.09,54.23,5.38,17.38,6.52,58.39,3,287.03,3155.51,0,0
2024-02-24 14:30:00,SRV-0001,eu-central-1,compute,RHEL,60.78,27.97,7.59,47.3,49.21,62.08,3,271.83,3083.25,0,0
2024-02-24 15:00:00,SRV-0048,sa-east-1,compute,RHEL,46.68,43.08,17.97,7.16,3.13,59.46,3,223.19,4861.36,0,0
2024-02-24 15:30:00,SRV-0152,ap-southeast-1,cache,CentOS,73.21,68.58,10.03,84.94,28.4,65.04,3,347.6,838.42,0,0
2024-02-24 16:00:00,SRV-0197,ap-southeast-1,compute,Linux,53.2,90.89,49.24,263.56,249.73,68.13,2,275.67,2655.04,0,0
2024-02-24 16:30:00,SRV-0058,sa-east-1,storage,Windows Server,27.78,58.24,16.05,3.75,2.07,39.1,1,199.11,2023.17,0,0
2024-02-24 17:00:00,SRV-0048,eu-central-1,compute,Ubuntu,73.07,65.9,40.18,168.74,159.13,65.33,3,278.43,1957.67,0,0
2024-02-24 17:30:00,SRV-0234,us-west-2,database,Ubuntu,58.96,77.14,21.72,404.33,323.3,61.04,4,388.98,5593.67,0,0
2024-02-24 18:00:00,SRV-0188,sa-east-1,storage,Linux,36.14,45.4,37.08,40.56,16.14,40.24,2,224.09,3367.52,0,0
2024-02-24 18:30:00,SRV-0114,ap-southeast-1,storage,RHEL,99.32,93.25,10.11,177.45,202.1,82.95,4,519.94,1500.23,0,1
2024-02-24 19:00:00,SRV-0090,us-east-1,cache,RHEL,50.93,46.67,44.51,553.94,391.68,63.5,2,376.86,7775.24,0,0
2024-02-24 19:30:00,SRV-0169,ap-southeast-1,cache,Windows Server,54.26,75.57,8.02,491.63,472.45,61.86,2,250.94,7657.67,0,0
2024-02-24 20:00:00,SRV-0177,us-west-2,compute,Linux,48.95,62.73,19.75,40.17,30.16,67.44,3,197.27,7555.31,0,0
2024-02-24 20:30:00,SRV-0192,ap-southeast-1,compute,Ubuntu,51.23,65.37,6.02,15.86,13.38,68.22,3,445.87,3423.53,0,0
2024-02-24 21:00:00,SRV-0133,sa-east-1,cache,Windows Server,79.0,45.91,16.13,24.08,13.78,73.76,5,430.0,500.11,0,0
2024-02-24 21:30:00,SRV-0172,us-east-1,web,Linux,66.43,72.73,9.57,181.62,87.24,68.14,3,260.64,935.95,0,0
2024-02-24 22:00:00,SRV-0018,ap-southeast-1,compute,Linux,48.81,97.52,7.76,194.06,152.98,59.85,3,317.41,2418.91,0,0
2024-02-24 22:30:00,SRV-0251,sa-east-1,web,Linux,63.83,41.86,85.27,168.24,117.13,52.26,3,243.5,1927.72,0,0
2024-02-24 23:00:00,SRV-0112,sa-east-1,storage,CentOS,24.35,53.88,4.36,61.44,40.0,42.77,2,125.86,7656.24,0,0
2024-02-24 23:30:00,SRV-0040,sa-east-1,database,Windows Server,52.96,64.17,38.7,27.91,25.27,61.69,3,283.49,8640.51,0,0
2024-02-25 00:00:00,SRV-0102,us-east-1,web,Linux,81.19,74.16,100.0,130.4,120.16,75.55,6,303.66,7154.24,0,0
2024-02-25 00:30:00,SRV-0174,sa-east-1,compute,Windows Server,40.64,49.93,0.5,99.15,33.84,57.7,3,505.28,6393.75,0,0
2024-02-25 01:00:00,SRV-0196,us-east-1,cache,Ubuntu,28.05,9.01,30.02,195.75,118.41,46.76,2,358.41,5156.76,0,0
2024-02-25 01:30:00,SRV-0072,us-west-2,cache,Linux,31.96,84.47,7.29,87.34,58.57,57.47,2,250.8,6744.63,0,0
2024-02-25 02:00:00,SRV-0182,us-west-2,database,RHEL,23.21,73.69,1.03,62.02,24.01,56.7,1,126.2,8296.06,0,0
2024-02-25 02:30:00,SRV-0241,us-west-2,database,Linux,29.3,28.63,12.89,52.11,26.7,56.41,2,177.19,5268.18,0,0
2024-02-25 03:00:00,SRV-0289,sa-east-1,storage,Linux,37.59,49.06,68.42,35.64,12.35,59.98,1,209.25,1355.26,0,0
2024-02-25 03:30:00,SRV-0113,us-east-1,web,Windows Server,16.89,88.23,0.3,46.34,55.45,43.96,0,166.23,1436.24,0,0
2024-02-25 04:00:00,SRV-0163,us-west-2,database,Windows Server,45.31,86.06,22.16,14.94,14.39,63.5,5,204.44,5115.05,0,0
2024-02-25 04:30:00,SRV-0039,eu-central-1,storage,CentOS,63.05,76.9,17.4,63.89,24.2,65.95,5,325.3,2921.85,0,0
2024-02-25 05:00:00,SRV-0235,us-west-2,storage,Linux,26.84,56.83,51.66,5.59,1.78,53.3,1,187.76,7973.86,0,0
2024-02-25 05:30:00,SRV-0071,sa-east-1,storage,Ubuntu,75.39,61.49,2.19,30.95,29.32,71.98,4,570.47,5358.38,0,0
2024-02-25 06:00:00,SRV-0219,eu-central-1,compute,Windows Server,55.22,57.64,28.61,206.02,143.24,61.48,3,490.84,5926.4,0,0
2024-02-25 06:30:00,SRV-0005,ap-southeast-1,database,CentOS,65.61,80.31,28.49,59.06,59.54,61.94,4,330.18,51.98,0,0
2024-02-25 07:00:00,SRV-0241,eu-central-1,cache,RHEL,31.84,44.23,27.65,165.5,187.2,52.33,1,248.91,4370.41,0,0
2024-02-25 07:30:00,SRV-0165,ap-southeast-1,storage,RHEL,62.09,45.5,71.33,189.28,158.88,69.77,4,251.1,3777.57,0,0
2024-02-25 08:00:00,SRV-0001,eu-central-1,cache,CentOS,23.16,78.18,43.3,130.55,61.15,47.06,2,144.76,6183.73,0,0
2024-02-25 08:30:00,SRV-0184,us-east-1,compute,RHEL,62.8,59.2,1.07,478.03,479.93,69.59,5,469.39,3352.53,0,0
2024-02-25 09:00:00,SRV-0008,eu-central-1,web,Linux,91.85,92.67,15.92,3.25,3.77,93.49,5,445.68,8554.82,0,1
2024-02-25 09:30:00,SRV-0108,us-west-2,compute,Windows Server,56.07,47.91,12.69,201.29,165.5,60.93,3,239.2,5871.31,0,0
2024-02-25 10:00:00,SRV-0185,ap-southeast-1,compute,Ubuntu,21.49,59.01,9.28,478.35,437.11,55.54,2,198.91,5781.22,0,0
2024-02-25 10:30:00,SRV-0284,ap-southeast-1,database,RHEL,27.1,43.4,15.01,297.37,179.53,49.06,1,404.27,8053.51,0,0
2024-02-25 11:00:00,SRV-0154,us-west-2,storage,Linux,56.94,60.13,12.12,27.57,17.74,70.33,3,263.17,8718.0,0,0
2024-02-25 11:30:00,SRV-0034,us-east-1,compute,Windows Server,98.95,95.95,14.16,59.36,57.06,84.56,6,367.4,1733.71,0,1
2024-02-25 12:00:00,SRV-0022,eu-central-1,storage,Linux,54.26,51.22,96.89,28.39,32.23,61.63,2,497.57,7100.46,0,0
2024-02-25 12:30:00,SRV-0148,us-east-1,cache,Linux,17.66,34.15,2.32,137.94,119.46,42.62,0,164.82,1422.76,0,0
2024-02-25 13:00:00,SRV-0151,us-west-2,web,Windows Server,61.96,72.49,63.85,186.82,188.85,64.34,6,289.89,4004.24,0,0
2024-02-25 13:30:00,SRV-0067,eu-central-1,web,RHEL,20.35,72.9,16.36,57.21,26.0,47.12,2,142.19,878.52,0,0
2024-02-25 14:00:00,SRV-0078,us-west-2,cache,RHEL,56.05,28.86,24.44,116.32,57.08,56.13,3,440.32,5461.11,0,0
2024-02-25 14:30:00,SRV-0232,ap-southeast-1,database,Linux,57.51,84.01,44.33,176.12,137.17,61.92,4,409.37,4104.75,0,0
2024-02-25 15:00:00,SRV-0039,ap-southeast-1,cache,CentOS,31.06,100.0,11.18,82.06,37.66,48.41,3,194.78,5507.77,0,0
2024-02-25 15:30:00,SRV-0165,ap-southeast-1,cache,RHEL,56.64,60.83,14.07,288.64,251.55,65.59,2,223.03,5939.26,0,0
2024-02-25 16:00:00,SRV-0099,sa-east-1,database,Linux,50.21,48.46,13.17,221.47,124.57,66.61,5,259.8,5426.61,0,0
2024-02-25 16:30:00,SRV-0129,sa-east-1,database,Ubuntu,34.22,100.0,11.74,10.03,10.15,47.55,1,172.62,2576.4,0,0
2024-02-25 17:00:00,SRV-0019,ap-southeast-1,compute,Ubuntu,24.83,36.26,64.93,145.58,149.56,58.49,1,139.89,7331.93,0,0
2024-02-25 17:30:00,SRV-0271,sa-east-1,storage,CentOS,5.75,60.36,44.14,40.25,28.87,41.66,0,117.18,4833.22,0,0
2024-02-25 18:00:00,SRV-0001,sa-east-1,web,Linux,51.99,63.23,2.89,122.3,56.59,55.92,4,216.41,4291.61,0,0
2024-02-25 18:30:00,SRV-0287,us-west-2,database,Ubuntu,13.7,84.21,2.86,471.59,415.99,49.27,2,406.85,8646.69,0,0
2024-02-25 19:00:00,SRV-0180,eu-central-1,database,RHEL,46.91,66.48,13.96,316.87,378.19,56.53,4,195.59,2484.25,0,0
2024-02-25 19:30:00,SRV-0256,ap-southeast-1,compute,Linux,39.73,51.02,2.6,77.76,66.9,55.48,2,220.5,4626.02,0,0
2024-02-25 20:00:00,SRV-0174,sa-east-1,compute,CentOS,58.58,42.88,24.13,51.69,17.17,61.41,2,243.51,5977.48,0,0
2024-02-25 20:30:00,SRV-0050,us-west-2,storage,CentOS,38.96,53.85,3.88,40.07,12.64,51.5,1,283.61,1097.85,0,0
2024-02-25 21:00:00,SRV-0020,us-west-2,database,RHEL,38.41,41.88,18.47,114.06,67.1,58.98,2,173.44,3103.79,0,0
2024-02-25 21:30:00,SRV-0105,eu-central-1,database,Ubuntu,59.64,60.86,0.18,18.2,8.67,62.42,4,308.06,7022.99,0,0
2024-02-25 22:00:00,SRV-0190,us-west-2,compute,Ubuntu,51.7,49.84,9.52,119.53,123.33,53.5,3,353.43,2074.77,0,0
2024-02-25 22:30:00,SRV-0239,us-east-1,cache,CentOS,51.32,33.11,28.27,0.2,0.21,63.28,3,503.66,4321.73,0,1
2024-02-25 23:00:00,SRV-0043,us-east-1,storage,Windows Server,87.57,95.75,16.54,58.7,31.27,94.63,7,432.63,5524.69,0,0
2024-02-25 23:30:00,SRV-0005,ap-southeast-1,database,CentOS,14.29,51.04,95.73,37.26,22.1,39.95,1,103.35,5879.71,0,0
2024-02-26 00:00:00,SRV-0248,eu-central-1,web,CentOS,60.14,37.17,51.81,532.2,272.82,70.02,4,239.68,6380.27,0,0
2024-02-26 00:30:00,SRV-0066,us-east-1,web,Linux,57.25,56.97,11.12,194.88,217.78,56.92,2,353.28,7586.1,0,0
2024-02-26 01:00:00,SRV-0251,eu-central-1,compute,RHEL,24.67,61.23,1.16,64.54,48.56,38.28,3,148.25,3442.06,0,0
2024-02-26 01:30:00,SRV-0128,ap-southeast-1,web,Linux,40.12,28.56,46.71,14.62,13.02,59.16,3,229.64,6190.39,0,0
2024-02-26 02:00:00,SRV-0185,us-west-2,compute,CentOS,44.21,65.97,60.54,109.1,73.53,56.17,5,558.23,6414.12,0,0
2024-02-26 02:30:00,SRV-0188,us-west-2,cache,Linux,42.31,41.15,42.96,36.01,31.26,55.84,3,348.36,2631.1,0,0
2024-02-26 03:00:00,SRV-0183,us-west-2,compute,Ubuntu,51.68,90.8,3.42,115.32,74.64,59.1,4,392.5,8481.1,0,0
2024-02-26 03:30:00,SRV-0071,us-east-1,database,CentOS,73.63,69.43,100.0,270.6,163.91,70.61,3,468.04,7579.45,0,0
2024-02-26 04:00:00,SRV-0066,eu-central-1,web,Ubuntu,66.64,52.8,7.48,143.49,124.98,62.89,4,346.54,2539.9,0,0
2024-02-26 04:30:00,SRV-0250,us-east-1,database,Ubuntu,18.76,46.59,32.2,150.68,125.36,54.88,3,242.5,5913.93,0,0
2024-02-26 05:00:00,SRV-0155,sa-east-1,web,RHEL,57.44,58.11,59.66,116.82,65.9,55.6,2,266.79,6288.22,0,1
2024-02-26 05:30:00,SRV-0079,eu-central-1,web,Ubuntu,71.58,71.03,6.72,393.14,170.79,70.86,4,911.44,3780.37,0,0
2024-02-26 06:00:00,SRV-0019,ap-southeast-1,compute,Linux,52.74,59.54,59.72,403.02,254.6,64.31,4,241.01,7566.53,0,0
2024-02-26 06:30:00,SRV-0269,us-east-1,storage,Linux,66.82,56.09,9.26,107.84,72.65,62.93,5,339.62,6046.72,0,0
2024-02-26 07:00:00,SRV-0045,us-west-2,web,Windows Server,87.06,88.1,93.68,54.74,47.4,90.18,4,344.32,5765.78,0,1
2024-02-26 07:30:00,SRV-0262,us-west-2,web,RHEL,65.47,49.13,8.26,92.31,103.67,71.28,5,258.31,1935.34,0,0
2024-02-26 08:00:00,SRV-0222,us-west-2,storage,Windows Server,49.99,53.82,76.67,30.97,10.3,55.04,3,283.8,3573.29,0,0
2024-02-26 08:30:00,SRV-0129,us-east-1,database,Ubuntu,65.9,22.46,1.38,151.73,78.79,63.33,3,291.3,3801.73,0,0
2024-02-26 09:00:00,SRV-0106,us-east-1,web,CentOS,47.9,77.53,30.88,104.0,49.33,63.6,3,281.21,6427.14,0,0
2024-02-26 09:30:00,SRV-0251,us-west-2,compute,Linux,45.48,65.38,18.99,16.36,12.3,58.36,4,268.23,5417.52,0,0
2024-02-26 10:00:00,SRV-0121,us-west-2,storage,CentOS,85.17,98.53,16.25,33.03,22.68,87.25,4,383.64,753.05,0,1
2024-02-26 10:30:00,SRV-0230,us-west-2,storage,Windows Server,76.27,94.18,6.32,97.98,93.68,79.24,4,291.96,2696.13,0,1
2024-02-26 11:00:00,SRV-0281,sa-east-1,web,Windows Server,28.63,61.57,30.57,327.84,169.88,48.8,2,193.91,4144.42,0,0
2024-02-26 11:30:00,SRV-0227,us-east-1,database,Linux,75.65,41.35,5.29,125.34,104.67,68.25,4,444.08,6454.04,0,0
2024-02-26 12:00:00,SRV-0275,us-west-2,database,Windows Server,55.0,75.42,20.12,171.64,188.02,63.28,3,252.85,6513.92,0,0
2024-02-26 12:30:00,SRV-0138,ap-southeast-1,cache,CentOS,96.19,81.88,7.3,62.11,69.54,88.05,6,397.24,4297.67,0,1
2024-02-26 13:00:00,SRV-0173,us-west-2,cache,Windows Server,52.35,67.1,77.87,127.09,147.79,70.75,2,275.15,1025.21,0,0
2024-02-26 13:30:00,SRV-0271,us-east-1,compute,CentOS,3.0,52.34,0.73,88.96,88.6,32.9,0,257.58,2566.54,0,0
2024-02-26 14:00:00,SRV-0215,ap-southeast-1,web,Ubuntu,57.51,68.11,5.57,161.44,180.07,67.13,2,329.13,2231.85,0,0
2024-02-26 14:30:00,SRV-0228,us-east-1,database,RHEL,62.7,55.29,6.94,7.78,3.98,68.8,3,248.67,6842.01,0,0
2024-02-26 15:00:00,SRV-0107,us-east-1,cache,Linux,33.15,70.01,13.36,101.98,48.73,52.58,2,349.83,1577.5,0,0
2024-02-26 15:30:00,SRV-0159,us-east-1,web,Windows Server,47.47,25.71,6.62,52.64,16.1,62.92,2,370.83,4073.24,0,0
2024-02-26 16:00:00,SRV-0136,eu-central-1,web,Linux,84.08,52.19,16.9,59.22,55.44,78.3,8,442.35,5875.83,0,0
2024-02-26 16:30:00,SRV-0251,ap-southeast-1,database,Windows Server,34.89,91.0,51.48,486.31,556.2,47.04,1,217.4,8451.56,0,0
2024-02-26 17:00:00,SRV-0030,sa-east-1,web,Ubuntu,23.82,46.19,31.13,30.26,14.17,58.28,2,263.16,8753.35,0,0
2024-02-26 17:30:00,SRV-0098,sa-east-1,storage,CentOS,92.62,84.34,21.69,55.93,48.84,83.8,4,393.0,8347.65,0,1
2024-02-26 18:00:00,SRV-0097,eu-central-1,cache,Linux,84.25,51.94,2.33,106.97,103.95,68.02,5,436.17,6292.08,0,0
2024-02-26 18:30:00,SRV-0257,us-east-1,compute,Ubuntu,45.07,38.13,29.6,298.2,338.41,56.72,6,397.34,6539.08,0,0
2024-02-26 19:00:00,SRV-0272,sa-east-1,cache,Ubuntu,65.23,20.25,4.55,80.85,71.32,75.72,4,466.91,6650.92,0,0
2024-02-26 19:30:00,SRV-0011,ap-southeast-1,web,RHEL,71.83,55.85,38.59,204.31,239.71,67.19,4,326.11,7556.56,0,0
2024-02-26 20:00:00,SRV-0168,us-west-2,storage,Ubuntu,30.15,62.45,7.19,291.08,177.62,51.9,3,336.59,8337.69,0,0
2024-02-26 20:30:00,SRV-0211,ap-southeast-1,cache,RHEL,35.29,59.05,13.49,55.66,34.23,61.28,1,166.58,3904.94,0,0
2024-02-26 21:00:00,SRV-0172,us-east-1,database,Ubuntu,94.8,87.17,10.79,74.82,59.01,87.29,4,345.14,3649.22,0,0
2024-02-26 21:30:00,SRV-0120,ap-southeast-1,storage,CentOS,78.7,60.77,48.94,66.14,42.67,65.59,4,365.57,4034.21,0,0
2024-02-26 22:00:00,SRV-0185,us-east-1,cache,Ubuntu,56.26,78.41,3.38,268.33,80.84,60.42,4,324.28,5780.34,0,0
2024-02-26 22:30:00,SRV-0039,ap-southeast-1,web,CentOS,27.4,56.57,20.85,6.8,6.52,57.82,2,148.82,6793.13,0,0
2024-02-26 23:00:00,SRV-0257,eu-central-1,database,Windows Server,87.54,85.52,3.83,55.32,54.02,87.31,4,376.53,7626.1,0,0
2024-02-26 23:30:00,SRV-0279,ap-southeast-1,web,Ubuntu,34.38,54.94,30.5,170.64,165.91,63.41,3,163.05,3996.95,0,0
2024-02-27 00:00:00,SRV-0230,sa-east-1,web,Ubuntu,38.3,70.43,58.87,125.01,76.32,59.01,1,257.05,3183.78,0,0
2024-02-27 00:30:00,SRV-0115,us-west-2,database,Windows Server,51.85,85.42,14.26,85.98,66.21,57.51,2,398.71,8614.19,0,0
2024-02-27 01:00:00,SRV-0091,eu-central-1,storage,RHEL,76.08,48.69,16.74,116.46,72.67,70.69,3,412.05,2032.1,0,0
2024-02-27 01:30:00,SRV-0061,ap-southeast-1,cache,CentOS,62.08,61.78,65.58,33.02,10.38,60.57,3,283.77,1945.54,0,0
2024-02-27 02:00:00,SRV-0103,us-east-1,storage,Windows Server,53.3,66.09,18.4,84.51,68.13,57.98,4,718.11,6267.25,0,0
2024-02-27 02:30:00,SRV-0215,eu-central-1,database,Windows Server,54.27,42.13,16.72,104.48,42.98,84.1,3,321.55,1574.62,0,1
2024-02-27 03:00:00,SRV-0102,sa-east-1,cache,Linux,45.87,60.37,21.59,347.18,129.16,63.44,3,356.49,3499.42,0,0
2024-02-27 03:30:00,SRV-0143,us-west-2,database,Windows Server,56.16,33.62,29.22,45.34,44.43,66.77,3,329.26,2562.02,0,0
2024-02-27 04:00:00,SRV-0090,us-west-2,compute,RHEL,0.0,28.16,2.83,303.55,93.66,36.88,0,504.84,1478.73,0,0
2024-02-27 04:30:00,SRV-0118,ap-southeast-1,compute,RHEL,39.07,66.6,43.02,155.03,180.31,63.48,2,339.44,5078.66,0,0
2024-02-27 05:00:00,SRV-0139,sa-east-1,storage,RHEL,49.83,53.09,14.3,3.08,2.35,65.43,2,272.76,3272.59,0,0
2024-02-27 05:30:00,SRV-0240,sa-east-1,database,CentOS,21.98,63.64,1.88,193.45,229.18,58.2,1,161.65,4049.71,0,0
2024-02-27 06:00:00,SRV-0136,us-west-2,cache,CentOS,88.83,85.68,38.57,5.43,1.91,90.93,5,431.1,1716.56,0,0
2024-02-27 06:30:00,SRV-0005,us-west-2,storage,Ubuntu,40.91,42.42,11.83,891.75,735.85,48.97,4,261.95,6726.75,0,0
2024-02-27 07:00:00,SRV-0209,sa-east-1,compute,Windows Server,80.11,59.19,2.64,309.11,189.91,66.49,5,389.58,2757.56,0,0
2024-02-27 07:30:00,SRV-0087,us-west-2,compute,RHEL,76.46,37.8,25.11,52.93,56.06,65.57,4,321.39,3002.87,0,0
2024-02-27 08:00:00,SRV-0277,us-east-1,compute,Windows Server,35.68,85.04,53.03,44.64,27.91,49.55,2,213.04,2209.62,0,0
2024-02-27 08:30:00,SRV-0121,us-west-2,storage,Ubuntu,41.98,35.59,54.68,72.05,38.51,58.41,2,257.62,3805.94,0,0
2024-02-27 09:00:00,SRV-0245,us-east-1,cache,Ubuntu,91.06,93.69,79.05,66.05,70.79,90.54,6,506.01,4061.47,0,1
2024-02-27 09:30:00,SRV-0090,us-west-2,compute,RHEL,35.97,41.24,50.57,69.86,44.52,64.75,1,301.83,4640.35,0,0
2024-02-27 10:00:00,SRV-0140,eu-central-1,storage,Windows Server,48.9,70.27,0.05,57.47,18.11,69.08,2,209.33,8475.93,0,0
2024-02-27 10:30:00,SRV-0112,eu-central-1,storage,Ubuntu,29.83,54.03,11.96,145.59,94.81,51.9,1,167.68,7925.2,0,0
2024-02-27 11:00:00,SRV-0240,eu-central-1,web,Linux,22.39,50.66,42.67,26.92,23.93,58.73,2,119.87,5338.67,0,0
2024-02-27 11:30:00,SRV-0272,us-east-1,web,CentOS,57.45,75.36,11.4,280.6,148.42,70.42,3,223.16,341.76,0,0
2024-02-27 12:00:00,SRV-0143,us-east-1,cache,Windows Server,57.59,60.53,23.0,251.02,172.9,60.78,2,248.18,5363.79,0,0
2024-02-27 12:30:00,SRV-0207,ap-southeast-1,compute,RHEL,28.91,69.3,23.31,97.08,34.08,41.52,1,297.35,786.41,0,0
2024-02-27 13:00:00,SRV-0119,ap-southeast-1,web,Ubuntu,62.91,42.34,11.35,287.32,238.27,64.07,3,473.84,6222.91,0,0
2024-02-27 13:30:00,SRV-0084,us-west-2,cache,Ubuntu,32.37,34.71,58.71,42.58,41.76,49.72,3,196.83,3417.69,0,0
2024-02-27 14:00:00,SRV-0251,us-east-1,web,Ubuntu,50.06,61.93,17.49,2.66,1.79,61.06,6,283.02,7338.38,0,0
2024-02-27 14:30:00,SRV-0278,eu-central-1,compute,CentOS,61.41,54.26,15.63,144.83,98.22,65.01,4,356.66,8256.61,0,0
2024-02-27 15:00:00,SRV-0163,eu-central-1,storage,Windows Server,44.33,71.28,100.0,91.85,34.85,58.05,2,488.61,3654.47,0,0
2024-02-27 15:30:00,SRV-0142,eu-central-1,compute,Ubuntu,54.09,58.56,17.01,125.61,60.51,64.26,4,456.39,4035.0,0,0
2024-02-27 16:00:00,SRV-0031,us-west-2,web,CentOS,34.67,63.69,4.91,344.4,151.26,47.81,2,159.9,5170.1,0,0
2024-02-27 16:30:00,SRV-0091,us-east-1,compute,Linux,41.07,30.78,17.99,525.61,385.55,58.49,4,201.74,1727.69,0,0
2024-02-27 17:00:00,SRV-0128,us-west-2,storage,Windows Server,40.88,93.99,42.05,150.95,117.19,54.16,3,177.69,8123.51,0,0
2024-02-27 17:30:00,SRV-0267,sa-east-1,database,RHEL,89.93,94.66,37.5,216.62,249.99,94.67,4,415.64,3793.65,0,1
2024-02-27 18:00:00,SRV-0036,sa-east-1,storage,Windows Server,41.46,72.56,38.85,13.13,4.8,61.37,3,298.35,1462.18,0,0
2024-02-27 18:30:00,SRV-0280,ap-southeast-1,web,Ubuntu,14.03,44.95,30.78,26.28,22.07,39.49,1,128.94,6681.77,0,0
2024-02-27 19:00:00,SRV-0213,us-east-1,storage,RHEL,35.18,65.54,7.33,198.19,153.37,52.66,1,347.84,1920.55,0,0
2024-02-27 19:30:00,SRV-0233,eu-central-1,cache,Windows Server,39.3,36.55,49.53,84.68,64.75,55.13,4,228.2,1258.17,0,0
2024-02-27 20:00:00,SRV-0228,us-east-1,compute,RHEL,39.88,68.14,55.98,88.58,96.18,53.38,5,812.26,4931.2,0,1
2024-02-27 20:30:00,SRV-0298,ap-southeast-1,database,Windows Server,40.17,53.59,5.4,55.36,26.85,60.57,2,170.55,5882.63,0,0
2024-02-27 21:00:00,SRV-0237,eu-central-1,database,Linux,43.76,60.53,3.49,140.23,47.21,53.9,2,192.89,4989.8,0,0
2024-02-27 21:30:00,SRV-0021,us-west-2,compute,Linux,54.59,72.56,92.83,30.72,27.8,59.06,5,249.69,5751.38,0,0
2024-02-27 22:00:00,SRV-0096,eu-central-1,compute,Linux,62.49,37.81,50.69,147.89,90.31,61.45,4,240.05,1012.87,0,0
2024-02-27 22:30:00,SRV-0051,sa-east-1,cache,Windows Server,32.0,47.68,55.93,28.64,9.04,58.26,2,298.5,4170.44,0,0
2024-02-27 23:00:00,SRV-0062,us-west-2,storage,RHEL,20.94,68.23,54.37,9.89,5.21,45.91,2,118.23,3128.13,0,0
2024-02-27 23:30:00,SRV-0153,eu-central-1,database,Linux,24.16,97.77,19.51,60.15,34.79,51.96,2,260.7,8526.74,0,0
2024-02-28 00:00:00,SRV-0224,us-west-2,web,CentOS,35.26,57.51,25.99,39.43,33.72,63.98,3,161.17,435.66,0,0
2024-02-28 00:30:00,SRV-0142,sa-east-1,compute,CentOS,37.96,70.64,19.71,329.72,150.13,54.81,1,193.02,2613.76,0,0
2024-02-28 01:00:00,SRV-0041,sa-east-1,compute,Linux,29.6,58.07,1.31,8.48,5.7,57.4,1,322.86,8250.77,0,0
2024-02-28 01:30:00,SRV-0166,us-east-1,database,Linux,19.08,94.96,34.21,29.15,21.4,55.99,1,409.02,8615.44,0,0
2024-02-28 02:00:00,SRV-0190,sa-east-1,compute,Ubuntu,35.88,28.55,17.6,119.35,85.13,59.49,1,211.17,7226.31,0,0
2024-02-28 02:30:00,SRV-0297,sa-east-1,database,CentOS,48.63,61.7,26.08,98.4,115.77,59.37,3,546.34,666.67,0,0
2024-02-28 03:00:00,SRV-0045,sa-east-1,web,CentOS,56.9,30.74,17.46,7.04,2.4,65.97,2,319.29,4917.91,0,0
2024-02-28 03:30:00,SRV-0208,ap-southeast-1,web,Linux,33.85,14.88,16.92,1.09,1.26,47.1,1,205.31,3505.68,0,0
2024-02-28 04:00:00,SRV-0096,sa-east-1,database,Ubuntu,92.07,98.11,4.71,664.28,547.2,89.6,6,488.55,7064.72,0,1
2024-02-28 04:30:00,SRV-0275,us-east-1,compute,RHEL,26.47,62.51,8.17,161.31,163.91,47.56,1,164.4,482.96,0,0
2024-02-28 05:00:00,SRV-0293,us-west-2,cache,Ubuntu,44.37,54.87,4.32,68.22,46.89,68.95,3,214.01,1727.65,0,0
2024-02-28 05:30:00,SRV-0235,ap-southeast-1,cache,Ubuntu,28.03,58.09,5.44,95.35,67.55,47.15,3,240.96,4285.86,0,0
2024-02-28 06:00:00,SRV-0207,us-west-2,storage,CentOS,56.46,100.0,90.28,46.5,50.75,58.45,3,268.9,1381.84,0,1
2024-02-28 06:30:00,SRV-0026,us-west-2,cache,Linux,9.28,55.35,4.15,63.44,70.19,38.49,0,92.46,6068.49,0,0
2024-02-28 07:00:00,SRV-0207,us-east-1,compute,Linux,37.81,69.18,7.84,157.06,80.86,57.92,3,170.35,7190.1,0,0
2024-02-28 07:30:00,SRV-0141,ap-southeast-1,cache,Linux,51.02,48.31,22.33,321.6,154.15,61.12,2,358.11,6171.89,0,0
2024-02-28 08:00:00,SRV-0087,eu-central-1,storage,Ubuntu,89.19,98.76,23.55,30.53,22.79,87.21,5,430.24,3857.45,0,1
2024-02-28 08:30:00,SRV-0098,sa-east-1,web,Ubuntu,98.86,55.71,4.18,275.23,305.57,82.9,6,399.65,7694.8,0,1
2024-02-28 09:00:00,SRV-0023,us-west-2,database,Windows Server,52.0,52.61,39.46,19.44,11.47,53.9,3,432.54,1206.99,0,0
2024-02-28 09:30:00,SRV-0250,us-west-2,cache,RHEL,24.92,92.74,38.45,36.31,32.2,45.93,1,177.67,2281.31,0,0
2024-02-28 10:00:00,SRV-0250,us-east-1,database,Windows Server,43.09,81.19,6.77,5.68,5.33,64.06,2,303.16,4288.88,0,0
2024-02-28 10:30:00,SRV-0148,us-east-1,database,RHEL,9.48,62.46,8.52,22.77,22.78,42.77,0,318.24,538.26,0,0
2024-02-28 11:00:00,SRV-0054,us-east-1,web,Windows Server,43.39,18.52,69.51,373.89,301.92,63.29,2,363.87,839.11,0,0
2024-02-28 11:30:00,SRV-0039,ap-southeast-1,storage,Windows Server,28.34,53.5,43.67,92.27,61.1,50.59,3,206.58,3482.21,0,0
2024-02-28 12:00:00,SRV-0218,sa-east-1,compute,Windows Server,63.31,100.0,29.92,12.13,14.19,60.48,8,354.07,8268.5,0,0
2024-02-28 12:30:00,SRV-0237,ap-southeast-1,compute,Windows Server,34.01,55.85,2.15,481.81,409.63,52.09,1,205.41,7957.8,0,0
2024-02-28 13:00:00,SRV-0277,us-east-1,compute,Ubuntu,42.66,79.86,13.54,316.79,302.75,52.23,4,282.18,4082.47,0,0
2024-02-28 13:30:00,SRV-0225,us-east-1,storage,RHEL,32.29,85.95,20.48,210.78,128.68,50.09,2,176.65,1246.17,0,0
2024-02-28 14:00:00,SRV-0144,us-west-2,storage,Windows Server,79.78,63.94,5.19,406.52,367.07,72.92,4,346.38,1561.04,0,0
2024-02-28 14:30:00,SRV-0288,ap-southeast-1,storage,Windows Server,38.58,44.85,14.87,37.29,19.84,57.99,5,189.24,3307.93,0,0
2024-02-28 15:00:00,SRV-0211,ap-southeast-1,cache,Linux,81.65,16.16,22.97,271.52,141.35,64.71,5,298.85,1841.04,0,0
2024-02-28 15:30:00,SRV-0154,sa-east-1,database,Ubuntu,61.28,72.31,9.91,175.67,165.7,64.43,4,322.65,727.78,0,0
2024-02-28 16:00:00,SRV-0259,ap-southeast-1,storage,CentOS,87.29,84.69,37.96,305.76,235.2,90.57,5,511.71,5902.62,0,0
2024-02-28 16:30:00,SRV-0227,sa-east-1,storage,Linux,99.6,92.25,45.88,239.12,218.78,81.38,5,351.39,5093.91,0,1
2024-02-28 17:00:00,SRV-0082,eu-central-1,cache,CentOS,52.88,37.5,9.77,63.81,34.62,61.81,4,230.45,2552.47,0,0
2024-02-28 17:30:00,SRV-0088,sa-east-1,database,Windows Server,6.45,55.23,45.61,223.35,187.36,39.83,1,130.99,6823.81,0,0
2024-02-28 18:00:00,SRV-0004,us-east-1,compute,RHEL,39.42,60.61,2.73,45.66,31.94,62.68,2,277.9,6797.54,0,0
2024-02-28 18:30:00,SRV-0173,eu-central-1,web,CentOS,95.29,80.13,45.46,59.76,50.03,88.29,5,354.64,4301.69,0,1
2024-02-28 19:00:00,SRV-0032,us-west-2,storage,CentOS,44.02,39.93,4.14,17.13,9.62,63.52,2,187.9,846.53,0,0
2024-02-28 19:30:00,SRV-0234,us-west-2,storage,CentOS,16.9,81.54,2.16,410.18,387.17,44.28,1,173.89,8045.87,0,0
2024-02-28 20:00:00,SRV-0226,us-west-2,web,RHEL,93.15,91.79,25.66,51.59,52.89,94.02,7,500.22,5857.8,0,1
2024-02-28 20:30:00,SRV-0206,us-east-1,storage,Linux,79.08,29.86,15.96,110.29,58.89,72.04,4,290.83,2164.92,0,0
2024-02-28 21:00:00,SRV-0102,us-west-2,storage,Ubuntu,69.94,58.04,59.62,74.47,42.49,67.22,3,302.79,5347.97,0,0
2024-02-28 21:30:00,SRV-0058,sa-east-1,storage,RHEL,43.76,60.62,11.28,482.56,431.91,54.46,3,290.2,3548.58,0,0
2024-02-28 22:00:00,SRV-0269,us-east-1,web,Linux,64.03,62.89,8.46,61.21,56.68,59.73,4,256.1,5566.03,0,0
2024-02-28 22:30:00,SRV-0150,ap-southeast-1,cache,Windows Server,37.67,84.52,17.37,226.13,211.14,54.86,1,189.92,4151.64,0,0
2024-02-28 23:00:00,SRV-0252,us-east-1,cache,Linux,10.92,55.74,15.22,290.08,265.26,42.35,0,159.45,4253.25,0,0
2024-02-28 23:30:00,SRV-0044,us-east-1,web,CentOS,26.51,57.85,10.56,85.8,56.07,54.05,2,435.79,6446.59,0,0
2024-02-29 00:00:00,SRV-0030,ap-southeast-1,cache,Linux,76.26,40.14,29.58,71.26,46.7,73.83,4,312.65,5376.62,0,0
2024-02-29 00:30:00,SRV-0012,sa-east-1,compute,Linux,39.52,74.77,35.63,206.6,109.36,61.31,4,235.41,701.31,0,0
2024-02-29 01:00:00,SRV-0014,eu-central-1,compute,Windows Server,40.13,63.32,47.93,366.1,161.5,49.76,2,221.47,573.61,0,0
2024-02-29 01:30:00,SRV-0292,ap-southeast-1,web,Windows Server,39.0,52.44,90.17,210.93,194.76,57.61,2,394.7,2672.58,0,0
2024-02-29 02:00:00,SRV-0045,us-east-1,database,Linux,92.49,95.7,7.75,38.65,14.84,83.78,4,334.94,3769.52,0,1
2024-02-29 02:30:00,SRV-0200,us-west-2,storage,RHEL,77.52,86.0,31.48,328.8,376.15,64.91,4,366.06,2411.67,0,0
2024-02-29 03:00:00,SRV-0024,ap-southeast-1,database,Windows Server,89.38,37.9,12.53,73.55,76.79,73.61,4,505.28,5707.14,0,0
2024-02-29 03:30:00,SRV-0251,ap-southeast-1,storage,CentOS,41.82,49.36,28.26,128.78,138.03,62.07,4,618.73,1709.95,0,0
2024-02-29 04:00:00,SRV-0119,eu-central-1,cache,RHEL,50.91,66.45,16.16,267.07,298.05,58.5,3,322.71,6168.57,0,0
2024-02-29 04:30:00,SRV-0078,us-east-1,cache,Linux,14.67,38.46,100.0,31.31,20.91,53.69,0,141.79,6773.03,0,0
2024-02-29 05:00:00,SRV-0242,us-west-2,compute,CentOS,85.1,95.11,32.63,230.23,244.51,86.5,4,358.39,1089.91,0,0
2024-02-29 05:30:00,SRV-0203,us-west-2,database,CentOS,21.64,21.77,76.17,136.01,60.15,46.69,1,158.27,5701.41,0,0
2024-02-29 06:00:00,SRV-0237,eu-central-1,web,RHEL,49.34,72.98,45.04,335.72,107.25,65.53,4,290.54,8422.22,0,0
2024-02-29 06:30:00,SRV-0294,us-west-2,storage,Linux,23.05,50.19,58.3,28.31,28.49,51.45,2,253.64,1689.94,0,0
2024-02-29 07:00:00,SRV-0087,sa-east-1,cache,CentOS,33.22,100.0,42.11,81.89,30.08,48.63,1,320.85,7965.58,0,0
2024-02-29 07:30:00,SRV-0210,ap-southeast-1,storage,Windows Server,28.25,42.1,15.37,268.32,319.22,60.6,1,188.65,5309.37,0,0
2024-02-29 08:00:00,SRV-0276,ap-southeast-1,web,Windows Server,32.84,43.41,7.25,2.91,2.64,54.43,4,274.66,5177.09,0,0
2024-02-29 08:30:00,SRV-0097,us-west-2,storage,RHEL,34.22,49.82,11.56,17.85,17.46,53.78,3,400.61,455.79,0,0
2024-02-29 09:00:00,SRV-0002,us-west-2,compute,Windows Server,34.03,64.38,0.51,699.5,364.6,49.34,2,405.71,6555.36,0,0
2024-02-29 09:30:00,SRV-0229,us-west-2,web,Ubuntu,61.67,51.54,18.56,49.36,44.74,70.56,3,356.75,4190.19,0,0
2024-02-29 10:00:00,SRV-0243,ap-southeast-1,web,Linux,22.9,71.02,17.58,556.63,188.64,51.75,1,220.02,6317.77,0,0
2024-02-29 10:30:00,SRV-0258,us-west-2,storage,CentOS,49.41,42.39,18.62,30.23,31.87,62.91,4,274.06,7088.62,0,0
2024-02-29 11:00:00,SRV-0042,sa-east-1,storage,CentOS,69.36,35.13,91.27,67.2,30.42,65.21,4,278.31,4588.93,0,0
2024-02-29 11:30:00,SRV-0213,sa-east-1,cache,RHEL,94.31,90.93,60.61,209.68,194.5,94.82,5,346.14,2310.26,0,1
2024-02-29 12:00:00,SRV-0296,ap-southeast-1,storage,RHEL,30.64,19.98,4.41,160.84,80.75,56.82,2,208.42,1241.03,0,0
2024-02-29 12:30:00,SRV-0003,us-east-1,web,CentOS,40.39,50.67,11.51,130.53,47.2,52.81,3,188.54,1406.85,0,0
2024-02-29 13:00:00,SRV-0016,us-east-1,storage,Windows Server,68.59,54.58,13.79,113.22,83.03,60.35,6,341.82,7594.48,0,0
2024-02-29 13:30:00,SRV-0279,us-east-1,cache,RHEL,48.88,48.63,11.18,278.15,125.82,62.46,2,300.41,1083.42,0,0
2024-02-29 14:00:00,SRV-0102,sa-east-1,database,Ubuntu,34.38,82.38,40.05,40.17,38.42,45.88,1,227.7,3370.54,0,0
2024-02-29 14:30:00,SRV-0077,eu-central-1,compute,RHEL,54.68,82.1,18.56,87.64,45.03,62.63,3,217.74,2928.91,0,0
2024-02-29 15:00:00,SRV-0202,us-east-1,web,Windows Server,22.95,53.97,21.22,25.34,15.41,46.95,3,124.81,7581.53,0,1
2024-02-29 15:30:00,SRV-0055,eu-central-1,cache,Linux,58.63,27.71,47.94,135.93,110.2,69.54,2,237.91,4185.12,0,0
2024-02-29 16:00:00,SRV-0209,ap-southeast-1,compute,Ubuntu,53.17,49.8,40.99,43.26,24.07,59.3,2,226.2,8728.87,0,0
2024-02-29 16:30:00,SRV-0081,sa-east-1,storage,RHEL,38.84,49.2,3.55,60.93,39.01,61.07,4,625.88,6456.86,0,0
2024-02-29 17:00:00,SRV-0244,us-east-1,storage,Linux,28.23,48.17,31.29,95.59,98.84,48.72,1,176.92,7454.24,0,0
2024-02-29 17:30:00,SRV-0235,sa-east-1,database,Linux,27.27,47.44,14.29,4.07,1.88,55.91,1,166.33,865.27,0,0
2024-02-29 18:00:00,SRV-0114,ap-southeast-1,storage,CentOS,55.7,48.24,8.73,14.47,5.41,72.58,4,222.46,2217.92,0,0
2024-02-29 18:30:00,SRV-0067,sa-east-1,compute,Windows Server,69.58,53.04,1.28,173.72,103.45,62.49,3,359.61,1187.37,0,0
2024-02-29 19:00:00,SRV-0297,us-west-2,cache,CentOS,32.25,48.56,16.7,84.05,57.31,54.36,3,252.37,4061.86,0,0
2024-02-29 19:30:00,SRV-0040,us-east-1,database,Windows Server,54.17,63.75,10.98,300.14,236.63,75.41,3,231.79,6292.48,0,0
2024-02-29 20:00:00,SRV-0221,sa-east-1,compute,Linux,3.26,66.49,7.24,177.96,113.03,41.64,1,311.41,1481.83,0,0
2024-02-29 20:30:00,SRV-0103,sa-east-1,cache,RHEL,33.31,43.61,29.66,1.22,1.23,53.63,1,311.11,1141.15,0,0
2024-02-29 21:00:00,SRV-0295,sa-east-1,compute,Windows Server,44.38,82.88,36.69,143.85,48.24,61.69,2,209.31,5384.36,0,0
2024-02-29 21:30:00,SRV-0053,ap-southeast-1,storage,Windows Server,26.81,42.36,7.02,14.76,10.16,50.93,1,196.94,2018.31,0,0
2024-02-29 22:00:00,SRV-0296,us-east-1,compute,Linux,26.27,30.88,1.27,227.76,146.68,41.97,2,190.13,4199.41,0,0
2024-02-29 22:30:00,SRV-0052,us-east-1,database,Ubuntu,31.64,66.85,47.22,715.29,631.47,58.32,2,187.78,448.74,0,0
2024-02-29 23:00:00,SRV-0037,us-west-2,compute,Linux,50.84,45.29,0.25,113.64,132.91,50.32,2,372.71,5962.49,0,0
2024-02-29 23:30:00,SRV-0067,us-west-2,web,Linux,41.25,65.78,69.16,172.22,130.78,54.42,2,185.33,4742.39,0,1
2024-03-01 00:00:00,SRV-0162,sa-east-1,storage,Windows Server,0.24,16.73,24.7,40.64,48.28,46.13,2,104.37,5671.78,1,0
2024-03-01 00:30:00,SRV-0206,us-east-1,compute,Linux,2.59,85.06,9.71,86.33,49.38,39.25,1,113.63,2413.28,0,0
2024-03-01 01:00:00,SRV-0052,us-east-1,cache,CentOS,32.86,72.1,7.07,290.79,95.32,49.68,1,211.84,2441.28,0,0
2024-03-01 01:30:00,SRV-0209,sa-east-1,storage,Linux,54.15,32.99,0.23,27.48,12.34,66.06,3,410.04,7020.12,0,0
2024-03-01 02:00:00,SRV-0002,eu-central-1,cache,RHEL,0.0,33.38,6.71,46.29,30.35,35.74,0,74.61,6294.89,0,0
2024-03-01 02:30:00,SRV-0129,us-east-1,database,Linux,35.01,90.1,3.7,88.44,51.71,47.89,1,165.88,5078.84,0,1
2024-03-01 03:00:00,SRV-0178,sa-east-1,web,Linux,34.48,46.73,23.68,186.85,72.38,55.16,2,249.61,5502.91,0,0
2024-03-01 03:30:00,SRV-0164,sa-east-1,compute,RHEL,72.77,44.98,4.55,70.71,48.75,68.19,3,287.4,824.73,0,0
2024-03-01 04:00:00,SRV-0022,eu-central-1,storage,Ubuntu,37.3,19.21,18.8,394.11,238.16,48.7,3,169.69,7500.2,0,0
2024-03-01 04:30:00,SRV-0227,us-west-2,compute,Ubuntu,52.66,53.69,22.3,14.88,6.11,64.25,4,263.61,6744.62,0,0
2024-03-01 05:00:00,SRV-0082,sa-east-1,compute,Ubuntu,47.83,55.9,8.85,69.5,39.37,61.45,3,218.28,5173.12,0,0
2024-03-01 05:30:00,SRV-0164,us-east-1,storage,CentOS,2.39,72.88,0.89,185.14,203.25,39.16,0,101.98,8046.97,0,0
2024-03-01 06:00:00,SRV-0003,us-west-2,web,RHEL,60.36,34.82,0.95,38.42,21.97,62.69,4,261.16,1478.1,0,0
2024-03-01 06:30:00,SRV-0172,us-west-2,web,CentOS,49.31,32.63,0.67,160.25,151.04,62.08,3,207.64,6015.43,0,1
2024-03-01 07:00:00,SRV-0118,us-west-2,database,CentOS,55.17,68.12,33.59,26.91,22.89,68.02,3,297.67,8435.76,0,0
2024-03-01 07:30:00,SRV-0144,sa-east-1,storage,CentOS,100.0,78.12,9.57,8.64,5.91,78.59,6,352.74,2716.37,0,0
2024-03-01 08:00:00,SRV-0252,us-east-1,storage,RHEL,3.32,31.72,39.78,19.35,9.97,44.6,2,399.2,134.95,0,0
2024-03-01 08:30:00,SRV-0266,eu-central-1,cache,Windows Server,79.49,79.47,14.13,398.86,252.12,74.62,4,330.24,6437.7,0,0
2024-03-01 09:00:00,SRV-0170,ap-southeast-1,cache,Windows Server,39.25,60.68,15.08,120.36,100.25,60.1,1,286.55,62.14,0,0
2024-03-01 09:30:00,SRV-0213,ap-southeast-1,cache,Ubuntu,50.75,79.65,17.98,238.7,146.96,60.5,2,368.5,7643.52,0,0
2024-03-01 10:00:00,SRV-0281,us-west-2,web,CentOS,44.09,58.74,31.21,60.67,29.93,53.07,2,215.0,494.14,0,0
2024-03-01 10:30:00,SRV-0227,ap-southeast-1,database,Ubuntu,36.52,14.6,7.99,134.72,54.54,52.29,2,297.67,5718.57,0,0
2024-03-01 11:00:00,SRV-0262,ap-southeast-1,database,CentOS,33.6,57.26,3.24,102.47,111.87,55.16,1,329.44,3304.76,0,0
2024-03-01 11:30:00,SRV-0255,sa-east-1,compute,Ubuntu,51.59,79.08,20.3,437.09,304.34,69.73,2,232.39,1782.06,0,0
2024-03-01 12:00:00,SRV-0008,eu-central-1,database,Linux,14.66,43.91,9.9,206.5,178.14,43.44,3,583.18,7868.85,0,0
2024-03-01 12:30:00,SRV-0041,ap-southeast-1,cache,RHEL,60.01,53.02,14.61,196.7,145.83,68.03,4,232.13,6537.37,0,0
2024-03-01 13:00:00,SRV-0257,eu-central-1,storage,CentOS,36.68,56.83,26.03,7.12,7.73,53.03,1,184.49,2982.92,0,0
2024-03-01 13:30:00,SRV-0131,ap-southeast-1,compute,CentOS,22.4,7.81,17.04,119.67,94.8,49.51,3,268.62,2489.9,0,0
2024-03-01 14:00:00,SRV-0052,us-west-2,web,CentOS,89.94,96.4,24.21,94.38,69.15,81.19,5,341.39,6447.73,0,0
2024-03-01 14:30:00,SRV-0102,us-west-2,database,RHEL,70.14,43.78,19.64,394.34,446.44,71.88,4,380.25,7328.52,0,1
2024-03-01 15:00:00,SRV-0219,eu-central-1,storage,Linux,34.29,69.1,33.66,44.63,42.29,47.51,1,346.35,6271.13,0,0
2024-03-01 15:30:00,SRV-0244,eu-central-1,cache,Windows Server,52.17,58.44,30.6,47.17,18.89,58.01,5,526.45,5606.67,0,0
2024-03-01 16:00:00,SRV-0275,eu-central-1,web,RHEL,30.38,82.64,19.1,79.49,36.56,58.43,2,205.44,1997.39,0,1
2024-03-01 16:30:00,SRV-0070,eu-central-1,web,Linux,60.16,67.31,28.4,41.83,42.18,64.77,3,584.9,7470.71,0,0
2024-03-01 17:00:00,SRV-0047,us-east-1,database,Ubuntu,58.71,55.77,51.7,20.75,21.83,57.74,3,279.17,6567.29,0,0
2024-03-01 17:30:00,SRV-0117,us-west-2,storage,CentOS,81.97,43.92,14.15,292.17,231.01,68.69,4,320.52,4531.81,0,0
2024-03-01 18:00:00,SRV-0078,ap-southeast-1,cache,CentOS,41.49,74.36,13.31,122.56,97.93,60.11,3,246.6,4482.0,0,0
2024-03-01 18:30:00,SRV-0005,us-east-1,cache,Windows Server,58.37,26.28,36.12,296.38,257.48,68.32,3,330.05,4986.39,0,0
2024-03-01 19:00:00,SRV-0254,eu-central-1,cache,Ubuntu,46.96,71.63,21.84,266.8,185.48,58.87,4,252.13,7255.87,0,0
2024-03-01 19:30:00,SRV-0107,ap-southeast-1,cache,Linux,70.92,40.22,1.84,49.7,45.34,80.74,3,346.45,6502.45,0,0
2024-03-01 20:00:00,SRV-0244,us-west-2,database,Ubuntu,30.62,82.54,55.67,119.02,47.33,56.37,1,195.73,7500.85,0,0
2024-03-01 20:30:00,SRV-0173,eu-central-1,database,Ubuntu,59.9,62.9,0.78,13.03,15.19,62.74,3,304.09,4444.29,0,0
2024-03-01 21:00:00,SRV-0036,sa-east-1,storage,Windows Server,41.11,71.59,34.5,370.21,361.01,52.36,2,478.22,5472.3,0,0
2024-03-01 21:30:00,SRV-0173,eu-central-1,compute,Linux,87.33,97.98,35.55,77.69,67.44,84.74,7,381.27,7486.19,0,0
2024-03-01 22:00:00,SRV-0180,ap-southeast-1,database,Windows Server,46.84,28.46,76.5,75.05,43.88,60.41,3,219.7,2035.89,0,0
2024-03-01 22:30:00,SRV-0267,us-west-2,cache,Linux,50.04,44.51,1.39,54.09,24.06,57.57,2,342.33,3890.18,0,0
2024-03-01 23:00:00,SRV-0255,eu-central-1,storage,RHEL,42.68,72.1,22.71,92.61,61.9,65.44,4,219.21,5437.29,0,0
2024-03-01 23:30:00,SRV-0073,us-west-2,cache,RHEL,49.29,63.0,13.96,43.5,38.95,67.05,4,367.28,8016.77,0,0
2024-03-02 00:00:00,SRV-0057,us-east-1,database,CentOS,76.56,81.26,10.04,70.47,61.33,73.79,6,285.54,139.71,0,0
2024-03-02 00:30:00,SRV-0066,sa-east-1,storage,Windows Server,64.71,67.26,2.37,241.38,155.54,59.99,5,284.5,1862.93,0,0
2024-03-02 01:00:00,SRV-0132,us-east-1,cache,RHEL,62.38,42.6,20.68,269.6,229.68,61.59,3,247.06,2054.55,0,0
2024-03-02 01:30:00,SRV-0260,sa-east-1,compute,Ubuntu,35.89,45.67,16.3,54.4,56.16,60.63,1,166.59,2861.8,0,0
2024-03-02 02:00:00,SRV-0124,us-east-1,web,Ubuntu,27.22,61.85,2.76,94.95,30.73,48.07,2,239.05,2469.17,0,0
2024-03-02 02:30:00,SRV-0092,us-west-2,web,RHEL,64.11,18.35,23.7,310.51,219.08,71.25,3,290.99,5170.03,0,0
2024-03-02 03:00:00,SRV-0274,us-west-2,cache,Windows Server,98.77,85.76,33.48,8.12,7.98,93.54,4,551.46,7758.15,0,0
2024-03-02 03:30:00,SRV-0141,us-east-1,web,CentOS,74.45,67.95,36.45,329.93,261.15,70.04,3,346.01,5580.29,0,0
2024-03-02 04:00:00,SRV-0232,ap-southeast-1,compute,Ubuntu,32.92,82.09,58.95,37.11,32.89,49.65,2,183.77,2116.53,0,0
2024-03-02 04:30:00,SRV-0070,us-east-1,compute,CentOS,40.41,31.55,13.17,170.23,130.23,55.69,2,298.84,7566.61,0,0
2024-03-02 05:00:00,SRV-0175,eu-central-1,cache,Ubuntu,12.21,82.4,76.48,131.04,156.29,45.83,2,184.45,5537.09,0,0
2024-03-02 05:30:00,SRV-0086,ap-southeast-1,compute,Linux,37.15,100.0,50.14,120.76,42.16,60.02,1,322.19,1918.89,0,1
2024-03-02 06:00:00,SRV-0253,us-west-2,web,RHEL,64.93,36.22,8.79,294.23,218.3,61.54,4,347.96,3168.84,0,0
2024-03-02 06:30:00,SRV-0030,us-east-1,cache,Windows Server,35.67,73.89,4.34,16.07,6.14,52.95,2,175.28,6920.3,0,0
2024-03-02 07:00:00,SRV-0155,ap-southeast-1,web,Ubuntu,57.81,60.02,14.29,63.93,28.37,63.35,2,334.39,6473.3,0,0
2024-03-02 07:30:00,SRV-0200,eu-central-1,compute,RHEL,41.19,32.2,12.85,115.91,74.73,59.79,2,223.25,5051.28,0,0
2024-03-02 08:00:00,SRV-0156,sa-east-1,compute,CentOS,51.48,68.87,21.43,250.13,110.05,56.05,2,266.65,1269.02,0,0
2024-03-02 08:30:00,SRV-0245,us-west-2,storage,Windows Server,22.05,75.0,21.89,36.59,42.71,42.24,7,370.69,7037.01,0,0
2024-03-02 09:00:00,SRV-0020,ap-southeast-1,database,Windows Server,46.7,49.18,34.66,243.63,280.69,62.05,2,234.74,2694.77,0,0
2024-03-02 09:30:00,SRV-0203,ap-southeast-1,database,RHEL,0.0,80.99,17.83,76.53,46.11,32.41,1,144.66,6759.43,0,0
2024-03-02 10:00:00,SRV-0152,ap-southeast-1,cache,RHEL,41.26,30.0,2.77,31.41,27.51,62.93,5,218.96,5673.03,0,0
2024-03-02 10:30:00,SRV-0077,us-east-1,web,RHEL,12.39,33.09,48.85,213.44,166.56,44.18,2,97.12,2314.87,0,0
2024-03-02 11:00:00,SRV-0172,us-west-2,database,Linux,69.12,62.46,9.27,14.29,14.78,59.91,5,317.79,1861.14,0,0
2024-03-02 11:30:00,SRV-0250,us-west-2,cache,Linux,60.55,60.46,88.77,108.47,93.79,61.82,4,322.54,1147.64,0,0
2024-03-02 12:00:00,SRV-0186,us-east-1,compute,Windows Server,54.33,47.1,3.14,9.9,2.97,63.63,3,265.34,2120.21,0,0
2024-03-02 12:30:00,SRV-0128,us-east-1,database,RHEL,75.42,74.57,79.4,66.11,65.24,67.5,3,325.8,1383.42,0,0
2024-03-02 13:00:00,SRV-0011,us-east-1,web,Linux,26.02,69.56,2.39,137.85,134.01,50.51,2,299.76,5405.75,0,0
2024-03-02 13:30:00,SRV-0242,eu-central-1,storage,Windows Server,79.95,75.45,6.57,121.83,92.44,75.68,4,292.86,5245.74,0,0
2024-03-02 14:00:00,SRV-0181,ap-southeast-1,storage,Ubuntu,63.64,57.78,1.19,77.79,86.55,64.45,6,275.97,5135.28,0,0
2024-03-02 14:30:00,SRV-0265,eu-central-1,database,RHEL,40.27,70.85,30.53,84.07,93.95,51.42,3,337.81,5623.31,0,0
2024-03-02 15:00:00,SRV-0195,us-west-2,storage,Linux,67.71,51.98,47.48,38.58,29.76,65.59,3,506.37,7137.7,0,0
2024-03-02 15:30:00,SRV-0246,us-east-1,cache,Windows Server,22.87,96.97,14.23,91.29,77.34,56.22,1,171.78,8002.81,0,1
2024-03-02 16:00:00,SRV-0100,ap-southeast-1,web,RHEL,28.51,45.37,65.96,459.46,549.91,59.83,2,355.17,2018.86,0,0
2024-03-02 16:30:00,SRV-0052,sa-east-1,compute,Windows Server,32.83,97.9,22.31,285.02,162.16,43.03,2,170.67,5149.32,0,0
2024-03-02 17:00:00,SRV-0075,ap-southeast-1,web,Ubuntu,34.42,60.63,24.86,23.54,13.94,59.22,2,178.29,687.15,0,0
2024-03-02 17:30:00,SRV-0133,sa-east-1,compute,Windows Server,23.87,35.24,46.68,4.53,2.11,50.8,2,308.81,1053.33,0,0
2024-03-02 18:00:00,SRV-0256,ap-southeast-1,storage,Windows Server,69.46,84.63,8.8,406.64,449.86,72.4,4,491.96,5732.36,0,0
2024-03-02 18:30:00,SRV-0209,us-east-1,cache,Ubuntu,39.82,62.27,10.93,112.22,108.86,53.18,1,194.68,4262.96,0,0
2024-03-02 19:00:00,SRV-0143,sa-east-1,compute,CentOS,52.05,75.32,59.1,115.78,45.74,51.98,3,212.27,6643.23,0,0
2024-03-02 19:30:00,SRV-0068,sa-east-1,storage,RHEL,33.59,82.03,57.81,227.61,269.4,56.36,1,160.25,3729.51,0,0
2024-03-02 20:00:00,SRV-0054,us-west-2,compute,Ubuntu,8.59,66.08,93.75,56.68,54.29,38.73,2,106.06,1118.63,0,0
2024-03-02 20:30:00,SRV-0267,ap-southeast-1,database,Ubuntu,50.4,49.34,58.03,98.64,105.1,53.22,2,344.52,7639.32,0,0
2024-03-02 21:00:00,SRV-0242,eu-central-1,web,RHEL,6.75,77.56,3.41,519.44,178.34,36.11,0,141.6,727.02,0,0
2024-03-02 21:30:00,SRV-0047,eu-central-1,cache,Windows Server,43.63,60.01,43.39,167.28,126.21,60.46,3,241.69,1656.14,0,0
2024-03-02 22:00:00,SRV-0115,us-west-2,storage,Linux,17.63,72.35,13.18,25.04,23.26,47.75,1,190.64,2427.04,0,0
2024-03-02 22:30:00,SRV-0196,us-west-2,cache,RHEL,84.75,21.23,100.0,21.45,16.91,77.81,5,525.17,8718.66,0,0
2024-03-02 23:00:00,SRV-0294,us-west-2,web,Ubuntu,63.23,68.05,15.98,34.27,30.85,68.64,5,249.16,3652.28,0,0
2024-03-02 23:30:00,SRV-0130,us-east-1,compute,Windows Server,47.12,48.51,20.18,218.32,226.2,56.74,2,310.0,4395.47,0,0
2024-03-03 00:00:00,SRV-0045,us-east-1,compute,CentOS,70.27,89.76,18.86,52.51,33.45,67.76,4,522.27,6742.77,0,0
2024-03-03 00:30:00,SRV-0155,us-east-1,cache,Windows Server,28.07,71.22,9.71,3.24,3.45,48.67,1,158.22,5575.36,0,0
2024-03-03 01:00:00,SRV-0082,us-east-1,compute,Linux,55.87,64.32,1.95,432.83,193.31,61.3,5,399.48,7371.0,0,0
2024-03-03 01:30:00,SRV-0267,us-west-2,compute,Windows Server,49.0,68.75,56.5,27.9,15.17,54.76,2,316.73,4261.67,0,0
2024-03-03 02:00:00,SRV-0157,us-west-2,compute,Linux,50.28,42.03,40.57,1.44,0.49,62.06,2,202.3,8516.3,0,0
2024-03-03 02:30:00,SRV-0025,us-east-1,database,CentOS,70.45,89.22,3.76,40.6,25.5,73.55,4,287.69,6980.28,0,0
2024-03-03 03:00:00,SRV-0182,us-east-1,storage,CentOS,59.65,95.84,37.49,40.19,25.8,59.78,3,322.05,3516.56,0,0
2024-03-03 03:30:00,SRV-0174,sa-east-1,storage,Windows Server,50.77,67.07,24.58,82.23,84.26,66.72,2,272.12,3340.56,0,0
2024-03-03 04:00:00,SRV-0297,ap-southeast-1,web,RHEL,11.9,88.63,13.15,379.59,337.01,45.33,3,160.77,8142.41,0,0
2024-03-03 04:30:00,SRV-0041,sa-east-1,compute,RHEL,25.8,49.76,7.33,317.02,219.71,51.53,2,153.78,5995.8,0,0
2024-03-03 05:00:00,SRV-0288,ap-southeast-1,cache,RHEL,42.55,45.65,49.1,91.57,81.21,48.52,2,290.03,5444.14,0,0
2024-03-03 05:30:00,SRV-0049,us-east-1,compute,CentOS,46.87,60.74,30.12,79.37,27.58,49.71,3,221.58,6638.84,0,0
2024-03-03 06:00:00,SRV-0262,us-east-1,web,Linux,85.9,95.51,19.84,121.46,56.14,92.59,4,357.02,4913.34,0,1
2024-03-03 06:30:00,SRV-0244,us-east-1,compute,Ubuntu,92.57,90.94,23.51,41.85,36.17,89.84,4,373.74,1395.14,0,1
2024-03-03 07:00:00,SRV-0057,sa-east-1,database,Windows Server,75.33,69.68,2.39,8.04,7.05,66.77,4,387.47,2797.01,0,0
2024-03-03 07:30:00,SRV-0006,us-west-2,web,Linux,57.04,65.52,16.06,420.08,418.71,71.17,2,230.59,4888.04,0,0
2024-03-03 08:00:00,SRV-0047,ap-southeast-1,storage,Ubuntu,46.44,42.03,5.38,31.0,20.54,62.25,3,212.33,160.13,0,0
2024-03-03 08:30:00,SRV-0063,sa-east-1,storage,CentOS,40.76,69.34,5.84,33.17,31.52,51.76,4,194.64,3831.75,0,0
2024-03-03 09:00:00,SRV-0067,us-east-1,database,Ubuntu,25.96,75.54,27.07,95.93,87.83,50.54,2,139.36,6621.08,0,0
2024-03-03 09:30:00,SRV-0183,us-west-2,storage,CentOS,46.55,63.09,60.55,101.48,118.43,71.0,3,212.92,1439.53,0,0
2024-03-03 10:00:00,SRV-0162,sa-east-1,database,CentOS,50.16,80.75,12.93,2.79,1.38,53.85,4,293.88,566.47,0,0
2024-03-03 10:30:00,SRV-0297,ap-southeast-1,storage,Linux,20.16,38.09,5.82,24.02,19.13,50.71,2,242.23,7323.78,0,0
2024-03-03 11:00:00,SRV-0105,us-east-1,storage,RHEL,51.68,68.42,26.16,71.26,59.97,59.06,3,313.02,5407.7,0,0
2024-03-03 11:30:00,SRV-0263,ap-southeast-1,compute,RHEL,93.37,90.27,51.23,172.67,207.0,86.27,5,394.59,1547.66,0,1
